_id,_importdate,case_t,district,case_f,build_name,location,landa,landa_z,sdate,scnt,trans_target,sbuild,tbuild,buitype,pbuild,mbuild,fdate,farea,build_r,build_l,build_b,build_p,rule,build_c,tprice,uprice,upnote,parktype,parea,pprice,elevator,mb_area,sb_area,pu_area,rmnote,longitude,latitude,metro_in500,metro_in1000,metro_in1500
1,"{'date': '2024-12-18 10:34:28.441907', 'timezone_type': 3, 'timezone': 'Asia/Taipei'}",租賃,士林區,房屋,,臺北市中山北路五段699巷12號,0.0,,1131105,土地:建物:車位:,,二層,2.0,透天厝,住家用,,,4.5,3.0,0.0,3.0,有,無,有,1,0.0,-,,0.0,0,,,,,,121.52659438643232,25.097694738546075,0,2,4
2,"{'date': '2024-12-18 10:34:28.454653', 'timezone_type': 3, 'timezone': 'Asia/Taipei'}",買賣,中正區,房地(土地+建物)+車位,,臺北市漢口街一段57號十四樓之5,2.39,,1130918,土地:1建物:1車位:1,,十四層,,大樓(11層含以上有電梯),見其他登記事項,,,37.88,2.0,1.0,1.0,有,有,,3745,125.51,否,坡道平面1,10.67,330,有,,,,,121.512277,25.04527490000001,3,6,12
3,"{'date': '2024-12-18 10:34:28.456672', 'timezone_type': 3, 'timezone': 'Asia/Taipei'}",租賃,大安區,房屋,,臺北市泰順街54巷6號二樓,0.0,,1131106,土地:建物:1車位:,,二層,5.0,公寓(無電梯),住家用,,,38.22,4.0,2.0,2.0,有,無,無,4,915.75,否,,0.0,0,,,,,,121.5307902,25.02255019999998,1,3,8
4,"{'date': '2024-12-18 10:34:28.458352', 'timezone_type': 3, 'timezone': 'Asia/Taipei'}",買賣,中山區,房地(土地+建物)+車位,,臺北市敬業三路162巷57號七樓,14.24,,1130913,土地:1建物:1車位:1,,七層,,華廈(10層含以下有電梯),住家用,,,47.1,3.0,2.0,2.0,有,有,,3528,74.9,是,坡道平面1,0.0,0,有,,,,建築物含有：陽台外推、其他增建。抽籤車位，一年一抽。,121.5588843,25.0783403,0,1,4
5,"{'date': '2024-12-18 10:34:28.460228', 'timezone_type': 3, 'timezone': 'Asia/Taipei'}",租賃,大安區,房屋,,臺北市信義路三段147巷17弄17號四樓之2,0.0,,1131101,土地:建物:1車位:,,四層,7.0,華廈(10層含以下有電梯),住家用,,,8.35,1.0,1.0,1.0,有,無,有,2,2383.23,否,,0.0,0,,,,,,121.5430799,25.03558549999998,4,10,16
6,"{'date': '2024-12-18 10:34:28.461704', 'timezone_type': 3, 'timezone': 'Asia/Taipei'}",租賃,萬華區,房屋,,臺北市德昌街147巷9號四樓,0.0,,1131106,土地:建物:1車位:,,四層,5.0,公寓(無電梯),住家用,,,28.0,3.0,2.0,1.0,有,無,無,2,535.71,否,,0.0,0,,,,,,121.4965236,25.0256546,0,0,1
7,"{'date': '2024-12-18 10:34:28.462952', 'timezone_type': 3, 'timezone': 'Asia/Taipei'}",買賣,大安區,土地,,臺北市通化段六小段0344-0000地號,0.97,,1131106,土地:1建物:0車位:,,,,,,,,0.0,,,,無,無,,142,146.39,-,,0.0,0,無,,,,,121.5542672,25.0301412,1,2,9
8,"{'date': '2024-12-18 10:34:28.464472', 'timezone_type': 3, 'timezone': 'Asia/Taipei'}",租賃,中山區,房屋,,臺北市吉林路393巷19號四樓,8.77,,1131104,土地:1建物:1車位:,,四層,4.0,公寓(無電梯),住家用,,,24.3,3.0,2.0,2.0,有,無,無,3,1358.02,否,,0.0,0,,,,,,121.5311883,25.0657432,0,2,9
9,"{'date': '2024-12-18 10:34:28.465759', 'timezone_type': 3, 'timezone': 'Asia/Taipei'}",買賣,中正區,房地(土地+建物),,臺北市中華路二段309巷16號三樓,4.46,,1131101,土地:1建物:1車位:,,三層,,公寓(5樓含以下無電梯),,,,10.62,1.0,1.0,1.0,有,無,,620,58.38,否,,0.0,0,無,,,,,121.5059833,25.02875990000002,0,1,6
10,"{'date': '2024-12-18 10:34:28.467190', 'timezone_type': 3, 'timezone': 'Asia/Taipei'}",買賣,士林區,房地(土地+建物),,臺北市承德路四段294號六樓,5.83,,1131027,土地:1建物:1車位:,,六層,,大樓(11層含以上有電梯),住家用,,,43.7,4.0,2.0,2.0,有,有,,3000,68.65,否,,0.0,0,有,,,,建築物含有：其他增建。,121.51908,25.08941599999998,0,2,3
11,"{'date': '2024-12-18 10:34:28.468680', 'timezone_type': 3, 'timezone': 'Asia/Taipei'}",預售屋,信義區,房地(土地+建物)+車位,緻信義,臺北市信義區基隆路二段64~72號,0.89,,1131107,土地:5建物:1車位:1,0棟C號,十四層,15.0,住宅大樓(11層含以上有電梯),住家用,鋼骨鋼筋混凝土造,,36.49,3.0,2.0,2.0,有,,,5228,165.66,否,其他1,6.38,240,,19.77,1.46,15.26,,121.5582574,25.03117220000001,0,2,8
12,"{'date': '2024-12-18 10:34:28.470193', 'timezone_type': 3, 'timezone': 'Asia/Taipei'}",買賣,信義區,房地(土地+建物)+車位,,臺北市信義路五段91巷12弄1號六樓之8,4.97,,1131119,土地:1建物:1車位:1,,"一層,地下一層,地下二層,地下三層",,華廈(10層含以下有電梯),住家用,,,33.61,1.0,1.0,1.0,有,有,,2850,130.18,否,坡道平面1,14.56,370,有,,,,,121.5715572,25.0337559,1,3,4
13,"{'date': '2024-12-18 10:34:28.471758', 'timezone_type': 3, 'timezone': 'Asia/Taipei'}",買賣,松山區,房地(土地+建物),,臺北市復興北路361巷18號七樓,6.66,,1131028,土地:1建物:1車位:,,七層,,華廈(10層含以下有電梯),住家用,,,39.06,3.0,2.0,2.0,有,有,,3550,90.89,否,,0.0,0,有,,,,,121.5458594,25.06031880000002,1,4,8
14,"{'date': '2024-12-18 10:34:28.473448', 'timezone_type': 3, 'timezone': 'Asia/Taipei'}",預售屋,中正區,房地(土地+建物),南陽龍踞,臺北市中正區黎明里里南陽街,2.1,,1130802,土地:8建物:1車位:,0棟C號,九層,12.0,住宅大樓(11層含以上有電梯),住家用,鋼筋混凝土造,,21.05,2.0,1.0,1.0,有,,,2993,142.19,否,,0.0,0,,12.07,1.0,7.98,關係人間交易：親友、員工、共有人或其他特殊關係間之交易。,121.5155891,25.04447419999999,3,7,14
15,"{'date': '2024-12-18 10:34:28.475052', 'timezone_type': 3, 'timezone': 'Asia/Taipei'}",買賣,士林區,土地,,臺北市溪洲段二小段0202-0001地號,776.42,,1130807,土地:1建物:0車位:,,,,,,,,0.0,,,,無,無,,20963,27.0,-,,0.0,0,無,,,,,121.5654177,25.03296939999999,2,3,6
16,"{'date': '2024-12-18 10:34:28.476612', 'timezone_type': 3, 'timezone': 'Asia/Taipei'}",買賣,松山區,房地(土地+建物),,臺北市八德路四段8號六樓,8.78,,1130818,土地:1建物:1車位:,,六層,,華廈(10層含以下有電梯),住家用,,,51.24,4.0,2.0,2.0,有,無,,4100,80.02,否,,0.0,0,有,,,,建築物含有：其他增建。,121.5581978,25.04794779999998,1,3,6
17,"{'date': '2024-12-18 10:34:28.478981', 'timezone_type': 3, 'timezone': 'Asia/Taipei'}",買賣,內湖區,房地(土地+建物)+車位,,臺北市南京東路六段451巷57號四樓,4.88,,1130929,土地:1建物:1車位:1,,四層,,大樓(11層含以上有電梯),商業用,,,30.52,,,,無,有,,2300,82.29,否,坡道機械1,5.0,200,有,,,,,121.5869348999999,25.0619605,0,0,1
18,"{'date': '2024-12-18 10:34:28.480423', 'timezone_type': 3, 'timezone': 'Asia/Taipei'}",買賣,萬華區,房地(土地+建物),,臺北市國興路1巷5號九樓之1,8.18,,1131024,土地:1建物:1車位:,,九層,,大樓(11層含以上有電梯),住家用,,,30.78,2.0,2.0,1.0,有,有,,1582,51.4,否,,0.0,0,有,,,,,121.5091845,25.0243156,0,0,6
19,"{'date': '2024-12-18 10:34:28.481851', 'timezone_type': 3, 'timezone': 'Asia/Taipei'}",預售屋,大安區,房地(土地+建物)+車位,師大浦玉,臺北市大安區浦城街15、19號,6.46,,1131101,土地:2建物:1車位:1,0棟3F-A2號,三層,8.0,華廈(10層含以下有電梯),住家用,鋼筋混凝土造,,39.06,2.0,2.0,2.0,有,,,4627,129.96,否,升降機械1,5.15,220,,18.29,2.13,18.64,毛胚屋。,121.527006,25.02443139999999,1,3,9
20,"{'date': '2024-12-18 10:34:28.483291', 'timezone_type': 3, 'timezone': 'Asia/Taipei'}",買賣,中正區,房地(土地+建物),,臺北市羅斯福路三段100之57號,0.3,,1131023,土地:4建物:1車位:,,一層,,大樓(11層含以上有電梯),商業用,,,1.96,1.0,0.0,0.0,有,無,,100,51.02,否,,0.0,0,有,,,,關係人間交易：親友、員工、共有人或其他特殊關係間之交易。,121.5272065,25.02122610000001,1,3,6
21,"{'date': '2024-12-18 10:34:28.484788', 'timezone_type': 3, 'timezone': 'Asia/Taipei'}",租賃,北投區,房屋,,臺北市明德路121號一樓,11.57,,1131107,土地:1建物:1車位:,,一層,4.0,店面(店鋪),住家用,,,35.55,,,,無,無,無,7,2025.32,否,,0.0,0,,,,,租金：含稅。租賃標的：租賃期間有約定不同租金-第一年72000元(含稅)，第二~四年75000(含稅)，第五~六年78000元(含稅)。。,121.519982,25.10995670000001,1,3,3
22,"{'date': '2024-12-18 10:34:28.486242', 'timezone_type': 3, 'timezone': 'Asia/Taipei'}",買賣,內湖區,房地(土地+建物)+車位,,臺北市內湖路一段91巷83號五樓,6.63,,1130927,土地:1建物:1車位:1,,五層,,華廈(10層含以下有電梯),見其他登記事項,,,27.44,2.0,1.0,2.0,有,無,,2395,86.48,否,其他1,2.0,195,有,,,,管委會尚未成立,121.5625443,25.08918329999999,0,2,2
23,"{'date': '2024-12-18 10:34:28.487656', 'timezone_type': 3, 'timezone': 'Asia/Taipei'}",預售屋,萬華區,房地(土地+建物)+車位,龍邦豐馥,臺北市萬華區西園路二段,5.26,,1131103,土地:34建物:1車位:1,1棟B3-10F號,十層,15.0,住宅大樓(11層含以上有電梯),見其他登記事項,見其他登記事項,,51.51,3.0,2.0,2.0,有,,,3760,90.09,否,坡道平面1,13.66,350,,21.86,3.22,26.43,,121.49519,25.02820049999998,0,1,1
24,"{'date': '2024-12-18 10:34:28.489166', 'timezone_type': 3, 'timezone': 'Asia/Taipei'}",租賃,北投區,房屋,,臺北市明德路335巷20號二樓,0.0,,1131107,土地:建物:1車位:,,二層,4.0,公寓(無電梯),住家用,,,31.08,3.0,2.0,2.0,有,無,有,3,1093.95,否,,0.0,0,,,,,其他：續租案件。,121.5191971,25.11679689999998,0,2,2
25,"{'date': '2024-12-18 10:34:28.490700', 'timezone_type': 3, 'timezone': 'Asia/Taipei'}",租賃,萬華區,房屋,,臺北市萬大路618巷35號,0.0,,1131107,土地:建物:1車位:,,一層,3.0,公寓(無電梯),,,,18.5,1.0,2.0,1.0,有,無,有,2,1081.08,否,,0.0,0,,,,,,121.4948477,25.01758899999999,0,0,2
26,"{'date': '2024-12-18 10:34:28.492023', 'timezone_type': 3, 'timezone': 'Asia/Taipei'}",預售屋,中正區,房地(土地+建物),南陽龍踞,臺北市中正區黎明里里南陽街,2.1,,1130812,土地:8建物:1車位:,0棟C號,十層,12.0,住宅大樓(11層含以上有電梯),住家用,鋼筋混凝土造,,21.05,2.0,1.0,1.0,有,,,3088,146.7,否,,0.0,0,,12.07,1.0,7.98,,121.5155891,25.04447419999999,3,7,14
27,"{'date': '2024-12-18 10:34:28.493341', 'timezone_type': 3, 'timezone': 'Asia/Taipei'}",買賣,信義區,房地(土地+建物),,臺北市虎林街232巷15之1號,2.63,,1131114,土地:1建物:1車位:,,二層,,公寓(5樓含以下無電梯),住家用,,,6.46,3.0,2.0,1.0,有,無,,305,47.21,否,,0.0,0,無,,,,關係人間交易：親友、員工、共有人或其他特殊關係間之交易。,121.57703,25.036488,0,2,5
28,"{'date': '2024-12-18 10:34:28.494863', 'timezone_type': 3, 'timezone': 'Asia/Taipei'}",買賣,士林區,房地(土地+建物),,臺北市中山北路七段82巷15號二樓,10.89,,1130812,土地:1建物:1車位:,,二層,,公寓(5樓含以下無電梯),住家用,,,34.66,3.0,2.0,2.0,有,無,,2450,70.69,否,,0.0,0,無,,,,建築物含有：其他增建。,121.5327655,25.12126450000001,0,0,0
29,"{'date': '2024-12-18 10:34:28.496343', 'timezone_type': 3, 'timezone': 'Asia/Taipei'}",預售屋,松山區,房地(土地+建物)+車位,鳴森苑,臺北市松山區延壽街,5.97,,1131102,土地:1建物:1車位:2,B棟B3-11F號,十一層,21.0,住宅大樓(11層含以上有電梯),住家用,鋼骨鋼筋混凝土造,,57.91,3.0,2.0,2.0,有,,,5800,135.5,否,坡道平面2,20.42,720,,22.59,2.27,33.05,雨遮面積  3.98平方公尺,121.5619399,25.05674260000001,0,1,3
30,"{'date': '2024-12-18 10:34:28.498385', 'timezone_type': 3, 'timezone': 'Asia/Taipei'}",買賣,信義區,房地(土地+建物),,臺北市紫雲街38號,16.22,,1130913,土地:1建物:1車位:,,一層,,華廈(10層含以下有電梯),見其他登記事項,,,23.9,,,,無,有,,2390,100.0,否,,0.0,0,有,,,,,121.5756334,25.0158221,0,1,1
31,"{'date': '2024-12-18 10:34:28.499725', 'timezone_type': 3, 'timezone': 'Asia/Taipei'}",預售屋,大安區,房地(土地+建物),吾雙,臺北市大安區信義路四段408號,2.83,,1130924,土地:19建物:1車位:,A棟A11-01F號,一層,31.0,店面(店鋪),見其他登記事項,見其他登記事項,,25.43,0.0,0.0,1.0,有,,,4680,184.03,否,,0.0,0,,20.28,0.0,5.15,雨遮計坪不計價,121.5570157,25.03288339999999,1,3,9
32,"{'date': '2024-12-18 10:34:28.501075', 'timezone_type': 3, 'timezone': 'Asia/Taipei'}",租賃,大安區,房屋,,臺北市四維路52巷17號三樓之1,0.0,,1131106,土地:建物:車位:,,三層,4.0,公寓(無電梯),,,,4.0,5.0,1.0,2.0,有,無,有,2,3875.0,否,,0.0,0,,,,,租金：含下列其他衍生費用：網路費。,121.5471809,25.03518539999997,2,9,14
33,"{'date': '2024-12-18 10:34:28.502673', 'timezone_type': 3, 'timezone': 'Asia/Taipei'}",租賃,大安區,房屋,,臺北市復興南路二段9號八樓,0.0,,1131104,土地:建物:車位:,,十一層,12.0,住宅大樓(11層含以上有電梯),商業用,,,10.0,4.0,3.0,4.0,有,有,有,3,2500.0,否,,0.0,0,,,,,,121.543805,25.032754,4,11,16
34,"{'date': '2024-12-18 10:34:28.504255', 'timezone_type': 3, 'timezone': 'Asia/Taipei'}",買賣,大安區,房地(土地+建物)+車位,,臺北市和平東路一段250號八樓,4.53,,1130124,土地:2建物:1車位:1,,八層,,大樓(11層含以上有電梯),住家用,,,51.27,1.0,0.0,2.0,有,有,,9685,188.9,是,塔式車位1,3.62,0,有,,,,,121.5330105,25.02598299999999,0,4,12
35,"{'date': '2024-12-18 10:34:28.505975', 'timezone_type': 3, 'timezone': 'Asia/Taipei'}",買賣,文山區,房地(土地+建物),,臺北市育英街79號五樓之1,4.8,,1131019,土地:1建物:1車位:,,五層,,華廈(10層含以下有電梯),見其他登記事項,,,20.41,1.0,1.0,1.0,有,無,,1810,88.68,否,,0.0,0,有,,,,建築物含有：夾層、其他增建。,121.5387607,24.99248999999999,1,1,6
36,"{'date': '2024-12-18 10:34:28.507626', 'timezone_type': 3, 'timezone': 'Asia/Taipei'}",租賃,信義區,房屋,,臺北市虎林街242巷63號,0.0,,1131107,土地:建物:1車位:,,一層,4.0,公寓(無電梯),住家用,,,18.7,2.0,1.0,1.0,有,無,有,3,1336.9,否,,0.0,0,,,,,,121.5763367,25.03537729999998,0,2,4
37,"{'date': '2024-12-18 10:34:28.509212', 'timezone_type': 3, 'timezone': 'Asia/Taipei'}",買賣,文山區,房地(土地+建物),,臺北市公館街12號七樓,6.57,,1130915,土地:1建物:1車位:,,七層,,華廈(10層含以下有電梯),住家用,,,26.11,3.0,1.0,1.0,有,無,,576,22.06,否,,0.0,0,有,,,,關係人間交易：親友、員工、共有人或其他特殊關係間之交易。建築物含有：陽臺外推。,121.5381139,25.00527270000001,1,2,3
38,"{'date': '2024-12-18 10:34:28.510655', 'timezone_type': 3, 'timezone': 'Asia/Taipei'}",租賃,中山區,房屋,,臺北市龍江路305巷16號,0.0,,1131104,土地:建物:1車位:,,一層,4.0,公寓(無電梯),住家用,,,21.55,,,,無,無,無,7,3155.45,否,,0.0,0,,,,,,121.5418445,25.06097710000002,1,2,10
39,"{'date': '2024-12-18 10:34:28.512627', 'timezone_type': 3, 'timezone': 'Asia/Taipei'}",買賣,北投區,房地(土地+建物)+車位,,臺北市致遠一路二段120號十四樓,8.22,,1091211,土地:2建物:1車位:1,,十四層,,大樓(11層含以上有電梯),見其他登記事項,,,56.8,3.0,2.0,2.0,有,無,,4450,90.89,否,坡道平面1,11.36,320,有,,,,預售屋、或土地及建物分件登記案件。登記名義人變更，111年8月29日簽立預售房地買賣契約，買賣總價款新台幣4700萬元整（含1平面車位新台幣320萬元整）,121.5125972,25.1136983,1,2,2
40,"{'date': '2024-12-18 10:34:28.514077', 'timezone_type': 3, 'timezone': 'Asia/Taipei'}",買賣,中正區,房地(土地+建物),,臺北市懷寧街78號五樓之2,1.49,,1131104,土地:2建物:1車位:,,五層,,華廈(10層含以下有電梯),商業用,,,15.45,0.0,1.0,0.0,有,有,,1230,79.61,否,,0.0,0,有,,,,,121.5139858,25.04312780000001,3,8,14
41,"{'date': '2024-12-18 10:34:28.515663', 'timezone_type': 3, 'timezone': 'Asia/Taipei'}",租賃,大安區,房屋,,臺北市忠孝東路四段181巷40弄4號三樓,0.0,,1131106,土地:建物:1車位:,,三層,6.0,華廈(10層含以下有電梯),住家用,,,40.84,3.0,2.0,2.0,有,有,無,6,1371.2,否,,0.0,0,,,,,租金：含下列其他衍生費用：管理費。,121.5505279,25.04381330000002,0,6,15
42,"{'date': '2024-12-18 10:34:28.517265', 'timezone_type': 3, 'timezone': 'Asia/Taipei'}",買賣,內湖區,房地(土地+建物),,臺北市民權東路六段296巷90號三樓,10.8,,1131104,土地:1建物:1車位:,,三層,,大樓(11層含以上有電梯),住家用,,,53.38,4.0,2.0,2.0,有,有,,3850,72.12,否,,0.0,0,有,,,,建築物含有：陽台外推、其他增建。,121.6103818,25.0688463,2,2,5
43,"{'date': '2024-12-18 10:34:28.519014', 'timezone_type': 3, 'timezone': 'Asia/Taipei'}",預售屋,信義區,房地(土地+建物)+車位,吉祥．如藝,臺北市信義區基隆路一段,1.54,,1131103,土地:10建物:1車位:1,A棟3號,十六層,23.0,住宅大樓(11層含以上有電梯),住家用,鋼骨鋼筋混凝土造,,29.86,2.0,2.0,1.0,有,,,3398,139.33,否,坡道平面1,8.45,415,,12.78,1.37,15.71,關係人間交易：親友、員工、共有人或其他特殊關係間之交易。,121.5647643,25.04187739999999,1,3,6
44,"{'date': '2024-12-18 10:34:28.520550', 'timezone_type': 3, 'timezone': 'Asia/Taipei'}",買賣,大同區,房地(土地+建物)+車位,,臺北市興城街70號六樓之7,7.21,,1131109,土地:1建物:1車位:1,,六層,,大樓(11層含以上有電梯),住家用,,,61.06,4.0,2.0,3.0,有,有,,5928,109.87,否,坡道平面1,9.47,260,有,,,,,121.5173871,25.05938509999999,3,8,13
45,"{'date': '2024-12-18 10:34:28.522063', 'timezone_type': 3, 'timezone': 'Asia/Taipei'}",預售屋,信義區,房地(土地+建物)+車位,璞松高,臺北市信義區忠孝東路五段236巷10弄10號2樓,3.97,,1131102,土地:11建物:1車位:1,0棟A2-11F號,十一層,18.0,住宅大樓(11層含以上有電梯),住家用,鋼筋混凝土造,,37.71,2.0,2.0,1.0,有,,,5260,179.5,否,坡道平面1,10.3,340,,16.57,1.41,19.73,,121.571395,25.04014400000002,1,3,7
46,"{'date': '2024-12-18 10:34:28.523504', 'timezone_type': 3, 'timezone': 'Asia/Taipei'}",買賣,中山區,房地(土地+建物)+車位,,臺北市建國北路一段150號五樓,1.87,,1130901,土地:1建物:1車位:1,,五層,,大樓(11層含以上有電梯),住家用,,,20.09,,,,無,有,,1700,108.7,否,升降機械1,5.83,150,有,,,,建築物含有：夾層、其他增建。,121.5363919,25.05145099999999,2,5,15
47,"{'date': '2024-12-18 10:34:28.525019', 'timezone_type': 3, 'timezone': 'Asia/Taipei'}",買賣,大同區,房地(土地+建物),,臺北市延平北路二段286號三樓,2.7,,1130922,土地:1建物:1車位:,,三層,,華廈(10層含以下有電梯),商業用,,,21.7,2.0,1.0,1.0,有,有,,1500,69.12,否,,0.0,0,有,,,,建築物含有：其他增建。,121.5109026,25.06252109999999,1,3,10
48,"{'date': '2024-12-18 10:34:28.526433', 'timezone_type': 3, 'timezone': 'Asia/Taipei'}",預售屋,松山區,房地(土地+建物),京釀,臺北市松山區南京東路五段２９１巷２９弄２３號,3.84,,1131031,土地:3建物:1車位:0,0棟A1-2F號,二層,8.0,華廈(10層含以下有電梯),住家用,鋼筋混凝土造,,19.41,2.0,1.0,1.0,有,,,2280,117.47,否,,0.0,0,,10.57,1.29,7.54,,121.5668765,25.05295749999998,0,1,3
49,"{'date': '2024-12-18 10:34:28.527947', 'timezone_type': 3, 'timezone': 'Asia/Taipei'}",租賃,大同區,房屋,,臺北市延平北路三段18巷25號二樓,0.0,,1131101,土地:建物:1車位:,,二層,4.0,公寓(無電梯),住家用,,,32.96,2.0,2.0,1.0,有,無,無,4,1061.89,否,,0.0,0,,,,,,121.510016,25.06400559999999,1,3,7
50,"{'date': '2024-12-18 10:34:28.529380', 'timezone_type': 3, 'timezone': 'Asia/Taipei'}",買賣,中山區,房地(土地+建物),,臺北市長春路40號七樓之5,1.41,,1131010,土地:1建物:1車位:,,七層,,大樓(11層含以上有電梯),商業用,,,17.72,,,,無,有,,450,25.4,否,,0.0,0,有,,,,關係人間交易：親友、員工、共有人或其他特殊關係間之交易。,121.5251775,25.05477819999999,2,9,14
51,"{'date': '2024-12-18 10:34:28.531059', 'timezone_type': 3, 'timezone': 'Asia/Taipei'}",買賣,中山區,房地(土地+建物)+車位,,臺北市樂群三路72號二樓,29.98,,1130907,土地:1建物:1車位:2,,二層,,大樓(11層含以上有電梯),見其他登記事項,,,151.35,4.0,2.0,5.0,有,有,,12200,80.61,是,坡道平面2,22.31,0,有,,,,建築物含有：其他增建。,121.5534654,25.08245909999999,1,2,2
52,"{'date': '2024-12-18 10:34:28.532899', 'timezone_type': 3, 'timezone': 'Asia/Taipei'}",租賃,中山區,房屋,,臺北市松江路194巷10號四樓之1,0.0,,1131106,土地:建物:1車位:,,四層,5.0,公寓(無電梯),住家用,,,17.14,1.0,0.0,1.0,有,無,有,3,1896.15,否,,0.0,0,,,,,,121.5318526999999,25.05710580000001,1,4,15
53,"{'date': '2024-12-18 10:34:28.534632', 'timezone_type': 3, 'timezone': 'Asia/Taipei'}",租賃,大同區,房屋,,臺北市延平北路二段227號,0.0,,1131107,土地:建物:車位:,,三層,4.0,透天厝,,,,6.81,7.0,2.0,9.0,有,無,有,2,0.0,-,,0.0,0,,,,,租金：含下列其他衍生費用：水費、網路費。,121.511515,25.06027299999999,1,4,10
54,"{'date': '2024-12-18 10:34:28.536201', 'timezone_type': 3, 'timezone': 'Asia/Taipei'}",租賃,南港區,房屋,,臺北市向陽路126號三樓,0.0,,1131101,土地:建物:1車位:,,三層,5.0,公寓(無電梯),住家用,,,18.97,1.0,0.0,1.0,有,無,無,2,1049.02,否,,0.0,0,,,,,,121.5954345,25.0548117,0,1,3
55,"{'date': '2024-12-18 10:34:28.537935', 'timezone_type': 3, 'timezone': 'Asia/Taipei'}",買賣,北投區,房地(土地+建物)+車位,,臺北市中和街511號五樓,6.78,,1130916,土地:1建物:1車位:1,,五層,,華廈(10層含以下有電梯),住家用,,,34.38,2.0,1.0,1.0,有,無,,1420,41.3,是,升降平面1,11.93,0,有,,,,建築物含有：其他增建、陽台外推。,121.494159,25.1452219,0,0,2
56,"{'date': '2024-12-18 10:34:28.539556', 'timezone_type': 3, 'timezone': 'Asia/Taipei'}",預售屋,中山區,房地(土地+建物),松江WOW,臺北市中山區松江路372巷4之2號共3筆,2.69,,1131102,土地:6建物:1車位:,0棟A1-8F號,八層,11.0,住宅大樓(11層含以上有電梯),住家用,鋼筋混凝土造,,14.3,1.0,1.0,1.0,有,,,1708,119.44,否,,0.0,0,,7.89,0.86,5.55,,121.5340893,25.0616715,1,2,11
57,"{'date': '2024-12-18 10:34:28.541332', 'timezone_type': 3, 'timezone': 'Asia/Taipei'}",租賃,北投區,房屋,,臺北市溫泉路71號七樓之18,0.0,,1131104,土地:建物:1車位:,,七層,7.0,華廈(10層含以下有電梯),住家用,,,8.97,1.0,0.0,1.0,有,無,有,2,2118.17,否,,0.0,0,,,,,租金：含下列其他衍生費用：水費、網路費、其他-垃圾處理費。其他：續租案件。,121.5049047,25.13557069999997,1,1,2
58,"{'date': '2024-12-18 10:34:28.542779', 'timezone_type': 3, 'timezone': 'Asia/Taipei'}",買賣,信義區,房地(土地+建物),,臺北市紫雲街26號六樓,8.68,,1131020,土地:1建物:1車位:,,六層,,華廈(10層含以下有電梯),住家用,,,39.45,3.0,2.0,2.0,有,無,,1888,47.86,否,,0.0,0,有,,,,,121.5743212,25.0180335,0,1,1
59,"{'date': '2024-12-18 10:34:28.544260', 'timezone_type': 3, 'timezone': 'Asia/Taipei'}",租賃,中山區,房屋,,臺北市中山北路一段53巷8號三樓之13,0.0,,1131106,土地:建物:1車位:,,三層,12.0,住宅大樓(11層含以上有電梯),住家用,,,14.79,1.0,1.0,1.0,有,有,有,3,2231.24,否,,0.0,0,,,,,租金：含下列其他衍生費用：管理費。,121.5221629,25.0490779,0,8,15
60,"{'date': '2024-12-18 10:34:28.545698', 'timezone_type': 3, 'timezone': 'Asia/Taipei'}",預售屋,萬華區,房地(土地+建物)+車位,興洋君冠,臺北市萬華區萬壽里漢口街二段64號,5.21,,1131103,土地:32建物:1車位:2,0棟B2-4F號,四層,22.0,住宅大樓(11層含以上有電梯),住商用,鋼骨鋼筋混凝土造,,91.93,3.0,1.0,1.0,有,,,5900,72.99,否,坡道平面2,18.63,550,,42.47,6.94,42.52,此戶為露臺戶，坪數為3.12坪。,121.505109,25.04598500000001,0,3,8
61,"{'date': '2024-12-18 10:34:28.547276', 'timezone_type': 3, 'timezone': 'Asia/Taipei'}",買賣,松山區,土地,,臺北市敦化段三小段0535-0000地號,6.44,,1131125,土地:1建物:0車位:,,,,,,,,0.0,,,,無,無,,2200,341.61,-,,0.0,0,無,,,,特殊交易情況、條件：具重建或重劃、都更等效益。,121.5654268,25.0329636,2,3,6
62,"{'date': '2024-12-18 10:34:28.548690', 'timezone_type': 3, 'timezone': 'Asia/Taipei'}",買賣,文山區,房地(土地+建物)+車位,,臺北市試院路152號三樓,8.02,,1131013,土地:2建物:1車位:1,,三層,,華廈(10層含以下有電梯),住家用,,,18.93,2.0,0.0,1.0,有,有,,750,39.62,是,塔式車位1,0.0,0,有,,,,建築物含有：其他增建、陽臺外推。,121.5469162,24.99016330000001,0,3,3
63,"{'date': '2024-12-18 10:34:28.550229', 'timezone_type': 3, 'timezone': 'Asia/Taipei'}",買賣,士林區,土地,,臺北市百齡段五小段0323-0000地號,1.21,,1131113,土地:1建物:0車位:,,,,,,,,0.0,,,,無,無,,104,85.95,-,,0.0,0,無,,,,關係人間交易：親友、員工、共有人或其他特殊關係間之交易。,121.5654268,25.0329636,2,3,6
64,"{'date': '2024-12-18 10:34:28.551823', 'timezone_type': 3, 'timezone': 'Asia/Taipei'}",租賃,大安區,房屋,,臺北市基隆路二段188號十二樓之11,0.0,,1131107,土地:建物:1車位:,,十二層,14.0,住宅大樓(11層含以上有電梯),住家用,,,10.53,1.0,1.0,1.0,有,有,無,2,2089.27,否,,0.0,0,,,,,,121.5529367,25.02492630000001,0,3,8
65,"{'date': '2024-12-18 10:34:28.553385', 'timezone_type': 3, 'timezone': 'Asia/Taipei'}",租賃,中山區,房屋,,臺北市錦西街8號五樓,0.0,,1131107,土地:建物:車位:,,五層,7.0,華廈(10層含以下有電梯),住家用,,,14.91,15.0,5.0,10.0,有,無,有,2,1341.38,否,,0.0,0,,,,,,121.5217006,25.0601543,3,8,13
66,"{'date': '2024-12-18 10:34:28.555097', 'timezone_type': 3, 'timezone': 'Asia/Taipei'}",預售屋,萬華區,房地(土地+建物)+車位,龍邦豐馥,臺北市萬華區西園路二段,4.18,,1131027,土地:34建物:1車位:1,1棟B6-11F號,十一層,15.0,住宅大樓(11層含以上有電梯),見其他登記事項,見其他登記事項,,43.56,2.0,2.0,2.0,有,,,2900,86.45,否,坡道平面1,13.66,315,,17.12,2.73,23.71,,121.49519,25.02820049999998,0,1,1
67,"{'date': '2024-12-18 10:34:28.556883', 'timezone_type': 3, 'timezone': 'Asia/Taipei'}",租賃,大安區,房屋,,臺北市信義路四段265巷17之1號四樓之8,1.79,,1131106,土地:1建物:1車位:,,四層,13.0,住宅大樓(11層含以上有電梯),見其他登記事項,,,9.53,,,,無,有,有,2,2518.36,否,,0.0,0,,,,,,121.5547004,25.03420699999999,1,3,13
68,"{'date': '2024-12-18 10:34:28.558127', 'timezone_type': 3, 'timezone': 'Asia/Taipei'}",租賃,士林區,房屋,,臺北市通河街325巷64號之1,0.0,,1131106,土地:建物:1車位:,,一層,5.0,公寓(無電梯),住家用,,,8.92,1.0,0.0,1.0,有,有,有,2,1793.72,否,,0.0,0,,,,,其他：續租案件。,121.5183967,25.08200119999999,0,1,3
69,"{'date': '2024-12-18 10:34:28.559498', 'timezone_type': 3, 'timezone': 'Asia/Taipei'}",租賃,中山區,房屋,,臺北市松江路150巷7號三樓,0.0,,1130910,土地:建物:車位:,,三層,4.0,公寓(無電梯),住家用,,,13.79,5.0,0.0,5.0,有,無,有,2,1232.78,否,,0.0,0,,,,,租金：含下列其他衍生費用：水費、網路費。租賃標的：租賃建物部分範圍，且未計入共有部分面積。,121.5322326,25.05413340000003,2,4,17
70,"{'date': '2024-12-18 10:34:28.560804', 'timezone_type': 3, 'timezone': 'Asia/Taipei'}",租賃,中山區,房屋,,臺北市合江街36巷34號一樓,0.0,,1131104,土地:建物:車位:,,一層,5.0,公寓(無電梯),住家用,,,4.24,5.0,1.0,4.0,有,無,有,1,2712.26,否,,0.0,0,,,,,其他：續租案件。,121.5380946,25.05538870000002,0,7,9
71,"{'date': '2024-12-18 10:34:28.562113', 'timezone_type': 3, 'timezone': 'Asia/Taipei'}",租賃,中山區,房屋,,臺北市松江路150巷7號三樓,0.0,,1131010,土地:建物:車位:,,三層,4.0,公寓(無電梯),住家用,,,13.79,5.0,0.0,5.0,有,無,有,2,1290.79,否,,0.0,0,,,,,租賃標的：租賃建物部分範圍，且未計入共有部分面積。,121.5322326,25.05413340000003,2,4,17
72,"{'date': '2024-12-18 10:34:28.563630', 'timezone_type': 3, 'timezone': 'Asia/Taipei'}",買賣,南港區,車位,,臺北市忠孝東路六段130之1號等共有部分,0.31,,1131120,土地:1建物:1車位:3,,"一層,地下一層",,,見其他登記事項,,,1.88,,,,無,有,,247,0.0,-,塔式車位3,0.0,0,有,,,,僅車位交易。,121.5853696,25.047891,1,3,4
73,"{'date': '2024-12-18 10:34:28.564962', 'timezone_type': 3, 'timezone': 'Asia/Taipei'}",買賣,大安區,車位,,臺北市大安路二段68號等共有部分,0.08,,1131112,土地:1建物:1車位:1,,"一層,地下一層,地下二層,地下三層",,,停車空間,,,7.43,,,,無,有,,320,0.0,-,坡道平面1,7.43,320,有,,,,僅車位交易。,121.545917,25.03216839999999,4,6,11
74,"{'date': '2024-12-18 10:34:28.566322', 'timezone_type': 3, 'timezone': 'Asia/Taipei'}",買賣,南港區,土地,,臺北市中南段四小段0297-0000地號,7.3,,1131030,土地:1建物:0車位:,,,,,,,,0.0,,,,無,無,,565,77.4,-,,0.0,0,無,,,,土地上有：未登記建物。,121.6071584,25.05633309999998,1,4,8
75,"{'date': '2024-12-18 10:34:28.567629', 'timezone_type': 3, 'timezone': 'Asia/Taipei'}",租賃,中山區,房屋,,臺北市遼寧街113號三樓,0.0,,1131105,土地:建物:1車位:,,三層,5.0,公寓(無電梯),住家用,,,9.93,1.0,1.0,1.0,有,無,有,1,1409.87,否,,0.0,0,,,,,,121.5417546,25.05127709999999,3,5,15
76,"{'date': '2024-12-18 10:34:28.569051', 'timezone_type': 3, 'timezone': 'Asia/Taipei'}",租賃,文山區,房屋,,臺北市萬安街22巷13弄34號,0.0,,1131101,土地:建物:1車位:,,一層,5.0,公寓(無電梯),見其他登記事項,,,36.21,3.0,2.0,1.0,有,無,有,3,814.69,否,,0.0,0,,,,,,121.570001,24.99954090000001,1,1,4
77,"{'date': '2024-12-18 10:34:28.570519', 'timezone_type': 3, 'timezone': 'Asia/Taipei'}",租賃,大安區,房屋,,臺北市師大路129號二樓之5,0.0,,1131101,土地:建物:車位:,,二層,7.0,華廈(10層含以下有電梯),見使用執照,,,6.0,2.0,0.0,1.0,有,有,無,2,3500.0,否,,0.0,0,,,,,租金：含下列其他衍生費用：管理費、水費、瓦斯費、網路費。,121.5281934,25.02167009999998,1,3,7
78,"{'date': '2024-12-18 10:34:28.572181', 'timezone_type': 3, 'timezone': 'Asia/Taipei'}",租賃,北投區,房屋,,臺北市中和街493巷4號三樓,0.0,,1131106,土地:建物:車位:,,三層,5.0,公寓(無電梯),住家用,,,6.54,4.0,0.0,4.0,有,無,有,1,840.98,否,,0.0,0,,,,,,121.4947888,25.14499139999999,0,0,2
79,"{'date': '2024-12-18 10:34:28.573594', 'timezone_type': 3, 'timezone': 'Asia/Taipei'}",買賣,信義區,房地(土地+建物)+車位,,臺北市忠孝東路五段236巷60號十五樓,46.94,,1130514,土地:1建物:1車位:3,,十五層,,大樓(11層含以上有電梯),住家用,,,227.46,,,,無,有,,44588,221.1,否,坡道平面3,38.01,2700,有,,,,,121.5714158,25.03718660000001,0,4,5
80,"{'date': '2024-12-18 10:34:28.574949', 'timezone_type': 3, 'timezone': 'Asia/Taipei'}",買賣,北投區,房地(土地+建物)+車位,,臺北市榮華二路25號十一樓,8.0,,1130618,土地:1建物:1車位:1,,十一層,,大樓(11層含以上有電梯),見其他登記事項,,,51.9,3.0,2.0,2.0,有,有,,5050,116.45,否,坡道平面1,11.28,320,有,,,,,121.5231863,25.11341809999999,0,1,3
81,"{'date': '2024-12-18 10:34:28.576457', 'timezone_type': 3, 'timezone': 'Asia/Taipei'}",租賃,松山區,房屋,,臺北市民生東路五段151號五樓之9,0.0,,1131103,土地:建物:1車位:,,五層,15.0,住宅大樓(11層含以上有電梯),商業用,,,23.4,2.0,2.0,1.0,有,有,有,3,1282.05,否,,0.0,0,,,,,,121.5621851,25.059107,0,1,3
82,"{'date': '2024-12-18 10:34:28.579514', 'timezone_type': 3, 'timezone': 'Asia/Taipei'}",買賣,中山區,房地(土地+建物),,臺北市中山北路二段137巷34號十樓之1,2.53,,1131129,土地:1建物:1車位:,,十層,,華廈(10層含以下有電梯),住家用,,,12.51,1.0,1.0,1.0,有,有,,720,57.55,否,,0.0,0,有,,,,建築物含有：陽台外推。,120.2989234,22.63770779999999,0,0,0
83,"{'date': '2024-12-18 10:34:28.580859', 'timezone_type': 3, 'timezone': 'Asia/Taipei'}",租賃,大安區,房屋,,臺北市瑞安街208巷47弄3號,0.0,,1131101,土地:建物:1車位:,,一層,4.0,公寓(無電梯),住家用,,,26.02,,,,無,無,無,6,2113.76,否,,0.0,0,,,,,,121.5407896,25.030091,4,6,15
84,"{'date': '2024-12-18 10:34:28.582337', 'timezone_type': 3, 'timezone': 'Asia/Taipei'}",租賃,士林區,房屋,,臺北市承德路四段3巷30號四樓,0.0,,1130910,土地:建物:車位:,,四層,5.0,公寓(無電梯),,,,5.14,7.0,0.0,7.0,有,無,有,1,2003.89,否,,0.0,0,,,,,租金：含下列其他衍生費用：水費、瓦斯費、網路費、其他-有線電視。,121.5224104,25.07851529999997,0,2,2
85,"{'date': '2024-12-18 10:34:28.583834', 'timezone_type': 3, 'timezone': 'Asia/Taipei'}",預售屋,北投區,房地(土地+建物)+車位,遠雄泱玥,臺北市北投區福真路,13.2,,1131009,土地:1建物:1車位:2,A05棟F23號,二十三層,24.0,住宅大樓(11層含以上有電梯),住家用,鋼骨鋼筋混凝土造,,89.74,4.0,2.0,3.0,有,,,11322,143.88,否,坡道平面2,15.74,675,,42.67,5.43,41.64,,121.5053002,25.09818089999997,0,0,0
86,"{'date': '2024-12-18 10:34:28.585338', 'timezone_type': 3, 'timezone': 'Asia/Taipei'}",租賃,信義區,房屋,,臺北市松德路25巷31之1號,0.0,,1131105,土地:建物:1車位:,,一層,7.0,華廈(10層含以下有電梯),住家用,,,23.68,4.0,2.0,2.0,有,有,有,4,1482.26,否,,0.0,0,,,,,其他：為台北市社會住宅包租代管計畫之物件，評定市價租金為＄39000，因選擇代租方案須打九折，且簽約租約無條件捨至百分位，實際租賃金額為＄35100。。,121.5776714,25.03805140000001,1,2,5
87,"{'date': '2024-12-18 10:34:28.586747', 'timezone_type': 3, 'timezone': 'Asia/Taipei'}",租賃,松山區,房屋,,臺北市八德路四段581號十二樓,0.0,,1131107,土地:建物:1車位:,,十二層,12.0,住宅大樓(11層含以上有電梯),見其他登記事項,,,28.04,2.0,2.0,1.0,有,有,無,7,2496.43,否,,0.0,0,,,,,租金：含下列其他衍生費用：網路費。,121.5738538,25.05011099999999,1,1,4
88,"{'date': '2024-12-18 10:34:28.588314', 'timezone_type': 3, 'timezone': 'Asia/Taipei'}",租賃,北投區,房屋,,臺北市大興街64號三樓,0.0,,1131102,土地:建物:1車位:,,三層,5.0,公寓(無電梯),住家用,,,19.06,2.0,1.0,1.0,有,無,無,2,1206.72,否,,0.0,0,,,,,,121.5007007,25.13048769999999,1,2,2
89,"{'date': '2024-12-18 10:34:28.589753', 'timezone_type': 3, 'timezone': 'Asia/Taipei'}",租賃,文山區,房屋,,臺北市萬美街二段51號二樓,0.0,,1131107,土地:建物:1車位:,,二層,12.0,住宅大樓(11層含以上有電梯),住家用,,,39.46,3.0,2.0,2.0,有,有,有,2,506.84,否,,0.0,0,,,,,其他：續租案件。,121.5641712,25.0053089,0,3,3
90,"{'date': '2024-12-18 10:34:28.591291', 'timezone_type': 3, 'timezone': 'Asia/Taipei'}",預售屋,內湖區,房地(土地+建物)+車位,力麒·寰山,臺北市內湖區麗山里環山路二段23號旁,5.36,,1131019,土地:6建物:1車位:1,0棟A3-7F號,七層,17.0,住宅大樓(11層含以上有電梯),住家用,鋼筋混凝土造,,50.81,3.0,2.0,2.0,有,,,4652,110.04,否,坡道平面1,11.17,290,,24.0,1.59,25.21,,121.5715037999999,25.08608229999997,0,2,2
91,"{'date': '2024-12-18 10:34:28.592946', 'timezone_type': 3, 'timezone': 'Asia/Taipei'}",買賣,松山區,房地(土地+建物),,臺北市八德路三段12巷51弄27號三樓,9.38,,1131024,土地:5建物:1車位:,,三層,,公寓(5樓含以下無電梯),住家用,,,30.49,3.0,1.0,1.0,有,無,,1800,59.04,否,,0.0,0,無,,,,,121.5519851,25.04631599999998,0,5,12
92,"{'date': '2024-12-18 10:34:28.594504', 'timezone_type': 3, 'timezone': 'Asia/Taipei'}",租賃,中正區,房屋,,臺北市南昌路一段55號,0.0,,1131031,土地:建物:1車位:,,見其他登記事項,12.0,住宅大樓(11層含以上有電梯),商業用,,,89.18,8.0,2.0,2.0,有,有,無,23,2551.65,否,,0.0,0,,,,,"租金：含稅。租賃標的：租賃期間有約定不同租金-免租期間113年12月1日至113年12月31日
第一年至第三年227556元整
第四年至第七年238933元整
第八年至第十年250879元整。其他：外牆作為廣告使用。",121.51736,25.03129119999999,2,5,10
93,"{'date': '2024-12-18 10:34:28.596027', 'timezone_type': 3, 'timezone': 'Asia/Taipei'}",預售屋,萬華區,房地(土地+建物)+車位,龍邦豐馥,臺北市萬華區西園路二段,5.16,,1131105,土地:34建物:1車位:1,1棟A2-4F號,四層,15.0,住宅大樓(11層含以上有電梯),見其他登記事項,見其他登記事項,,50.49,3.0,2.0,2.0,有,,,3382,83.0,否,坡道平面1,13.66,325,,21.28,3.13,26.08,,121.49519,25.02820049999998,0,1,1
94,"{'date': '2024-12-18 10:34:28.597455', 'timezone_type': 3, 'timezone': 'Asia/Taipei'}",預售屋,萬華區,房地(土地+建物)+車位,龍邦豐馥,臺北市萬華區西園路二段,4.18,,1131029,土地:34建物:1車位:1,1棟B6-14F號,十四層,15.0,住宅大樓(11層含以上有電梯),見其他登記事項,見其他登記事項,,43.56,2.0,2.0,2.0,有,,,3035,90.97,否,坡道平面1,13.66,315,,17.12,2.73,23.71,,121.49519,25.02820049999998,0,1,1
95,"{'date': '2024-12-18 10:34:28.598895', 'timezone_type': 3, 'timezone': 'Asia/Taipei'}",買賣,士林區,房地(土地+建物)+車位,,臺北市中山北路七段114巷1號二樓之1,5.56,,1100408,土地:1建物:1車位:1,,"一層,二層,三層,四層,五層,六層,七層,八層,九層,屋頂突出物,地下一層,地下二層",,華廈(10層含以下有電梯),見其他登記事項,,,35.63,2.0,1.0,1.0,有,有,,2467,86.0,否,其他1,9.27,200,有,,,,預售屋、或土地及建物分件登記案件。,121.532141,25.12215889999999,0,0,0
96,"{'date': '2024-12-18 10:34:28.600474', 'timezone_type': 3, 'timezone': 'Asia/Taipei'}",預售屋,中正區,房地(土地+建物)+車位,南陽龍踞,臺北市中正區黎明里里南陽街,3.09,,1130802,土地:8建物:1車位:1,0棟A號,九層,12.0,住宅大樓(11層含以上有電梯),住家用,鋼筋混凝土造,,34.32,2.0,1.0,2.0,有,,,4651,141.14,否,塔式車位1,3.28,270,,17.11,2.16,15.05,關係人間交易：親友、員工、共有人或其他特殊關係間之交易。,121.5155891,25.04447419999999,3,7,14
97,"{'date': '2024-12-18 10:34:28.602016', 'timezone_type': 3, 'timezone': 'Asia/Taipei'}",預售屋,內湖區,房地(土地+建物)+車位,力麒·寰山,臺北市內湖區麗山里環山路二段23號旁,5.14,,1131020,土地:6建物:1車位:1,0棟A1-6F號,六層,17.0,住宅大樓(11層含以上有電梯),住家用,鋼筋混凝土造,,49.2,3.0,2.0,2.0,有,,,4483,109.99,否,坡道平面1,11.17,300,,22.61,1.94,24.64,,121.5715037999999,25.08608229999997,0,2,2
98,"{'date': '2024-12-18 10:34:28.604197', 'timezone_type': 3, 'timezone': 'Asia/Taipei'}",租賃,中山區,房屋,,臺北市中山北路二段46號五樓之2,0.0,,1131106,土地:建物:1車位:,,五層,12.0,辦公商業大樓,商業用,,,31.14,1.0,1.0,0.0,有,有,無,6,1901.09,否,,0.0,0,,,,,租金：含稅。,121.5224868,25.05562109999998,5,8,16
99,"{'date': '2024-12-18 10:34:28.606678', 'timezone_type': 3, 'timezone': 'Asia/Taipei'}",租賃,中山區,房屋,,臺北市林森北路259巷9號七樓之6,0.0,,1131101,土地:建物:1車位:,,七層,7.0,華廈(10層含以下有電梯),住家用,,,8.18,1.0,0.0,1.0,有,有,有,2,1833.74,否,,0.0,0,,,,,,121.5263751,25.0544021,0,9,14
100,"{'date': '2024-12-18 10:34:28.608694', 'timezone_type': 3, 'timezone': 'Asia/Taipei'}",預售屋,大安區,房地(土地+建物)+車位,吾雙,臺北市大安區信義路四段408號,5.46,,1131009,土地:19建物:1車位:1,A棟A3-30F號,三十層,31.0,住宅大樓(11層含以上有電梯),住家用,見其他登記事項,,69.8,3.0,2.0,2.0,有,,,13413,218.13,否,坡道平面1,10.83,550,,34.43,6.02,29.35,雨遮計坪不計價,121.5570157,25.03288339999999,1,3,9
101,"{'date': '2024-12-18 10:34:28.610300', 'timezone_type': 3, 'timezone': 'Asia/Taipei'}",租賃,北投區,房屋,,臺北市泉源路39之34號四樓,0.0,,1131101,土地:建物:1車位:,,四層,7.0,華廈(10層含以下有電梯),住家用,,,22.11,2.0,1.0,1.0,有,有,有,2,814.11,否,,0.0,0,,,,,,121.5083405,25.14128880000003,0,1,1
102,"{'date': '2024-12-18 10:34:28.611906', 'timezone_type': 3, 'timezone': 'Asia/Taipei'}",預售屋,萬華區,房地(土地+建物)+車位,龍邦豐馥,臺北市萬華區西園路二段,3.51,,1131023,土地:34建物:1車位:1,1棟B4-6F號,六層,15.0,住宅大樓(11層含以上有電梯),見其他登記事項,見其他登記事項,,38.59,2.0,2.0,2.0,有,,,2400,83.63,否,坡道平面1,13.66,315,,14.84,1.72,22.03,,121.49519,25.02820049999998,0,1,1
103,"{'date': '2024-12-18 10:34:28.613566', 'timezone_type': 3, 'timezone': 'Asia/Taipei'}",買賣,士林區,土地,,臺北市富安段二小段0246-0000地號,45.87,,1131112,土地:8建物:0車位:,,,,,,,,0.0,,,,無,無,,1124,24.5,-,,0.0,0,無,,,,,121.519491,25.07153800000001,1,3,5
104,"{'date': '2024-12-18 10:34:28.615263', 'timezone_type': 3, 'timezone': 'Asia/Taipei'}",買賣,萬華區,房地(土地+建物)+車位,,臺北市西園路一段80號八樓之6,4.42,,1130926,土地:1建物:1車位:1,,八層,,大樓(11層含以上有電梯),住家用,,,52.71,3.0,2.0,1.0,有,有,,709,13.45,是,坡道平面1,0.0,0,有,,,,關係人間交易：親友、員工、共有人或其他特殊關係間之交易。,121.4997291,25.03921949999998,1,3,4
105,"{'date': '2024-12-18 10:34:28.616901', 'timezone_type': 3, 'timezone': 'Asia/Taipei'}",預售屋,信義區,房地(土地+建物)+車位,吉祥．如藝,臺北市信義區基隆路一段,1.54,,1131103,土地:10建物:1車位:1,A棟2號,十六層,23.0,住宅大樓(11層含以上有電梯),住家用,鋼骨鋼筋混凝土造,,29.86,2.0,2.0,1.0,有,,,3398,139.33,否,坡道平面1,8.45,415,,12.78,1.37,15.71,關係人間交易：親友、員工、共有人或其他特殊關係間之交易。,121.5647643,25.04187739999999,1,3,6
106,"{'date': '2024-12-18 10:34:28.618383', 'timezone_type': 3, 'timezone': 'Asia/Taipei'}",租賃,信義區,房屋+車位,,臺北市信義路五段91巷12弄1號六樓之8,4.97,,1131106,土地:1建物:1車位:1,,六層,7.0,華廈(10層含以下有電梯),住家用,,,33.61,1.0,1.0,1.0,有,有,無,6,1785.18,是,坡道平面1,0.0,0,,,,,其他：車位面積無法分算。,121.5715572,25.0337559,1,3,4
107,"{'date': '2024-12-18 10:34:28.619851', 'timezone_type': 3, 'timezone': 'Asia/Taipei'}",預售屋,內湖區,房地(土地+建物)+車位,力麒·寰山,臺北市內湖區麗山里環山路二段23號旁,3.64,,1131019,土地:6建物:1車位:1,0棟A5-7F號,七層,17.0,住宅大樓(11層含以上有電梯),住家用,鋼筋混凝土造,,38.09,2.0,2.0,1.0,有,,,3197,109.1,否,坡道平面1,11.17,260,,14.82,2.56,20.71,,121.5715037999999,25.08608229999997,0,2,2
108,"{'date': '2024-12-18 10:34:28.621452', 'timezone_type': 3, 'timezone': 'Asia/Taipei'}",買賣,萬華區,土地,,臺北市莒光段三小段0150-0001地號,2.12,,1131009,土地:1建物:0車位:,,,,,,,,0.0,,,,無,無,,271,127.83,-,,0.0,0,無,,,,特殊交易標的類型：(包含)公共設施保留地(用地)。與政府有關之交易：協議價購。,121.5654268,25.0329636,2,3,6
109,"{'date': '2024-12-18 10:34:28.622935', 'timezone_type': 3, 'timezone': 'Asia/Taipei'}",租賃,南港區,房屋,,臺北市成福路168號二樓之4,0.0,,1131106,土地:建物:1車位:,,二層,6.0,華廈(10層含以下有電梯),住家用,,,20.58,1.0,0.0,1.0,有,有,有,2,777.45,否,,0.0,0,,,,,,121.5875729,25.04159600000001,0,1,4
110,"{'date': '2024-12-18 10:34:28.624427', 'timezone_type': 3, 'timezone': 'Asia/Taipei'}",租賃,大安區,房屋,,臺北市臥龍街151巷7號四樓,0.0,,1131102,土地:建物:車位:,,四層,4.0,公寓(無電梯),住家用,,,15.92,4.0,2.0,2.0,有,無,有,3,1940.95,否,,0.0,0,,,,,承租人：多人共同承租，共2人。租金：含下列其他衍生費用：水費。,121.551359,25.01867720000003,0,1,2
111,"{'date': '2024-12-18 10:34:28.625821', 'timezone_type': 3, 'timezone': 'Asia/Taipei'}",買賣,松山區,房地(土地+建物),,臺北市民生東路三段113巷6弄13號三樓,8.27,,1130713,土地:1建物:1車位:,,三層,,華廈(10層含以下有電梯),住家用,,,42.5,3.0,2.0,2.0,有,有,,3690,86.82,否,,0.0,0,有,,,,建築物含有：其他增建。,121.5454647,25.05866480000002,1,5,10
112,"{'date': '2024-12-18 10:34:28.627266', 'timezone_type': 3, 'timezone': 'Asia/Taipei'}",買賣,萬華區,房地(土地+建物),,臺北市西藏路115巷4弄5號三樓,13.46,,1131006,土地:1建物:1車位:,,三層,,公寓(5樓含以下無電梯),,,,32.62,4.0,2.0,2.0,有,無,,1920,58.86,否,,0.0,0,無,,,,,121.5027354,25.02897349999999,0,1,2
113,"{'date': '2024-12-18 10:34:28.628692', 'timezone_type': 3, 'timezone': 'Asia/Taipei'}",買賣,士林區,房地(土地+建物),,臺北市至誠路二段129號四樓,9.91,,1131101,土地:1建物:1車位:,,四層,,公寓(5樓含以下無電梯),住家用,,,22.12,2.0,2.0,1.0,有,無,,1388,62.75,否,,0.0,0,無,,,,建築物含有：其他增建。,121.5268343,25.1009694,1,2,3
114,"{'date': '2024-12-18 10:34:28.630110', 'timezone_type': 3, 'timezone': 'Asia/Taipei'}",租賃,中正區,房屋,,臺北市中華路二段299號六樓之13,0.0,,1131105,土地:0建物:1車位:,,六層,6.0,公寓(無電梯),住家用,,,9.89,1.0,0.0,1.0,有,無,有,1,1365.02,否,,0.0,0,,,,,其他：續租案件。,121.5045185,25.02966959999999,0,2,6
115,"{'date': '2024-12-18 10:34:28.631641', 'timezone_type': 3, 'timezone': 'Asia/Taipei'}",租賃,北投區,房屋,,臺北市裕民六路3號二樓,0.0,,1131105,土地:建物:1車位:,,二層,18.0,住宅大樓(11層含以上有電梯),見其他登記事項,,,40.77,3.0,2.0,2.0,有,有,有,8,1839.59,否,,0.0,0,,,,,租金：含下列其他衍生費用：管理費。,121.5167743,25.11336929999999,1,2,3
116,"{'date': '2024-12-18 10:34:28.633011', 'timezone_type': 3, 'timezone': 'Asia/Taipei'}",租賃,萬華區,房屋,,臺北市西藏路191號五樓之1,0.0,,1131107,土地:建物:1車位:,,五層,7.0,華廈(10層含以下有電梯),住家用,,,28.64,2.0,2.0,2.0,有,有,有,4,1222.07,否,,0.0,0,,,,,,121.500239,25.02923340000003,0,1,2
117,"{'date': '2024-12-18 10:34:28.634405', 'timezone_type': 3, 'timezone': 'Asia/Taipei'}",買賣,內湖區,車位,,臺北市新明路321巷10弄2號房屋地下層,3.31,,1131106,土地:1建物:1車位:1,,"一層,平台,地下層",,,見使用執照,,,12.23,,,,無,無,,194,0.0,-,坡道平面1,0.0,194,無,,,,關係人間交易：親友、員工、共有人或其他特殊關係間之交易。僅車位交易。,120.1910692,22.99658349999997,0,1,1
118,"{'date': '2024-12-18 10:34:28.635776', 'timezone_type': 3, 'timezone': 'Asia/Taipei'}",預售屋,信義區,房地(土地+建物)+車位,璞松高,臺北市信義區忠孝東路五段236巷10弄10號2樓,3.97,,1131102,土地:11建物:1車位:1,0棟A2-10F號,十層,18.0,住宅大樓(11層含以上有電梯),住家用,鋼筋混凝土造,,37.71,2.0,2.0,1.0,有,,,5233,178.51,否,坡道平面1,10.3,340,,16.57,1.41,19.73,,121.571395,25.04014400000002,1,3,7
119,"{'date': '2024-12-18 10:34:28.636936', 'timezone_type': 3, 'timezone': 'Asia/Taipei'}",租賃,內湖區,房屋,,臺北市成功路四段167巷10弄12號五樓,0.0,,1131106,土地:建物:1車位:,,五層,5.0,公寓(無電梯),住家用,,,34.49,4.0,2.0,2.0,有,無,有,4,1014.79,否,,0.0,0,,,,,,121.5952936,25.08338200000001,1,2,3
120,"{'date': '2024-12-18 10:34:28.638327', 'timezone_type': 3, 'timezone': 'Asia/Taipei'}",租賃,大安區,房屋,,臺北市瑞安街222巷40號四樓,0.0,,1131105,土地:建物:1車位:,,見其他登記事項,4.0,公寓(無電梯),住家用,,,27.18,2.0,1.0,1.0,有,無,有,2,901.4,否,,0.0,0,,,,,租賃標的：含增建或未登記建物。,121.5391965,25.0280983,1,6,10
121,"{'date': '2024-12-18 10:34:28.640032', 'timezone_type': 3, 'timezone': 'Asia/Taipei'}",買賣,士林區,土地,,臺北市溪洲段三小段0413-0000地號,64.94,,1131115,土地:12建物:0車位:,,,,,,,,0.0,,,,無,無,,1758,27.07,-,,0.0,0,無,,,,特殊交易標的類型：(包含)公共設施保留地(用地)。,120.5163949,23.8247844,0,0,0
122,"{'date': '2024-12-18 10:34:28.641535', 'timezone_type': 3, 'timezone': 'Asia/Taipei'}",租賃,中山區,房屋,,臺北市德惠街65號,0.0,,1131106,土地:建物:4車位:,,一層,10.0,店面(店鋪),商業用,,,56.6,0.0,2.0,2.0,有,有,無,12,2120.14,否,,0.0,0,,,,,租賃標的：含有多個門牌且未個別計算租金-台北市中山區德惠街６５、６７、６９、７１號、租賃期間有約定不同租金-114年1月1日至115年12月31日租金12萬元。116年1月1日至116年12月31日租金12萬6250元。117年1月1日至117年12月31日租金13萬1250元。118年1月1日至119年12月31日租金13萬7813元。120年1月1日至121年12月31日租金14萬4703元。122年1月1日至123年12月31日租金15萬1938元。以上皆不含營業稅。。其他：外牆作為廣告使用。,121.5282625,25.06671670000001,1,5,6
123,"{'date': '2024-12-18 10:34:28.642834', 'timezone_type': 3, 'timezone': 'Asia/Taipei'}",租賃,中山區,房屋,,臺北市德惠街52號七樓之21,0.0,,1131101,土地:建物:1車位:,,七層,11.0,住宅大樓(11層含以上有電梯),住家用,,,9.27,1.0,1.0,1.0,有,有,無,2,1833.87,否,,0.0,0,,,,,,121.5271013,25.06654149999999,1,5,8
124,"{'date': '2024-12-18 10:34:28.644214', 'timezone_type': 3, 'timezone': 'Asia/Taipei'}",租賃,大同區,房屋,,臺北市重慶北路三段166號,0.0,,1131101,土地:建物:車位:,,二層,2.0,透天厝,,,,7.41,6.0,2.0,5.0,有,無,有,1,0.0,-,,0.0,0,,,,,,121.51347,25.0684947,0,4,5
125,"{'date': '2024-12-18 10:34:28.645592', 'timezone_type': 3, 'timezone': 'Asia/Taipei'}",買賣,大安區,房地(土地+建物),,臺北市信義路二段44巷4弄3號四樓,10.21,,1130810,土地:5建物:1車位:,,"四層,陽臺",,公寓(5樓含以下無電梯),住家用,,,33.77,3.0,2.0,2.0,有,無,,3498,103.58,否,,0.0,0,無,,,,建築物含有：其他增建。,121.52535,25.03442500000001,2,7,13
126,"{'date': '2024-12-18 10:34:28.646963', 'timezone_type': 3, 'timezone': 'Asia/Taipei'}",買賣,大安區,房地(土地+建物)+車位,,臺北市和平東路一段250號七樓之1,5.38,,1130124,土地:2建物:1車位:2,,七層,,大樓(11層含以上有電梯),住家用,,,61.17,,,,無,有,,8913,145.71,是,塔式車位2,7.24,0,有,,,,,121.5330105,25.02598299999999,0,4,12
127,"{'date': '2024-12-18 10:34:28.648286', 'timezone_type': 3, 'timezone': 'Asia/Taipei'}",買賣,北投區,房地(土地+建物),,臺北市北投路一段53號四樓,8.77,,1131014,土地:1建物:1車位:,,四層,,公寓(5樓含以下無電梯),工業用,,,29.02,1.0,1.0,1.0,有,無,,800,27.57,否,,0.0,0,無,,,,關係人間交易：親友、員工、共有人或其他特殊關係間之交易。,121.500757,25.12513599999999,1,1,2
128,"{'date': '2024-12-18 10:34:28.649682', 'timezone_type': 3, 'timezone': 'Asia/Taipei'}",預售屋,大安區,房地(土地+建物)+車位,吾雙,臺北市大安區信義路四段408號,2.61,,1131106,土地:19建物:1車位:1,B棟B7-11F號,十一層,31.0,住宅大樓(11層含以上有電梯),見其他登記事項,見其他登記事項,,40.56,0.0,0.0,1.0,有,,,5730,174.23,否,坡道平面1,10.83,550,,16.11,2.83,21.63,雨遮計坪不計價,121.5570157,25.03288339999999,1,3,9
129,"{'date': '2024-12-18 10:34:28.651090', 'timezone_type': 3, 'timezone': 'Asia/Taipei'}",買賣,士林區,房地(土地+建物),,臺北市文林路765號十樓之5,5.18,,1131021,土地:1建物:1車位:,,十層,,大樓(11層含以上有電梯),住家用,,,44.29,4.0,2.0,2.0,有,有,,2745,61.98,否,,0.0,0,有,,,,建築物含有：陽台外推、其他增建。,121.5192061,25.1033596,1,2,4
130,"{'date': '2024-12-18 10:34:28.652440', 'timezone_type': 3, 'timezone': 'Asia/Taipei'}",預售屋,大安區,房地(土地+建物)+車位,吾雙,臺北市大安區信義路四段408號,6.6,,1131001,土地:19建物:1車位:2,A棟A5-21F號,二十一層,31.0,住宅大樓(11層含以上有電梯),住家用,見其他登記事項,,91.0,4.0,2.0,2.0,有,,,15008,199.11,否,坡道平面2,21.65,1200,,41.22,6.1,43.67,雨遮計坪不計價,121.5570157,25.03288339999999,1,3,9
131,"{'date': '2024-12-18 10:34:28.653820', 'timezone_type': 3, 'timezone': 'Asia/Taipei'}",租賃,大同區,房屋,,臺北市重慶北路三段137巷25號二樓,0.0,,1131104,土地:建物:車位:,,二層,5.0,公寓(無電梯),住家用,,,7.43,5.0,1.0,4.0,有,無,有,2,2153.43,否,,0.0,0,,,,,租金：含下列其他衍生費用：水費、網路費、其他-垃圾處理費。其他：續租案件。,121.5150233,25.0680449,0,4,6
132,"{'date': '2024-12-18 10:34:28.655189', 'timezone_type': 3, 'timezone': 'Asia/Taipei'}",買賣,大安區,房地(土地+建物)+車位,,臺北市和平東路一段250號三樓之1,5.37,,1130124,土地:2建物:1車位:1,,三層,,大樓(11層含以上有電梯),住家用,,,57.48,,,,無,有,,8114,141.16,是,塔式車位1,3.62,0,有,,,,,121.5330105,25.02598299999999,0,4,12
133,"{'date': '2024-12-18 10:34:28.656524', 'timezone_type': 3, 'timezone': 'Asia/Taipei'}",預售屋,大安區,房地(土地+建物)+車位,吾雙,臺北市大安區信義路四段408號,3.99,,1131001,土地:19建物:1車位:1,B棟B6-06F號,六層,31.0,住宅大樓(11層含以上有電梯),見其他登記事項,見其他登記事項,,55.0,0.0,0.0,1.0,有,,,8118,171.34,否,坡道平面1,10.83,550,,26.04,1.41,27.55,雨遮計坪不計價,121.5570157,25.03288339999999,1,3,9
134,"{'date': '2024-12-18 10:34:28.658056', 'timezone_type': 3, 'timezone': 'Asia/Taipei'}",買賣,大安區,房地(土地+建物)+車位,,臺北市和平東路一段250號二樓之1,5.37,,1130124,土地:2建物:1車位:1,,二層,,大樓(11層含以上有電梯),住家用,,,57.17,,,,無,有,,8068,141.12,是,塔式車位1,3.62,0,有,,,,,121.5330105,25.02598299999999,0,4,12
135,"{'date': '2024-12-18 10:34:28.659549', 'timezone_type': 3, 'timezone': 'Asia/Taipei'}",買賣,文山區,房地(土地+建物),,臺北市萬利街12號四樓,17.1,,1130707,土地:1建物:1車位:,,四層,,公寓(5樓含以下無電梯),住家用,,,35.98,3.0,2.0,2.0,有,無,,1600,44.47,否,,0.0,0,無,,,,關係人間交易：親友、員工、共有人或其他特殊關係間之交易。,121.5661501,25.0002252,1,2,4
136,"{'date': '2024-12-18 10:34:28.660902', 'timezone_type': 3, 'timezone': 'Asia/Taipei'}",租賃,北投區,房屋,,臺北市行義路10巷2號六樓之1,0.0,,1131101,土地:建物:1車位:,,六層,14.0,住宅大樓(11層含以上有電梯),住家用,,,32.52,3.0,2.0,2.0,有,有,有,3,1045.51,否,,0.0,0,,,,,其他：續租案件。,121.526481,25.124184,0,0,0
137,"{'date': '2024-12-18 10:34:28.662232', 'timezone_type': 3, 'timezone': 'Asia/Taipei'}",租賃,信義區,房屋,,臺北市光復南路473巷11弄26之2號,0.0,,1131106,土地:建物:1車位:,,三層,4.0,公寓(無電梯),住家用,,,26.93,3.0,2.0,1.0,有,無,無,3,1021.17,否,,0.0,0,,,,,其他：此為台北市社會住宅包租代管計畫之物件。。,121.5586914,25.0339423,1,3,7
138,"{'date': '2024-12-18 10:34:28.663572', 'timezone_type': 3, 'timezone': 'Asia/Taipei'}",買賣,士林區,房地(土地+建物),,臺北市中山北路六段290巷17號五樓,13.66,,1130907,土地:1建物:1車位:,,五層,,公寓(5樓含以下無電梯),住家用,,,47.38,3.0,2.0,2.0,有,無,,2500,52.76,否,,0.0,0,無,,,,關係人間交易：親友、員工、共有人或其他特殊關係間之交易。建築物含有：頂樓加蓋。,121.5262409,25.10979689999997,0,2,3
139,"{'date': '2024-12-18 10:34:28.665080', 'timezone_type': 3, 'timezone': 'Asia/Taipei'}",租賃,萬華區,房屋,,臺北市西藏路176號四樓,0.0,,1131102,土地:建物:車位:,,四層,5.0,公寓(無電梯),住家用,,,7.02,5.0,0.0,5.0,有,無,有,1,1894.59,否,,0.0,0,,,,,,121.5032925,25.0300369,0,2,4
140,"{'date': '2024-12-18 10:34:28.666499', 'timezone_type': 3, 'timezone': 'Asia/Taipei'}",買賣,北投區,房地(土地+建物),,臺北市致遠一路二段103號三樓,9.38,,1130527,土地:1建物:1車位:,,三層,,公寓(5樓含以下無電梯),住家用,,,33.62,3.0,2.0,2.0,有,無,,2410,71.68,否,,0.0,0,無,,,,,121.5128355,25.11293280000001,1,2,2
141,"{'date': '2024-12-18 10:34:28.667857', 'timezone_type': 3, 'timezone': 'Asia/Taipei'}",買賣,文山區,房地(土地+建物),,臺北市忠順街一段26巷26弄7號,8.51,,1130830,土地:1建物:1車位:,,"一層,平台",,公寓(5樓含以下無電梯),住家用,,,22.12,3.0,2.0,2.0,有,無,,1840,83.18,否,,0.0,0,無,,,,建築物含有：其他增建。,121.5589761999999,24.98279009999998,0,0,0
142,"{'date': '2024-12-18 10:34:28.669148', 'timezone_type': 3, 'timezone': 'Asia/Taipei'}",租賃,中山區,房屋,,臺北市民生西路45巷7弄19號三樓之1,0.0,,1131107,土地:建物:1車位:,,三層,6.0,華廈(10層含以下有電梯),住家用,,,41.83,3.0,2.0,2.0,有,無,有,3,788.91,否,,0.0,0,,,,,租賃標的：未租賃車位，建物登記含有車位面積。,121.5215076,25.05881219999999,5,8,15
143,"{'date': '2024-12-18 10:34:28.670467', 'timezone_type': 3, 'timezone': 'Asia/Taipei'}",預售屋,文山區,房地(土地+建物)+車位,元利四季莊園,臺北市文山區木柵路一段,5.91,,1131104,土地:2建物:1車位:1,G棟33F-G05號,三十三層,33.0,住宅大樓(11層含以上有電梯),住家用,見其他登記事項,,43.9,3.0,2.0,2.0,有,,,4663,120.41,否,坡道平面1,7.5,280,,22.45,1.29,20.16,,121.5498789,24.98742269999999,0,2,3
144,"{'date': '2024-12-18 10:34:28.671883', 'timezone_type': 3, 'timezone': 'Asia/Taipei'}",租賃,士林區,房屋,,臺北市忠義街44號,0.0,,1131105,土地:建物:1車位:,,一層,5.0,公寓(無電梯),商業用,,,12.39,,,,無,無,無,3,2744.15,否,,0.0,0,,,,,租金：含稅。,121.5305949,25.10555159999999,0,1,3
145,"{'date': '2024-12-18 10:34:28.673236', 'timezone_type': 3, 'timezone': 'Asia/Taipei'}",預售屋,大安區,房地(土地+建物)+車位,吾雙,臺北市大安區信義路四段408號,5.46,,1131004,土地:19建物:1車位:1,A棟A3-23F號,二十三層,31.0,住宅大樓(11層含以上有電梯),住家用,見其他登記事項,,69.8,3.0,2.0,2.0,有,,,12700,206.04,否,坡道平面1,10.83,550,,34.43,6.02,29.35,雨遮計坪不計價,121.5570157,25.03288339999999,1,3,9
146,"{'date': '2024-12-18 10:34:28.674646', 'timezone_type': 3, 'timezone': 'Asia/Taipei'}",買賣,信義區,房地(土地+建物)+車位,,臺北市松德路170之3號十樓,11.4,,1131110,土地:1建物:2車位:1,,十層,,大樓(11層含以上有電梯),住家用,,,58.0,3.0,0.0,2.0,有,有,,5480,109.99,否,坡道平面1,11.36,350,有,,,,建築物含有：陽台外推。,121.5740573,25.03638630000001,1,2,4
147,"{'date': '2024-12-18 10:34:28.676069', 'timezone_type': 3, 'timezone': 'Asia/Taipei'}",買賣,大安區,房地(土地+建物),,臺北市信義路四段30巷41弄10之1號,3.25,,1131110,土地:2建物:1車位:,,二層,,公寓(5樓含以下無電梯),,,,5.66,3.0,1.0,2.0,有,無,,460,81.27,否,,0.0,0,無,,,,關係人間交易：親友、員工、共有人或其他特殊關係間之交易。,121.5451861,25.03180619999999,4,6,11
148,"{'date': '2024-12-18 10:34:28.677467', 'timezone_type': 3, 'timezone': 'Asia/Taipei'}",租賃,中正區,房屋,,臺北市中華路二段309巷16號二樓,0.0,,1131107,土地:建物:1車位:,,二層,5.0,公寓(無電梯),,,,10.62,2.0,1.0,1.0,有,無,有,1,1001.88,否,,0.0,0,,,,,其他：續租案件。,121.5059833,25.02875990000002,0,1,6
149,"{'date': '2024-12-18 10:34:28.678942', 'timezone_type': 3, 'timezone': 'Asia/Taipei'}",租賃,大同區,房屋,,臺北市延平北路四段24號三樓,0.0,,1131101,土地:0建物:1車位:,,三層,4.0,公寓(無電梯),工業用,,,25.87,3.0,2.0,1.0,有,無,無,2,579.82,否,,0.0,0,,,,,,121.5107914,25.06924369999998,0,2,5
150,"{'date': '2024-12-18 10:34:28.680472', 'timezone_type': 3, 'timezone': 'Asia/Taipei'}",租賃,大同區,房屋,,臺北市歸綏街168號三樓之3,0.0,,1131101,土地:建物:1車位:,,三層,10.0,華廈(10層含以下有電梯),商業用,,,14.48,1.0,0.0,1.0,有,有,有,2,1035.91,否,,0.0,0,,,,,,121.512684,25.05808220000002,0,8,11
151,"{'date': '2024-12-18 10:34:28.681898', 'timezone_type': 3, 'timezone': 'Asia/Taipei'}",買賣,北投區,房地(土地+建物)+車位,,臺北市致遠一路二段118號十三樓,8.22,,1091108,土地:2建物:1車位:1,,十三層,,大樓(11層含以上有電梯),見其他登記事項,,,56.8,3.0,2.0,2.0,有,無,,4328,88.86,否,坡道平面1,11.36,290,有,,,,預售屋、或土地及建物分件登記案件。,121.5127174,25.11355320000002,1,2,2
152,"{'date': '2024-12-18 10:34:28.683431', 'timezone_type': 3, 'timezone': 'Asia/Taipei'}",租賃,萬華區,房屋,,臺北市中華路二段332號二樓之42,0.0,,1131107,土地:建物:1車位:,,二層,5.0,公寓(無電梯),,,,10.53,1.0,1.0,1.0,有,無,有,1,1282.05,否,,0.0,0,,,,,,121.5043428,25.02946919999999,0,2,6
153,"{'date': '2024-12-18 10:34:28.684893', 'timezone_type': 3, 'timezone': 'Asia/Taipei'}",租賃,萬華區,房屋,,臺北市青年路30巷5號二樓之1,0.0,,1131106,土地:建物:1車位:,,二層,12.0,住宅大樓(11層含以上有電梯),住家用,,,33.35,3.0,2.0,2.0,有,有,無,3,839.58,否,,0.0,0,,,,,,121.5049565,25.02651710000002,0,0,4
154,"{'date': '2024-12-18 10:34:28.686475', 'timezone_type': 3, 'timezone': 'Asia/Taipei'}",租賃,士林區,房屋,,臺北市德行西路88號七樓之1,5.45,,1131103,土地:1建物:1車位:,,七層,8.0,華廈(10層含以下有電梯),住家用,,,21.64,2.0,2.0,1.0,有,有,有,5,2148.8,否,,0.0,0,,,,,租金：含下列其他衍生費用：管理費。,121.5214676,25.1042653,2,2,4
155,"{'date': '2024-12-18 10:34:28.687769', 'timezone_type': 3, 'timezone': 'Asia/Taipei'}",租賃,中正區,房屋,,臺北市忠孝西路一段7號十樓之4,0.0,,1131101,土地:建物:1車位:,,十層,11.0,辦公商業大樓,商業用,,,11.78,1.0,0.0,1.0,有,有,有,1,1188.46,否,,0.0,0,,,,,,121.5193184,25.046382,3,9,13
156,"{'date': '2024-12-18 10:34:28.689086', 'timezone_type': 3, 'timezone': 'Asia/Taipei'}",買賣,萬華區,房地(土地+建物),,臺北市峨眉街100號五樓之1,1.81,,1130924,土地:1建物:1車位:,,五層,,大樓(11層含以上有電梯),見其他登記事項,,,18.3,1.0,1.0,1.0,有,有,,1840,100.55,否,,0.0,0,有,,,,建築物含有：陽台外推、夾層、其他增建。,121.5034272,25.0443174,0,3,8
157,"{'date': '2024-12-18 10:34:28.690533', 'timezone_type': 3, 'timezone': 'Asia/Taipei'}",租賃,信義區,房屋+車位,,臺北市松仁路36號十樓之1,0.0,,1131107,土地:建物:1車位:2,,十層,21.0,辦公商業大樓,見其他登記事項,,,296.55,,,,無,有,無,125,4200.0,是,坡道平面2,36.71,0,,,,,租金：含稅。租賃標的：含有多個門牌且未個別計算租金-門牌32及36號10樓之一。其他：車位免費。租賃面積依合約簽訂坪數換算。。,121.5681038,25.03877069999998,1,4,5
158,"{'date': '2024-12-18 10:34:28.691920', 'timezone_type': 3, 'timezone': 'Asia/Taipei'}",預售屋,文山區,房地(土地+建物)+車位,元利四季莊園,臺北市文山區木柵路一段,7.0,,1131103,土地:2建物:1車位:1,A棟06F-A09號,六層,34.0,住宅大樓(11層含以上有電梯),住家用,見其他登記事項,,50.64,3.0,2.0,2.0,有,,,4490,97.36,否,坡道平面1,7.5,290,,25.69,2.45,22.5,,121.5498789,24.98742269999999,0,2,3
159,"{'date': '2024-12-18 10:34:28.693239', 'timezone_type': 3, 'timezone': 'Asia/Taipei'}",買賣,萬華區,土地,,臺北市莒光段三小段0122-0005地號,0.07,,1130919,土地:2建物:0車位:,,,,,,,,0.0,,,,無,無,,8,114.29,-,,0.0,0,無,,,,特殊交易標的類型：(包含)公共設施保留地(用地)。與政府有關之交易：協議價購。,121.5654268,25.0329636,2,3,6
160,"{'date': '2024-12-18 10:34:28.694623', 'timezone_type': 3, 'timezone': 'Asia/Taipei'}",租賃,中山區,房屋,,臺北市中山北路二段115巷20號九樓之1,0.0,,1131105,土地:建物:1車位:,,九層,17.0,住宅大樓(11層含以上有電梯),住家用,,,40.7,3.0,2.0,2.0,有,有,無,6,1593.46,否,,0.0,0,,,,,,121.5243981,25.06077089999998,1,9,13
161,"{'date': '2024-12-18 10:34:28.695959', 'timezone_type': 3, 'timezone': 'Asia/Taipei'}",預售屋,北投區,房地(土地+建物)+車位,遠雄商舟,臺北市北投區洲美里福美路與福善路,23.46,,1131105,土地:1建物:1車位:5,A棟A1-13F號,十三層,18.0,辦公商業大樓,商業用,鋼筋混凝土造,,206.47,,,,無,,,13078,69.1,否,坡道平面5,36.01,1300,,92.81,6.11,107.54,,121.5066163,25.100495,0,0,0
162,"{'date': '2024-12-18 10:34:28.697499', 'timezone_type': 3, 'timezone': 'Asia/Taipei'}",預售屋,萬華區,房地(土地+建物)+車位,龍邦豐馥,臺北市萬華區西園路二段,4.18,,1131020,土地:34建物:1車位:1,1棟B6-3F號,三層,15.0,住宅大樓(11層含以上有電梯),見其他登記事項,見其他登記事項,,43.56,2.0,2.0,2.0,有,,,2683,79.7,否,坡道平面1,13.66,300,,17.12,2.73,23.71,,121.49519,25.02820049999998,0,1,1
163,"{'date': '2024-12-18 10:34:28.698914', 'timezone_type': 3, 'timezone': 'Asia/Taipei'}",買賣,信義區,房地(土地+建物),,臺北市信義路四段415號六樓之5,2.09,,1131015,土地:6建物:1車位:,,六層,,大樓(11層含以上有電梯),商業用,,,28.02,0.0,1.0,0.0,有,有,,2238,79.87,否,,0.0,0,有,,,,,121.5594265,25.03319870000002,1,3,5
164,"{'date': '2024-12-18 10:34:28.700416', 'timezone_type': 3, 'timezone': 'Asia/Taipei'}",買賣,大安區,房地(土地+建物)+車位,,臺北市信義路三段147巷5弄4號四樓,22.89,,1130915,土地:2建物:1車位:1,,"四層,陽臺",,華廈(10層含以下有電梯),住家用,,,85.24,5.0,3.0,3.0,有,無,,7600,89.16,是,坡道平面1,0.0,0,有,,,,,121.5420272,25.0341723,4,10,16
165,"{'date': '2024-12-18 10:34:28.701743', 'timezone_type': 3, 'timezone': 'Asia/Taipei'}",租賃,中山區,房屋,,臺北市中山北路二段65巷9號十一樓之4,0.0,,1131106,土地:建物:1車位:,,十一層,14.0,住宅大樓(11層含以上有電梯),商業用,,,27.52,2.0,2.0,1.0,有,有,有,4,1453.49,否,,0.0,0,,,,,租金：含下列其他衍生費用：管理費。租賃標的：未租賃車位，建物登記含有車位面積。,121.5238351,25.05732679999998,3,9,15
166,"{'date': '2024-12-18 10:34:28.703131', 'timezone_type': 3, 'timezone': 'Asia/Taipei'}",預售屋,萬華區,房地(土地+建物)+車位,龍邦豐馥,臺北市萬華區西園路二段,4.23,,1131029,土地:34建物:1車位:1,1棟B1-8F號,八層,15.0,住宅大樓(11層含以上有電梯),見其他登記事項,見其他登記事項,,43.84,2.0,2.0,2.0,有,,,2876,86.35,否,坡道平面1,13.66,270,,18.01,2.01,23.82,,121.49519,25.02820049999998,0,1,1
167,"{'date': '2024-12-18 10:34:28.704558', 'timezone_type': 3, 'timezone': 'Asia/Taipei'}",租賃,中正區,房屋,,臺北市衡陽路6號六樓之5,0.0,,1131107,土地:0建物:1車位:,,六層,8.0,華廈(10層含以下有電梯),商業用,,,8.96,1.0,0.0,1.0,有,有,無,2,1808.04,否,,0.0,0,,,,,其他：續租案件。,121.513777,25.04220799999997,3,7,12
168,"{'date': '2024-12-18 10:34:28.706061', 'timezone_type': 3, 'timezone': 'Asia/Taipei'}",預售屋,中正區,房地(土地+建物),南陽龍踞,臺北市中正區黎明里里南陽街,2.44,,1130910,土地:8建物:1車位:,0棟A號,六層,12.0,住宅大樓(11層含以上有電梯),住家用,鋼筋混凝土造,,24.54,2.0,1.0,1.0,有,,,3485,142.01,否,,0.0,0,,13.46,1.78,9.3,關係人間交易：親友、員工、共有人或其他特殊關係間之交易。,121.5155891,25.04447419999999,3,7,14
169,"{'date': '2024-12-18 10:34:28.707498', 'timezone_type': 3, 'timezone': 'Asia/Taipei'}",買賣,文山區,土地,,臺北市興泰段三小段0115-0002地號,83.76,,1131106,土地:4建物:0車位:,,,,,,,,0.0,,,,無,無,,993,11.86,-,,0.0,0,無,,,,特殊交易標的類型：(包含)公共設施保留地(用地)。與政府有關之交易：協議價購。113年度臺北市政府以容積代金基金採購私有公共設施保留地之交易,120.2475566,22.99077539999998,0,0,0
170,"{'date': '2024-12-18 10:34:28.709058', 'timezone_type': 3, 'timezone': 'Asia/Taipei'}",租賃,大同區,房屋,,臺北市市民大道一段203號十四樓之15,0.0,,1131105,土地:建物:1車位:,,十四層,18.0,住宅大樓(11層含以上有電梯),住家用,,,32.67,2.0,1.0,1.0,有,有,有,7,1989.59,否,,0.0,0,,,,,租金：含下列其他衍生費用：管理費。其他：續租案件。,121.5178253,25.04895640000002,4,9,12
171,"{'date': '2024-12-18 10:34:28.710724', 'timezone_type': 3, 'timezone': 'Asia/Taipei'}",買賣,內湖區,房地(土地+建物),,臺北市康寧路三段99巷25號四樓,7.37,,1131018,土地:1建物:1車位:,,四層,,公寓(5樓含以下無電梯),住家用,,,26.59,3.0,2.0,1.0,有,無,,1450,54.53,否,,0.0,0,無,,,,建築物含有：其他增建。,121.6101339,25.07230779999999,0,2,4
172,"{'date': '2024-12-18 10:34:28.711966', 'timezone_type': 3, 'timezone': 'Asia/Taipei'}",買賣,南港區,房地(土地+建物)+車位,,臺北市園區街8號七樓之5,7.28,,1130906,土地:1建物:1車位:3,,七層,,大樓(11層含以上有電梯),住家用,,,54.04,3.0,2.0,2.0,有,有,,4288,97.03,否,坡道機械3,15.0,500,有,,,,"B4層8號車位價格：1,600,000元整；B4層9號車位價格：1,800,000元整；B4層10號車位價格：1,600,000元整。",121.6138917,25.05915419999999,3,6,8
173,"{'date': '2024-12-18 10:34:28.713242', 'timezone_type': 3, 'timezone': 'Asia/Taipei'}",租賃,北投區,房屋,,臺北市中央北路三段148巷5弄11號,0.0,,1131105,土地:建物:1車位:,,一層,5.0,公寓(無電梯),商業用,,,27.3,3.0,1.0,1.0,有,無,無,2,659.34,否,,0.0,0,,,,,,121.482224,25.13738379999999,1,1,2
174,"{'date': '2024-12-18 10:34:28.714584', 'timezone_type': 3, 'timezone': 'Asia/Taipei'}",租賃,北投區,房屋,,臺北市中和街502巷13弄4號三樓,0.0,,1131105,土地:建物:1車位:,,三層,4.0,公寓(無電梯),住家用,,,27.98,3.0,1.0,1.0,有,無,無,2,822.02,否,,0.0,0,,,,,,121.4942326,25.1476072,0,0,2
175,"{'date': '2024-12-18 10:34:28.715973', 'timezone_type': 3, 'timezone': 'Asia/Taipei'}",買賣,信義區,房地(土地+建物),,臺北市信義路六段12巷38號四樓,3.43,,1131020,土地:1建物:1車位:,,四層,,公寓(5樓含以下無電梯),住家用,,,13.21,4.0,2.0,2.0,有,無,,904,68.43,否,,0.0,0,無,,,,關係人間交易：親友、員工、共有人或其他特殊關係間之交易。房屋持分權利範圍三分之一,121.5747997,25.03208240000003,1,2,4
176,"{'date': '2024-12-18 10:34:28.717301', 'timezone_type': 3, 'timezone': 'Asia/Taipei'}",租賃,文山區,房屋,,臺北市新光路一段32巷4弄11號三樓,5.64,,1131106,土地:1建物:1車位:,,三層,4.0,公寓(無電梯),住家用,,,18.17,2.0,1.0,1.0,有,無,有,2,1100.72,否,,0.0,0,,,,,,121.5731646,24.98989180000001,0,0,2
177,"{'date': '2024-12-18 10:34:28.718802', 'timezone_type': 3, 'timezone': 'Asia/Taipei'}",租賃,文山區,房屋,,臺北市景興路195號九樓之13,0.0,,1131104,土地:建物:1車位:,,九層,18.0,住宅大樓(11層含以上有電梯),商業用,,,16.14,1.0,1.0,1.0,有,有,有,2,1053.28,否,,0.0,0,,,,,,121.544161,24.99209629999999,1,1,4
178,"{'date': '2024-12-18 10:34:28.720182', 'timezone_type': 3, 'timezone': 'Asia/Taipei'}",買賣,中山區,房地(土地+建物),,臺北市南京西路6號六樓之4,3.06,,1131103,土地:2建物:1車位:,,六層,,大樓(11層含以上有電梯),商業用,,,23.03,3.0,2.0,3.0,有,有,,2078,90.23,否,,0.0,0,有,,,,,121.5222205,25.05253109999999,4,8,16
179,"{'date': '2024-12-18 10:34:28.721591', 'timezone_type': 3, 'timezone': 'Asia/Taipei'}",租賃,萬華區,房屋,,臺北市青年路168巷2弄50號五樓之2,0.0,,1131106,土地:建物:1車位:,,五層,5.0,公寓(無電梯),住家用,,,11.32,2.0,1.0,1.0,有,無,無,1,1148.41,否,,0.0,0,,,,,,121.501569,25.02016290000001,0,0,0
180,"{'date': '2024-12-18 10:34:28.723019', 'timezone_type': 3, 'timezone': 'Asia/Taipei'}",買賣,中山區,房地(土地+建物),,臺北市長春路17號四樓,8.08,,1131029,土地:6建物:1車位:,,四層,,大樓(11層含以上有電梯),,,,70.67,,,,無,有,,4380,61.98,否,,0.0,0,有,,,,,121.5238908,25.05514420000001,3,10,15
181,"{'date': '2024-12-18 10:34:28.724529', 'timezone_type': 3, 'timezone': 'Asia/Taipei'}",買賣,士林區,房地(土地+建物),,臺北市文昌路169巷10號,11.95,,1131025,土地:1建物:1車位:,,四層,,公寓(5樓含以下無電梯),住家用,,,29.13,3.0,1.0,1.0,有,無,,1800,61.79,否,,0.0,0,無,,,,,121.5196832,25.0980928,0,2,3
182,"{'date': '2024-12-18 10:34:28.726010', 'timezone_type': 3, 'timezone': 'Asia/Taipei'}",買賣,信義區,土地,,臺北市三興段三小段0543-0003地號,0.51,,1131104,土地:1建物:0車位:,,,,,,,,0.0,,,,無,無,,20,39.22,-,,0.0,0,無,,,,特殊交易標的類型：(包含)公共設施保留地(用地)。與政府有關之交易：協議價購。113年度臺北市政府以容積代金基金採購私有公共設施保留地之交易,121.5588319,25.02924379999997,0,2,6
183,"{'date': '2024-12-18 10:34:28.727443', 'timezone_type': 3, 'timezone': 'Asia/Taipei'}",買賣,內湖區,房地(土地+建物)+車位,,臺北市民權東路六段180巷70弄25號三樓,8.68,,1131110,土地:1建物:1車位:1,,三層,,華廈(10層含以下有電梯),住家用,,,58.23,3.0,2.0,2.0,有,有,,4380,91.27,否,坡道平面1,13.31,280,有,,,,,121.5914833,25.06683759999998,0,0,1
184,"{'date': '2024-12-18 10:34:28.728896', 'timezone_type': 3, 'timezone': 'Asia/Taipei'}",買賣,中山區,房地(土地+建物),,臺北市松江路8號十二樓之11,1.1,,1130730,土地:1建物:1車位:,,十二層,,大樓(11層含以上有電梯),住家用,,,12.25,,,,無,有,,1108,90.45,否,,0.0,0,有,,,,,121.5324249,25.047008,0,6,18
185,"{'date': '2024-12-18 10:34:28.730258', 'timezone_type': 3, 'timezone': 'Asia/Taipei'}",租賃,信義區,房屋,,臺北市中坡南路86號五樓,0.0,,1131106,土地:建物:1車位:,,五層,5.0,公寓(無電梯),住家用,,,41.12,4.0,2.0,2.0,有,無,有,4,899.81,否,,0.0,0,,,,,承租人：多人共同承租，共3人。,121.5851419,25.04127690000003,0,1,4
186,"{'date': '2024-12-18 10:34:28.731702', 'timezone_type': 3, 'timezone': 'Asia/Taipei'}",租賃,中山區,房屋,,臺北市松江路150巷7號四樓,0.0,,1131010,土地:建物:車位:,,四層,4.0,公寓(無電梯),住家用,,,13.79,5.0,0.0,5.0,有,無,有,2,1414.07,否,,0.0,0,,,,,租賃標的：租賃建物部分範圍，且未計入共有部分面積。,121.5332775,25.0542025,2,4,17
187,"{'date': '2024-12-18 10:34:28.733068', 'timezone_type': 3, 'timezone': 'Asia/Taipei'}",買賣,大安區,房地(土地+建物),,臺北市和平東路一段222號八樓,0.42,,1131128,土地:1建物:1車位:,,八層,,華廈(10層含以下有電梯),住家用,,,2.93,3.0,2.0,1.0,有,有,,260,88.74,否,,0.0,0,有,,,,關係人間交易：親友、員工、共有人或其他特殊關係間之交易。,121.5321867,25.02608850000001,0,6,12
188,"{'date': '2024-12-18 10:34:28.734577', 'timezone_type': 3, 'timezone': 'Asia/Taipei'}",買賣,內湖區,房地(土地+建物),,臺北市內湖路一段91巷83號二樓,6.62,,1130927,土地:1建物:1車位:,,二層,,華廈(10層含以下有電梯),見其他登記事項,,,25.43,2.0,1.0,2.0,有,無,,2070,81.4,否,,0.0,0,有,,,,管委會尚未成立,121.5625443,25.08918329999999,0,2,2
189,"{'date': '2024-12-18 10:34:28.735833', 'timezone_type': 3, 'timezone': 'Asia/Taipei'}",買賣,大同區,房地(土地+建物),,臺北市民生西路323號十樓之3,2.11,,1131025,土地:6建物:1車位:,,十層,,大樓(11層含以上有電梯),住家用,,,15.96,3.0,1.0,1.0,有,有,,1533,96.05,否,,0.0,0,有,,,,建築物含有：陽台外推、其他增建。,121.5122655,25.05713109999998,0,9,11
190,"{'date': '2024-12-18 10:34:28.737305', 'timezone_type': 3, 'timezone': 'Asia/Taipei'}",買賣,萬華區,房地(土地+建物),,臺北市萬大路423巷20弄29號二樓,5.07,,1130909,土地:2建物:1車位:,,二層,,公寓(5樓含以下無電梯),住家用,,,4.83,2.0,1.0,1.0,有,無,,280,57.97,否,,0.0,0,無,,,,關係人間交易：親友、員工、共有人或其他特殊關係間之交易。,121.4994064,25.02063680000001,0,0,0
191,"{'date': '2024-12-18 10:34:28.738799', 'timezone_type': 3, 'timezone': 'Asia/Taipei'}",租賃,中山區,房屋,,臺北市錦州街246號三樓,0.0,,1131105,土地:建物:1車位:,,三層,4.0,公寓(無電梯),住家用,,,25.85,3.0,2.0,2.0,有,無,有,3,1199.23,否,,0.0,0,,,,,,121.5340984,25.06023679999999,1,5,13
192,"{'date': '2024-12-18 10:34:28.740076', 'timezone_type': 3, 'timezone': 'Asia/Taipei'}",買賣,萬華區,房地(土地+建物),,臺北市西園路一段212巷21號,34.79,,1130218,土地:2建物:1車位:,,"一層,二層,騎樓",,透天厝,,,,51.13,3.0,2.0,1.0,有,無,,3375,0.0,-,,0.0,0,無,,,,關係人間交易：親友、員工、共有人或其他特殊關係間之交易。依土地法第34條之1處分,121.4982009,25.03581409999999,1,1,4
193,"{'date': '2024-12-18 10:34:28.741469', 'timezone_type': 3, 'timezone': 'Asia/Taipei'}",預售屋,內湖區,房地(土地+建物)+車位,力麒·寰山,臺北市內湖區麗山里環山路二段23號旁,5.36,,1131021,土地:6建物:1車位:1,0棟A3-6F號,六層,17.0,住宅大樓(11層含以上有電梯),住家用,鋼筋混凝土造,,50.81,3.0,2.0,2.0,有,,,4640,109.23,否,坡道平面1,11.17,310,,24.0,1.59,25.21,,121.5715037999999,25.08608229999997,0,2,2
194,"{'date': '2024-12-18 10:34:28.742818', 'timezone_type': 3, 'timezone': 'Asia/Taipei'}",買賣,萬華區,房地(土地+建物),,臺北市國興路21號七樓之3,5.58,,1130824,土地:1建物:1車位:,,七層,,大樓(11層含以上有電梯),住家用,,,25.91,3.0,2.0,1.0,有,有,,2050,79.12,否,,0.0,0,有,,,,建築物含有：陽台外推、其他增建。,121.5053045,25.02694609999999,0,0,4
195,"{'date': '2024-12-18 10:34:28.744323', 'timezone_type': 3, 'timezone': 'Asia/Taipei'}",買賣,內湖區,房地(土地+建物)+車位,,臺北市內湖路一段91巷83號四樓,6.63,,1130926,土地:1建物:1車位:1,,四層,,華廈(10層含以下有電梯),見其他登記事項,,,27.44,2.0,1.0,2.0,有,無,,2600,94.34,否,其他1,2.0,200,有,,,,管委會尚未成立,121.5625443,25.08918329999999,0,2,2
196,"{'date': '2024-12-18 10:34:28.745802', 'timezone_type': 3, 'timezone': 'Asia/Taipei'}",預售屋,大安區,房地(土地+建物)+車位,吾雙,臺北市大安區信義路四段408號,6.6,,1131004,土地:19建物:1車位:2,A棟A1-30F號,三十層,31.0,住宅大樓(11層含以上有電梯),住家用,見其他登記事項,,91.48,4.0,2.0,2.0,有,,,16388,216.07,否,坡道平面2,21.65,1300,,41.22,6.58,43.67,雨遮計坪不計價,121.5570157,25.03288339999999,1,3,9
197,"{'date': '2024-12-18 10:34:28.747177', 'timezone_type': 3, 'timezone': 'Asia/Taipei'}",租賃,大同區,房屋,,臺北市保安街43號六樓之2,0.0,,1131106,土地:建物:1車位:,,六層,11.0,住宅大樓(11層含以上有電梯),商業用,,,12.02,1.0,1.0,1.0,有,無,有,2,1663.89,否,,0.0,0,,,,,,121.5122566,25.0591505,1,8,11
198,"{'date': '2024-12-18 10:34:28.748613', 'timezone_type': 3, 'timezone': 'Asia/Taipei'}",買賣,中正區,車位,,臺北市羅斯福路三段210巷8弄6號地下室,0.0,,1131123,土地:0建物:1車位:1,,地下層,,,見其他登記事項,,,14.48,,,,無,有,,300,0.0,-,坡道平面1,0.0,300,有,,,,僅車位交易。,121.5290942,25.01822899999999,1,2,4
199,"{'date': '2024-12-18 10:34:28.750109', 'timezone_type': 3, 'timezone': 'Asia/Taipei'}",買賣,北投區,車位,,臺北市稻香路161巷1號等共用部份,0.05,,1131024,土地:1建物:1車位:3,,"地下一層,地下二層",,,見其他登記事項,,,6.21,,,,無,有,,450,0.0,-,坡道機械3,0.0,450,有,,,,關係人間交易：親友、員工、共有人或其他特殊關係間之交易。僅車位交易。,121.4884145,25.14200589999997,0,1,1
200,"{'date': '2024-12-18 10:34:28.751672', 'timezone_type': 3, 'timezone': 'Asia/Taipei'}",租賃,南港區,房屋,,臺北市合順街8巷3弄33號二樓,0.0,,1131101,土地:建物:1車位:,,二層,4.0,公寓(無電梯),住家用,,,23.29,2.0,1.0,1.0,有,無,有,2,729.93,否,,0.0,0,,,,,,121.6191867,25.04265699999999,0,1,2
201,"{'date': '2024-12-18 10:34:28.753243', 'timezone_type': 3, 'timezone': 'Asia/Taipei'}",租賃,士林區,房屋,,臺北市承德路四段332號五樓,0.0,,1131102,土地:建物:車位:,,五層,5.0,公寓(無電梯),住家用,,,5.94,5.0,0.0,4.0,有,無,有,1,2053.87,否,,0.0,0,,,,,,121.5176928,25.08990480000002,0,2,3
202,"{'date': '2024-12-18 10:34:28.754848', 'timezone_type': 3, 'timezone': 'Asia/Taipei'}",買賣,內湖區,房地(土地+建物),,臺北市成功路二段183號五樓,6.74,,1130724,土地:1建物:1車位:,,五層,,公寓(5樓含以下無電梯),住家用,,,24.73,3.0,1.0,1.0,有,無,,1435,58.03,否,,0.0,0,無,,,,建築物含有：陽台外推、頂樓加蓋。,121.590727,25.06644009999999,0,0,1
203,"{'date': '2024-12-18 10:34:28.756593', 'timezone_type': 3, 'timezone': 'Asia/Taipei'}",租賃,大同區,房屋,,臺北市昌吉街61巷9弄2號四樓之4,0.0,,1131104,土地:建物:1車位:,,四層,5.0,公寓(無電梯),住家用,,,9.13,1.0,2.0,1.0,有,無,有,1,1128.15,否,,0.0,0,,,,,其他：續租案件。,121.515059,25.06656160000001,1,4,8
204,"{'date': '2024-12-18 10:34:28.758098', 'timezone_type': 3, 'timezone': 'Asia/Taipei'}",預售屋,北投區,房地(土地+建物)+車位,遠雄商舟,臺北市北投區洲美里福美路與福善路,23.51,,1131105,土地:1建物:1車位:5,A棟A1-12F號,十二層,18.0,辦公商業大樓,商業用,鋼筋混凝土造,,206.86,,,,無,,,13055,69.15,否,坡道平面5,36.01,1240,,93.0,6.16,107.7,,121.5066163,25.100495,0,0,0
205,"{'date': '2024-12-18 10:34:28.759461', 'timezone_type': 3, 'timezone': 'Asia/Taipei'}",買賣,松山區,房地(土地+建物)+車位,,臺北市南京東路四段52巷21號九樓,7.52,,1131014,土地:1建物:1車位:1,,九層,,華廈(10層含以下有電梯),見其他登記事項,,,51.31,3.0,2.0,2.0,有,無,,4443,111.23,否,升降平面1,13.3,215,有,,,,,121.553753,25.0506676,2,4,12
206,"{'date': '2024-12-18 10:34:28.761005', 'timezone_type': 3, 'timezone': 'Asia/Taipei'}",租賃,中山區,房屋,,臺北市八德路二段251號七樓之1,0.0,,1131102,土地:建物:1車位:,,七層,7.0,華廈(10層含以下有電梯),商業用,,,41.16,3.0,2.0,2.0,有,有,無,5,1093.29,否,,0.0,0,,,,,,121.5413036,25.04701979999998,0,10,13
207,"{'date': '2024-12-18 10:34:28.762963', 'timezone_type': 3, 'timezone': 'Asia/Taipei'}",租賃,士林區,房屋,,臺北市承德路四段332號三樓,0.0,,1131106,土地:建物:車位:,,三層,5.0,公寓(無電梯),住家用,,,3.32,5.0,0.0,4.0,有,無,有,1,1566.27,否,,0.0,0,,,,,,121.5176928,25.08990480000002,0,2,3
208,"{'date': '2024-12-18 10:34:28.764406', 'timezone_type': 3, 'timezone': 'Asia/Taipei'}",買賣,松山區,房地(土地+建物)+車位,,臺北市南京東路四段52巷19號三樓,5.2,,1100413,土地:1建物:1車位:1,,三層,,華廈(10層含以下有電梯),見其他登記事項,,,30.6,2.0,1.0,1.0,有,無,,3210,115.38,否,升降機械1,4.34,180,有,,,,預售屋、或土地及建物分件登記案件。,121.5537362,25.05068760000002,2,4,12
209,"{'date': '2024-12-18 10:34:28.765816', 'timezone_type': 3, 'timezone': 'Asia/Taipei'}",租賃,文山區,房屋,,臺北市恆光街14巷18號三樓,0.0,,1131102,土地:建物:1車位:,,三層,4.0,公寓(無電梯),住家用,,,18.72,2.0,1.0,1.0,有,無,有,2,961.54,否,,0.0,0,,,,,,121.5662242,24.98267410000001,0,0,0
210,"{'date': '2024-12-18 10:34:28.767323', 'timezone_type': 3, 'timezone': 'Asia/Taipei'}",買賣,萬華區,房地(土地+建物),,臺北市西園路二段281巷6弄12號四樓,7.26,,1130730,土地:2建物:1車位:,,四層,,公寓(5樓含以下無電梯),工業用,,,26.31,5.0,0.0,5.0,有,無,,1360,51.69,否,,0.0,0,無,,,,建築物含有：頂樓加蓋、其他增建。,121.491646,25.02445699999999,0,0,1
211,"{'date': '2024-12-18 10:34:28.768548', 'timezone_type': 3, 'timezone': 'Asia/Taipei'}",租賃,大同區,房屋,,臺北市寧夏路11號十一樓之16,0.0,,1131103,土地:建物:1車位:,,十一層,14.0,住宅大樓(11層含以上有電梯),住家用,,,11.95,1.0,0.0,1.0,有,有,有,1,1171.55,否,,0.0,0,,,,,,121.5150107,25.05463669999999,2,10,12
212,"{'date': '2024-12-18 10:34:28.769854', 'timezone_type': 3, 'timezone': 'Asia/Taipei'}",買賣,大安區,房地(土地+建物),,臺北市和平東路一段50巷1弄8號六樓之1,2.23,,1131018,土地:2建物:1車位:,,六層,,華廈(10層含以下有電梯),住家用,,,10.57,1.0,2.0,1.0,有,有,,1538,145.51,否,,0.0,0,有,,,,建築物含有：陽台外推、其他增建。,121.5239345999999,25.02661900000002,2,7,8
213,"{'date': '2024-12-18 10:34:28.771266', 'timezone_type': 3, 'timezone': 'Asia/Taipei'}",租賃,大同區,房屋,,臺北市保安街78巷4號,0.0,,1131102,土地:建物:車位:,,二層,2.0,透天厝,,,,3.38,9.0,2.0,7.0,有,無,有,1,0.0,-,,0.0,0,,,,,,121.5119925,25.05877290000001,0,8,11
214,"{'date': '2024-12-18 10:34:28.772612', 'timezone_type': 3, 'timezone': 'Asia/Taipei'}",買賣,松山區,房地(土地+建物),,臺北市八德路三段158巷20弄54號,2.06,,1130924,土地:1建物:1車位:,,一層,,華廈(10層含以下有電梯),商業用,,,11.12,0.0,1.0,1.0,有,無,,1640,147.48,否,,0.0,0,有,,,,建築物含有：其他增建。,121.5540828,25.0473099,1,3,11
215,"{'date': '2024-12-18 10:34:28.774212', 'timezone_type': 3, 'timezone': 'Asia/Taipei'}",買賣,中山區,車位,,臺北市中山北路二段77巷20之1號等共有部分,0.02,,1131101,土地:1建物:1車位:1,,"一層,地下一層,地下二層,地下三層",13.0,,見其他登記事項,鋼筋混凝土造,1120308.0,6.55,,,,無,有,,220,0.0,-,其他1,6.55,220,有,,,,僅車位交易。,121.5247268,25.05742279999998,3,11,15
216,"{'date': '2024-12-18 10:34:28.775735', 'timezone_type': 3, 'timezone': 'Asia/Taipei'}",買賣,萬華區,房地(土地+建物),,臺北市長泰街59巷15之1號三樓,6.81,,1131013,土地:2建物:1車位:,,三層,,公寓(5樓含以下無電梯),住家用,,,19.48,2.0,1.0,1.0,有,無,,910,46.71,否,,0.0,0,無,,,,建築物含有：陽台外推、其他增建。,121.500538,25.02286950000002,0,0,1
217,"{'date': '2024-12-18 10:34:28.777173', 'timezone_type': 3, 'timezone': 'Asia/Taipei'}",買賣,士林區,房地(土地+建物),,臺北市小西街45之2號,18.15,,1131014,土地:2建物:1車位:,,"一層,二層,騎樓",,透天厝,住家用,,,26.2,7.0,3.0,3.0,有,無,,1398,0.0,-,,0.0,0,無,,,,關係人間交易：親友、員工、共有人或其他特殊關係間之交易。建築物含有：頂樓加蓋、其他增建。,121.5234827,25.09021449999998,1,2,3
218,"{'date': '2024-12-18 10:34:28.778488', 'timezone_type': 3, 'timezone': 'Asia/Taipei'}",預售屋,文山區,房地(土地+建物),將捷旅境.-真境,臺北市文山區木柵路二段１６８巷１號,3.76,,1131104,土地:26建物:1車位:0,A棟A5-15F號,十五層,22.0,住宅大樓(11層含以上有電梯),見其他登記事項,鋼筋混凝土造,,23.5,2.0,2.0,1.0,有,,,2256,96.0,否,,0.0,0,,13.98,1.61,7.9,雨遮面積登記不計價,121.562478,24.988687,0,0,2
219,"{'date': '2024-12-18 10:34:28.780011', 'timezone_type': 3, 'timezone': 'Asia/Taipei'}",預售屋,北投區,房地(土地+建物)+車位,遠雄商舟,臺北市北投區洲美里福美路與福善路,27.35,,1131105,土地:1建物:1車位:5,A棟A3-12F號,十二層,18.0,辦公商業大樓,商業用,鋼筋混凝土造,,234.73,,,,無,,,14877,69.1,否,坡道平面5,36.01,1145,,107.51,7.82,119.41,,121.5066163,25.100495,0,0,0
220,"{'date': '2024-12-18 10:34:28.781413', 'timezone_type': 3, 'timezone': 'Asia/Taipei'}",租賃,萬華區,房屋,,臺北市青年路168巷26號二樓之1,0.0,,1131105,土地:建物:1車位:,,二層,5.0,公寓(無電梯),住家用,,,15.27,3.0,1.0,1.0,有,無,有,2,1277.01,否,,0.0,0,,,,,,121.5019529,25.0202724,0,0,0
221,"{'date': '2024-12-18 10:34:28.782741', 'timezone_type': 3, 'timezone': 'Asia/Taipei'}",買賣,松山區,房地(土地+建物),,臺北市南京東路四段164號十樓之6,1.81,,1131027,土地:2建物:1車位:,,十層,,大樓(11層含以上有電梯),商業用,,,17.67,1.0,1.0,1.0,有,有,,1530,86.59,否,,0.0,0,有,,,,,121.556704,25.051283,2,2,7
222,"{'date': '2024-12-18 10:34:28.784229', 'timezone_type': 3, 'timezone': 'Asia/Taipei'}",租賃,萬華區,房屋,,臺北市成都路67號八樓之14,0.0,,1131106,土地:建物:1車位:,,八層,12.0,住宅大樓(11層含以上有電梯),住家用,,,8.78,1.0,0.0,1.0,有,有,有,2,1708.43,否,,0.0,0,,,,,,121.5056906,25.04294909999998,2,3,8
223,"{'date': '2024-12-18 10:34:28.785668', 'timezone_type': 3, 'timezone': 'Asia/Taipei'}",租賃,士林區,房屋,,臺北市承德路四段334號四樓,0.0,,1131105,土地:建物:車位:,,四層,5.0,公寓(無電梯),住家用,,,4.7,5.0,0.0,4.0,有,無,有,1,2574.47,否,,0.0,0,,,,,,121.5176244,25.0899399,0,2,3
224,"{'date': '2024-12-18 10:34:28.786852', 'timezone_type': 3, 'timezone': 'Asia/Taipei'}",預售屋,內湖區,房地(土地+建物)+車位,力麒·寰山,臺北市內湖區麗山里環山路二段23號旁,5.36,,1131024,土地:6建物:1車位:1,0棟A3-11F號,十一層,17.0,住宅大樓(11層含以上有電梯),住家用,鋼筋混凝土造,,50.81,3.0,2.0,2.0,有,,,4828,113.22,否,坡道平面1,11.17,340,,24.0,1.59,25.21,,121.5715037999999,25.08608229999997,0,2,2
225,"{'date': '2024-12-18 10:34:28.788300', 'timezone_type': 3, 'timezone': 'Asia/Taipei'}",買賣,士林區,房地(土地+建物),,臺北市士東路66號四樓,7.1,,1131116,土地:1建物:1車位:,,四層,,華廈(10層含以下有電梯),住家用,,,37.93,3.0,2.0,2.0,有,無,,3300,87.0,否,,0.0,0,有,,,,建築物含有：陽台外推、其他增建。,121.5283375,25.11190179999999,0,1,2
226,"{'date': '2024-12-18 10:34:28.789764', 'timezone_type': 3, 'timezone': 'Asia/Taipei'}",預售屋,大安區,房地(土地+建物)+車位,吾雙,臺北市大安區信義路四段408號,3.57,,1131007,土地:19建物:1車位:1,B棟B6-31F號,三十一層,31.0,住宅大樓(11層含以上有電梯),住家用,見其他登記事項,,50.39,3.0,2.0,2.0,有,,,8966,214.0,否,坡道平面1,10.83,500,,22.88,3.05,24.47,雨遮計坪不計價,121.5570157,25.03288339999999,1,3,9
227,"{'date': '2024-12-18 10:34:28.791209', 'timezone_type': 3, 'timezone': 'Asia/Taipei'}",買賣,中正區,房地(土地+建物)+車位,,臺北市愛國西路30號三樓,12.13,,1130510,土地:3建物:1車位:6,,三層,,大樓(11層含以上有電梯),住家用,,,120.06,4.0,2.0,2.0,有,有,,16880,140.6,是,坡道機械6,34.54,0,有,,,,車位位於地下五層。,121.5103249,25.03534919999998,1,6,9
228,"{'date': '2024-12-18 10:34:28.792718', 'timezone_type': 3, 'timezone': 'Asia/Taipei'}",買賣,北投區,房地(土地+建物)+車位,,臺北市溫泉路68巷6弄8號十一樓之1,7.73,,1131015,土地:1建物:1車位:2,,十一層,,大樓(11層含以上有電梯),住家用,,,58.13,2.0,1.0,2.0,有,有,,3147,72.18,否,坡道平面2,22.29,560,有,,,,,121.5055991,25.1347687,1,1,2
229,"{'date': '2024-12-18 10:34:28.794191', 'timezone_type': 3, 'timezone': 'Asia/Taipei'}",買賣,大同區,房地(土地+建物),,臺北市重慶北路二段97巷17號二樓,1.69,,1130824,土地:1建物:1車位:,,二層,,華廈(10層含以下有電梯),商業用,,,13.03,2.0,0.0,1.0,有,無,,1098,84.27,否,,0.0,0,有,,,,建築物含有：陽台外推、其他增建。,121.514513,25.05680069999998,0,9,12
230,"{'date': '2024-12-18 10:34:28.795597', 'timezone_type': 3, 'timezone': 'Asia/Taipei'}",租賃,大安區,房屋,,臺北市通化街123巷3號,0.0,,1131027,土地:建物:1車位:,,二層,4.0,公寓(無電梯),住家用,,,11.58,1.0,0.0,1.0,有,無,有,3,2417.96,否,,0.0,0,,,,,,121.55434,25.02928069999999,1,2,9
231,"{'date': '2024-12-18 10:34:28.796921', 'timezone_type': 3, 'timezone': 'Asia/Taipei'}",租賃,大安區,房屋,,臺北市杭州南路二段61巷2號二樓,8.53,,1131102,土地:1建物:1車位:,,二層,6.0,華廈(10層含以下有電梯),住家用,,,37.84,2.0,2.0,2.0,有,有,有,5,1402.77,否,,0.0,0,,,,,租金：含下列其他衍生費用：網路費、其他-第四台。。,121.5224975,25.03022219999999,4,6,10
232,"{'date': '2024-12-18 10:34:28.798316', 'timezone_type': 3, 'timezone': 'Asia/Taipei'}",買賣,大安區,房地(土地+建物)+車位,,臺北市和平東路一段250號四樓之1,5.36,,1130124,土地:2建物:1車位:1,,四層,,大樓(11層含以上有電梯),住家用,,,57.48,,,,無,有,,8115,141.18,是,塔式車位1,3.62,0,有,,,,,121.5330105,25.02598299999999,0,4,12
233,"{'date': '2024-12-18 10:34:28.799857', 'timezone_type': 3, 'timezone': 'Asia/Taipei'}",預售屋,內湖區,房地(土地+建物)+車位,力麒·寰山,臺北市內湖區麗山里環山路二段23號旁,3.64,,1131023,土地:6建物:1車位:1,0棟A5-9F號,九層,17.0,住宅大樓(11層含以上有電梯),住家用,鋼筋混凝土造,,38.09,2.0,2.0,1.0,有,,,3292,111.89,否,坡道平面1,11.17,280,,14.82,2.56,20.71,,121.5715037999999,25.08608229999997,0,2,2
234,"{'date': '2024-12-18 10:34:28.801599', 'timezone_type': 3, 'timezone': 'Asia/Taipei'}",買賣,中山區,房地(土地+建物),,臺北市龍江路370巷26號三樓,8.32,,1131022,土地:1建物:1車位:,,三層,,公寓(5樓含以下無電梯),住家用,,,40.34,3.0,2.0,2.0,有,無,,2000,49.58,否,,0.0,0,無,,,,關係人間交易：親友、員工、共有人或其他特殊關係間之交易。,121.5394941,25.06636989999997,0,2,4
235,"{'date': '2024-12-18 10:34:28.803159', 'timezone_type': 3, 'timezone': 'Asia/Taipei'}",買賣,內湖區,房地(土地+建物),,臺北市東湖路113巷49弄124號二樓,10.32,,1131025,土地:1建物:1車位:,,二層,,公寓(5樓含以下無電梯),住家用,,,36.41,3.0,2.0,2.0,有,無,,800,21.97,否,,0.0,0,無,,,,關係人間交易：親友、員工、共有人或其他特殊關係間之交易。,121.6149817,25.07094499999998,0,2,3
236,"{'date': '2024-12-18 10:34:28.804728', 'timezone_type': 3, 'timezone': 'Asia/Taipei'}",買賣,士林區,房地(土地+建物),,臺北市士東路89巷13號六樓之2,3.65,,1131202,土地:1建物:1車位:,,六層,,華廈(10層含以下有電梯),住家用,,,13.48,,,,無,有,,1105,81.97,否,,0.0,0,有,,,,,121.5284873,25.11259910000001,0,1,2
237,"{'date': '2024-12-18 10:34:28.806318', 'timezone_type': 3, 'timezone': 'Asia/Taipei'}",租賃,中山區,房屋,,臺北市松江路305號四樓,0.0,,1130910,土地:建物:車位:,,四層,4.0,公寓(無電梯),住家用,,,5.81,5.0,0.0,5.0,有,無,有,1,2237.52,否,,0.0,0,,,,,租金：含下列其他衍生費用：水費、網路費。租賃標的：租賃建物部分範圍，且未計入共有部分面積。,121.5334722,25.06142489999998,1,4,13
238,"{'date': '2024-12-18 10:34:28.807774', 'timezone_type': 3, 'timezone': 'Asia/Taipei'}",買賣,萬華區,建物,,臺北市成都路67號九樓之13,0.0,,1131021,土地:0建物:1車位:,,九層,,大樓(11層含以上有電梯),住家用,,,8.57,1.0,1.0,1.0,有,有,,410,47.84,-,,0.0,0,有,,,,,121.5056906,25.04294909999998,2,3,8
239,"{'date': '2024-12-18 10:34:28.809198', 'timezone_type': 3, 'timezone': 'Asia/Taipei'}",租賃,中山區,房屋,,臺北市錦州街16號六樓,0.0,,1131106,土地:建物:1車位:,,六層,10.0,華廈(10層含以下有電梯),住家用,,,27.87,2.0,2.0,1.0,有,有,有,4,1259.42,否,,0.0,0,,,,,,121.5239856,25.06024239999998,2,9,13
240,"{'date': '2024-12-18 10:34:28.810652', 'timezone_type': 3, 'timezone': 'Asia/Taipei'}",租賃,北投區,房屋,,臺北市中山路47號二樓之5,0.0,,1131107,土地:建物:1車位:,,二層,12.0,住宅大樓(11層含以上有電梯),住家用,,,9.81,1.0,0.0,1.0,有,有,有,1,764.53,否,,0.0,0,,,,,其他：續租案件。,121.5116337,25.1385722,0,1,1
241,"{'date': '2024-12-18 10:34:28.812121', 'timezone_type': 3, 'timezone': 'Asia/Taipei'}",買賣,中正區,房地(土地+建物),,臺北市羅斯福路一段36號三樓之1,2.28,,1130908,土地:2建物:2車位:,,三層,,大樓(11層含以上有電梯),商業用,,,17.09,3.0,1.0,1.0,有,有,,2025,118.49,否,,0.0,0,有,,,,,121.5190827,25.0312314,2,5,9
242,"{'date': '2024-12-18 10:34:28.813580', 'timezone_type': 3, 'timezone': 'Asia/Taipei'}",買賣,北投區,房地(土地+建物)+車位,,臺北市石牌路二段315巷34弄36號七樓,3.14,,1130707,土地:1建物:1車位:1,,七層,,華廈(10層含以下有電梯),住家用,,,17.71,0.0,1.0,1.0,有,有,,1360,94.78,否,塔式車位1,5.26,180,有,,,,建築物含有：陽台外推、夾層、其他增建。,121.5234029,25.12304890000001,0,0,1
243,"{'date': '2024-12-18 10:34:28.815094', 'timezone_type': 3, 'timezone': 'Asia/Taipei'}",租賃,北投區,房屋,,臺北市中和街497號四樓,0.0,,1131104,土地:建物:1車位:,,四層,5.0,公寓(無電梯),住家用,,,29.97,2.0,1.0,1.0,有,無,有,2,550.55,否,,0.0,0,,,,,,121.4949274,25.1451539,0,0,2
244,"{'date': '2024-12-18 10:34:28.816445', 'timezone_type': 3, 'timezone': 'Asia/Taipei'}",買賣,中山區,房地(土地+建物),,臺北市錦州街426巷1弄21號三樓,9.26,,1130907,土地:2建物:1車位:,,三層,,公寓(5樓含以下無電梯),住家用,,,31.8,3.0,2.0,2.0,有,無,,2605,81.92,否,,0.0,0,無,,,,建築物含有：陽台外推。,121.543384,25.05991480000001,1,5,9
245,"{'date': '2024-12-18 10:34:28.817700', 'timezone_type': 3, 'timezone': 'Asia/Taipei'}",租賃,文山區,房屋+車位,,臺北市政大二街260巷47號二樓,0.0,,1131031,土地:建物:1車位:1,,二層,5.0,華廈(10層含以下有電梯),住家用,,,21.8,1.0,1.0,1.0,有,有,無,2,917.43,是,坡道平面1,4.86,0,,,,,租金：含下列其他衍生費用：管理費。,121.5869377,24.98750239999999,0,0,1
246,"{'date': '2024-12-18 10:34:28.819267', 'timezone_type': 3, 'timezone': 'Asia/Taipei'}",買賣,大安區,房地(土地+建物),,臺北市和平東路三段1巷36號八樓,4.86,,1131028,土地:1建物:1車位:,,八層,,大樓(11層含以上有電梯),住家用,,,24.99,2.0,1.0,1.0,有,有,,2300,92.04,否,,0.0,0,有,,,,,121.5466709,25.026143,1,6,8
247,"{'date': '2024-12-18 10:34:28.820738', 'timezone_type': 3, 'timezone': 'Asia/Taipei'}",買賣,大同區,房地(土地+建物)+車位,,臺北市延平北路二段200巷25號五樓,7.6,,1130911,土地:1建物:1車位:1,,五層,,大樓(11層含以上有電梯),商業用,,,61.97,4.0,2.0,2.0,有,有,,3950,63.74,是,塔式車位1,0.0,0,有,,,,建築物含有：陽台外推。,121.5111379999999,25.05845700000001,0,4,11
248,"{'date': '2024-12-18 10:34:28.822185', 'timezone_type': 3, 'timezone': 'Asia/Taipei'}",預售屋,內湖區,房地(土地+建物)+車位,力麒·寰山,臺北市內湖區麗山里環山路二段23號旁,3.64,,1131023,土地:6建物:1車位:1,0棟A5-6F號,六層,17.0,住宅大樓(11層含以上有電梯),住家用,鋼筋混凝土造,,38.09,2.0,2.0,1.0,有,,,3205,108.28,否,坡道平面1,11.17,290,,14.82,2.56,20.71,,121.5715037999999,25.08608229999997,0,2,2
249,"{'date': '2024-12-18 10:34:28.823889', 'timezone_type': 3, 'timezone': 'Asia/Taipei'}",租賃,北投區,房屋,,臺北市泉源路49之7號六樓,0.0,,1131107,土地:建物:1車位:,,六層,7.0,華廈(10層含以下有電梯),住家用,,,17.41,1.0,0.0,1.0,有,有,有,2,1033.89,否,,0.0,0,,,,,,121.5110442,25.14134890000001,0,1,1
250,"{'date': '2024-12-18 10:34:28.825085', 'timezone_type': 3, 'timezone': 'Asia/Taipei'}",租賃,中正區,房屋,,臺北市重慶南路三段135號四樓,0.0,,1131101,土地:建物:1車位:,,四層,4.0,公寓(無電梯),見其他登記事項,,,29.66,3.0,2.0,2.0,有,無,有,1,438.3,否,,0.0,0,,,,,,121.5170577,25.0237441,0,4,7
251,"{'date': '2024-12-18 10:34:28.826414', 'timezone_type': 3, 'timezone': 'Asia/Taipei'}",買賣,中正區,房地(土地+建物),,臺北市開封街一段2號五樓之5,2.94,,1130906,土地:1建物:2車位:,,五層,,大樓(11層含以上有電梯),商業用,,,28.31,3.0,2.0,1.0,有,有,,2080,73.47,否,,0.0,0,有,,,,建築物含有：陽台外推。,121.5145591,25.04582070000001,2,9,13
252,"{'date': '2024-12-18 10:34:28.827757', 'timezone_type': 3, 'timezone': 'Asia/Taipei'}",買賣,士林區,土地,,臺北市至善段七小段0021-0000地號,135.01,,1131004,土地:1建物:0車位:,,,,,,,,0.0,,,,無,無,,465,3.44,-,,0.0,0,無,,,,與政府有關之交易：政府機關標讓售。,121.5654268,25.0329636,2,3,6
253,"{'date': '2024-12-18 10:34:28.829189', 'timezone_type': 3, 'timezone': 'Asia/Taipei'}",租賃,信義區,房屋,,臺北市永吉路53號四樓之6,0.0,,1131105,土地:建物:1車位:,,四層,14.0,住宅大樓(11層含以上有電梯),住家用,,,11.79,1.0,0.0,1.0,有,有,有,2,1696.35,否,,0.0,0,,,,,其他：此為國家住宅及都市更新中心社會住宅包租代管計畫之物件。。,121.5690978,25.0459032,0,2,6
254,"{'date': '2024-12-18 10:34:28.830651', 'timezone_type': 3, 'timezone': 'Asia/Taipei'}",買賣,大同區,土地,,臺北市橋北段三小段0359-0001地號,1.21,,1131115,土地:1建物:0車位:,,,,,,,,0.0,,,,無,無,,177,146.28,-,,0.0,0,無,,,,特殊交易標的類型：(包含)公共設施保留地(用地)。與政府有關之交易：協議價購。,121.5654177,25.03296939999999,2,3,6
255,"{'date': '2024-12-18 10:34:28.832208', 'timezone_type': 3, 'timezone': 'Asia/Taipei'}",租賃,中山區,房屋,,臺北市合江街36巷34號一樓,0.0,,1131104,土地:建物:車位:,,一層,5.0,公寓(無電梯),住家用,,,5.45,5.0,1.0,4.0,有,無,有,1,2660.55,否,,0.0,0,,,,,其他：續租案件。,121.5380946,25.05538870000002,0,7,9
256,"{'date': '2024-12-18 10:34:28.833529', 'timezone_type': 3, 'timezone': 'Asia/Taipei'}",買賣,文山區,房地(土地+建物)+車位,,臺北市秀明路二段115巷7號十七樓,22.47,,1130831,土地:6建物:1車位:1,,十七層,,大樓(11層含以上有電梯),住家用,,,44.98,3.0,2.0,2.0,有,有,,2700,60.03,是,坡道機械1,0.0,0,有,,,,,121.5775599,24.99124599999998,0,1,2
257,"{'date': '2024-12-18 10:34:28.834921', 'timezone_type': 3, 'timezone': 'Asia/Taipei'}",買賣,大安區,房地(土地+建物),,臺北市復興南路二段35號十二樓之2,2.63,,1130913,土地:1建物:1車位:,,十二層,,大樓(11層含以上有電梯),住家用,,,23.12,2.0,3.0,2.0,有,有,,2920,126.3,否,,0.0,0,有,,,,建築物含有：陽台外推、頂樓加蓋、其他增建。,121.5438991,25.03166820000001,4,7,15
258,"{'date': '2024-12-18 10:34:28.836268', 'timezone_type': 3, 'timezone': 'Asia/Taipei'}",買賣,內湖區,房地(土地+建物),,臺北市港墘路44號四樓,13.74,,1130723,土地:2建物:1車位:,,四層,,公寓(5樓含以下無電梯),住家用,,,37.19,3.0,2.0,2.0,有,無,,2100,56.47,否,,0.0,0,無,,,,,121.5780931,25.08211669999999,0,3,3
259,"{'date': '2024-12-18 10:34:28.837577', 'timezone_type': 3, 'timezone': 'Asia/Taipei'}",買賣,大安區,房地(土地+建物)+車位,,臺北市和平東路一段250號四樓,4.5,,1130124,土地:2建物:1車位:1,,四層,,大樓(11層含以上有電梯),住家用,,,51.4,0.0,0.0,2.0,有,有,,7226,140.58,是,塔式車位1,3.62,0,有,,,,,121.5330105,25.02598299999999,0,4,12
260,"{'date': '2024-12-18 10:34:28.839005', 'timezone_type': 3, 'timezone': 'Asia/Taipei'}",預售屋,北投區,房地(土地+建物)+車位,遠雄商舟,臺北市北投區洲美里福美路與福善路,28.13,,1131105,土地:1建物:1車位:5,A棟A2-13F號,十三層,18.0,辦公商業大樓,商業用,鋼筋混凝土造,,240.4,,,,無,,,15332,69.02,否,坡道平面5,36.01,1225,,111.39,7.22,121.79,,121.5066163,25.100495,0,0,0
261,"{'date': '2024-12-18 10:34:28.840505', 'timezone_type': 3, 'timezone': 'Asia/Taipei'}",租賃,中正區,房屋,,臺北市忠孝西路一段7號十樓之6,0.0,,1131101,土地:建物:1車位:,,十層,11.0,辦公商業大樓,商業用,,,10.78,1.0,0.0,1.0,有,有,有,1,1298.7,否,,0.0,0,,,,,,121.5193184,25.046382,3,9,13
262,"{'date': '2024-12-18 10:34:28.842468', 'timezone_type': 3, 'timezone': 'Asia/Taipei'}",買賣,中正區,房地(土地+建物)+車位,,臺北市重慶南路三段35號十六樓,14.8,,1130916,土地:2建物:1車位:2,,十六層,,大樓(11層含以上有電梯),見其他登記事項,,,94.91,3.0,2.0,2.0,有,有,,11498,151.07,否,坡道平面2,23.7,740,有,,,,,121.5164772,25.02767259999998,0,5,9
263,"{'date': '2024-12-18 10:34:28.843810', 'timezone_type': 3, 'timezone': 'Asia/Taipei'}",買賣,士林區,房地(土地+建物)+車位,,臺北市中山北路六段441巷30號六樓之2,13.16,,1131023,土地:1建物:1車位:3,,六層,,大樓(11層含以上有電梯),見其他登記事項,,,101.85,,,,無,有,,9938,126.99,否,坡道平面3,31.86,1050,有,,,,特殊交易情況、條件：毛胚屋。,121.5269592,25.11708959999998,0,0,2
264,"{'date': '2024-12-18 10:34:28.845467', 'timezone_type': 3, 'timezone': 'Asia/Taipei'}",買賣,萬華區,房地(土地+建物),,臺北市和平西路三段102號三樓,14.67,,1130514,土地:1建物:1車位:,,"三層,四層",,公寓(5樓含以下無電梯),,,,48.44,7.0,4.0,2.0,有,無,,4300,88.77,否,,0.0,0,無,,,,建築物含有：頂樓加蓋、其他增建。,121.5007906,25.03507680000002,1,1,4
265,"{'date': '2024-12-18 10:34:28.846921', 'timezone_type': 3, 'timezone': 'Asia/Taipei'}",預售屋,信義區,房地(土地+建物),詠綸朔望,臺北市信義區基隆路1段117號,1.6,,1131017,土地:2建物:1車位:,0棟C-8F號,八層,15.0,住宅大樓(11層含以上有電梯),住家用,鋼筋混凝土造,,18.9,2.0,1.0,1.0,有,,,2548,134.81,否,,0.0,0,,10.57,1.89,6.43,,121.5669569,25.0448734,1,3,7
266,"{'date': '2024-12-18 10:34:28.848308', 'timezone_type': 3, 'timezone': 'Asia/Taipei'}",買賣,信義區,房地(土地+建物),,臺北市松隆路58號,2.02,,1131120,土地:2建物:1車位:,,"一層,二層,陽臺,平台,騎樓",,透天厝,商業用,,,2.67,,,,無,無,,300,0.0,-,,0.0,0,無,,,,特殊交易標的類型：市場攤位。土地增值稅及地價稅合計金額841485元，雙方約定由買方負擔,121.5683216,25.04391869999999,1,2,7
267,"{'date': '2024-12-18 10:34:28.849724', 'timezone_type': 3, 'timezone': 'Asia/Taipei'}",買賣,信義區,房地(土地+建物),,臺北市永吉路180巷70弄6號三樓,8.85,,1130927,土地:1建物:1車位:,,"三層,陽臺",,公寓(5樓含以下無電梯),住家用,,,25.55,3.0,2.0,1.0,有,無,,2108,82.5,否,,0.0,0,無,,,,建築物含有：陽台外推、其他增建。,121.571177,25.04317020000001,1,2,7
268,"{'date': '2024-12-18 10:34:28.851007', 'timezone_type': 3, 'timezone': 'Asia/Taipei'}",買賣,中山區,房地(土地+建物),,臺北市德惠街45號五樓之19,0.12,,1131106,土地:1建物:1車位:,,五層,,華廈(10層含以下有電梯),住家用,,,0.97,,,,無,有,,58,59.79,否,,0.0,0,有,,,,,121.5269965999999,25.06676360000002,1,5,8
269,"{'date': '2024-12-18 10:34:28.852374', 'timezone_type': 3, 'timezone': 'Asia/Taipei'}",買賣,士林區,土地,,臺北市富安段三小段0312-0000地號,20.42,,1131119,土地:5建物:0車位:,,,,,,,,0.0,,,,無,無,,551,26.98,-,,0.0,0,無,,,,,121.5432074,25.02469600000002,1,5,8
270,"{'date': '2024-12-18 10:34:28.853528', 'timezone_type': 3, 'timezone': 'Asia/Taipei'}",預售屋,信義區,房地(土地+建物),詠綸朔望,臺北市信義區基隆路1段117號,1.6,,1131017,土地:2建物:1車位:,0棟C-6F號,六層,15.0,住宅大樓(11層含以上有電梯),住家用,鋼筋混凝土造,,18.9,2.0,1.0,1.0,有,,,2436,128.89,否,,0.0,0,,10.57,1.89,6.43,,121.5669569,25.0448734,1,3,7
271,"{'date': '2024-12-18 10:34:28.854993', 'timezone_type': 3, 'timezone': 'Asia/Taipei'}",買賣,內湖區,房地(土地+建物),,臺北市新明路460巷19弄12號三樓,7.64,,1131022,土地:1建物:1車位:,,"三層,陽台",,公寓(5樓含以下無電梯),住家用,,,26.48,3.0,2.0,1.0,有,無,,1115,42.11,否,,0.0,0,無,,,,,121.5788845,25.05492920000001,1,1,3
272,"{'date': '2024-12-18 10:34:28.856375', 'timezone_type': 3, 'timezone': 'Asia/Taipei'}",買賣,萬華區,土地,,臺北市莒光段三小段0148-0000地號,8.77,,1130910,土地:1建物:0車位:,,,,,,,,0.0,,,,無,無,,1122,127.94,-,,0.0,0,無,,,,特殊交易標的類型：(包含)公共設施保留地(用地)。與政府有關之交易：協議價購。,121.5361035,25.00065119999999,1,2,3
273,"{'date': '2024-12-18 10:34:28.857529', 'timezone_type': 3, 'timezone': 'Asia/Taipei'}",預售屋,中正區,房地(土地+建物),南陽龍踞,臺北市中正區黎明里里南陽街,2.1,,1130918,土地:8建物:1車位:,0棟C號,十一層,12.0,住宅大樓(11層含以上有電梯),住家用,鋼筋混凝土造,,21.05,2.0,1.0,1.0,有,,,3176,150.88,否,,0.0,0,,12.07,1.0,7.98,,121.5155891,25.04447419999999,3,7,14
274,"{'date': '2024-12-18 10:34:28.858928', 'timezone_type': 3, 'timezone': 'Asia/Taipei'}",租賃,南港區,房屋,,臺北市福德街373巷1號十一樓,0.0,,1131101,土地:建物:1車位:,,十一層,18.0,住宅大樓(11層含以上有電梯),見其他登記事項,,,52.86,4.0,1.0,2.0,有,有,無,3,491.87,否,,0.0,0,,,,,,121.591068,25.04045500000001,0,0,2
275,"{'date': '2024-12-18 10:34:28.860455', 'timezone_type': 3, 'timezone': 'Asia/Taipei'}",租賃,文山區,房屋,,臺北市保儀路129號,0.0,,1131103,土地:建物:車位:,,十一層,12.0,透天厝,見其他登記事項,,,9.98,16.0,2.0,16.0,有,有,有,2,0.0,-,,0.0,0,,,,,租金：含下列其他衍生費用：水費、網路費。租賃標的：租賃建物部分範圍，且未計入共有部分面積。,121.5672654999999,24.98482709999998,0,0,0
276,"{'date': '2024-12-18 10:34:28.861707', 'timezone_type': 3, 'timezone': 'Asia/Taipei'}",預售屋,大安區,房地(土地+建物)+車位,吾雙,臺北市大安區信義路四段408號,3.99,,1130925,土地:19建物:1車位:1,B棟B6-07F號,七層,31.0,住宅大樓(11層含以上有電梯),見其他登記事項,見其他登記事項,,55.0,0.0,0.0,1.0,有,,,8132,172.79,否,坡道平面1,10.83,500,,26.04,1.41,27.55,雨遮計坪不計價,121.5570157,25.03288339999999,1,3,9
277,"{'date': '2024-12-18 10:34:28.863179', 'timezone_type': 3, 'timezone': 'Asia/Taipei'}",預售屋,中正區,房地(土地+建物),南陽龍踞,臺北市中正區黎明里里南陽街,2.44,,1130910,土地:8建物:1車位:,0棟A號,五層,12.0,住宅大樓(11層含以上有電梯),住家用,鋼筋混凝土造,,24.54,2.0,1.0,1.0,有,,,3472,141.48,否,,0.0,0,,13.46,1.78,9.3,關係人間交易：親友、員工、共有人或其他特殊關係間之交易。,121.5155891,25.04447419999999,3,7,14
278,"{'date': '2024-12-18 10:34:28.864713', 'timezone_type': 3, 'timezone': 'Asia/Taipei'}",預售屋,大安區,房地(土地+建物)+車位,吾雙,臺北市大安區信義路四段408號,5.46,,1131004,土地:19建物:1車位:1,A棟A2-30F號,三十層,31.0,住宅大樓(11層含以上有電梯),住家用,見其他登記事項,,69.26,3.0,2.0,2.0,有,,,13168,214.24,否,坡道平面1,10.83,650,,34.43,5.48,29.35,雨遮計坪不計價,121.5570157,25.03288339999999,1,3,9
279,"{'date': '2024-12-18 10:34:28.866212', 'timezone_type': 3, 'timezone': 'Asia/Taipei'}",租賃,大安區,房屋,,臺北市仁愛路四段122巷51號二樓,0.0,,1131104,土地:建物:1車位:,,二層,7.0,華廈(10層含以下有電梯),住家用,,,45.73,3.0,2.0,2.0,有,有,無,11,2481.68,否,,0.0,0,,,,,租金：含下列其他衍生費用：管理費。,121.5503552,25.03454269999999,1,7,12
280,"{'date': '2024-12-18 10:34:28.867749', 'timezone_type': 3, 'timezone': 'Asia/Taipei'}",預售屋,信義區,房地(土地+建物),詠綸朔望,臺北市信義區基隆路1段117號,1.52,,1131022,土地:2建物:1車位:,0棟B-2F號,二層,15.0,住宅大樓(11層含以上有電梯),住家用,鋼筋混凝土造,,18.01,2.0,1.0,1.0,有,,,1980,109.94,否,,0.0,0,,10.51,1.37,6.13,,121.5669569,25.0448734,1,3,7
281,"{'date': '2024-12-18 10:34:28.869282', 'timezone_type': 3, 'timezone': 'Asia/Taipei'}",買賣,北投區,房地(土地+建物)+車位,,臺北市榮華二路23號四樓,8.29,,1130804,土地:1建物:1車位:1,,四層,,大樓(11層含以上有電梯),見其他登記事項,,,53.37,3.0,2.0,2.0,有,有,,5300,118.79,否,坡道平面1,11.28,300,有,,,,,121.5232498,25.1133993,0,1,3
282,"{'date': '2024-12-18 10:34:28.870804', 'timezone_type': 3, 'timezone': 'Asia/Taipei'}",預售屋,中正區,房地(土地+建物),南陽龍踞,臺北市中正區黎明里里南陽街,2.1,,1130822,土地:8建物:1車位:,0棟C號,六層,12.0,住宅大樓(11層含以上有電梯),住家用,鋼筋混凝土造,,21.05,2.0,1.0,1.0,有,,,3115,147.98,否,,0.0,0,,12.07,1.0,7.98,,121.5155891,25.04447419999999,3,7,14
283,"{'date': '2024-12-18 10:34:28.872329', 'timezone_type': 3, 'timezone': 'Asia/Taipei'}",買賣,信義區,房地(土地+建物),,臺北市和平東路三段403號三樓,3.1,,1131109,土地:1建物:1車位:,,三層,,公寓(5樓含以下無電梯),住家用,,,9.34,2.0,1.0,1.0,有,無,,650,69.59,否,,0.0,0,無,,,,關係人間交易：親友、員工、共有人或其他特殊關係間之交易。,121.5579029,25.01960410000002,1,1,1
284,"{'date': '2024-12-18 10:34:28.874014', 'timezone_type': 3, 'timezone': 'Asia/Taipei'}",買賣,中正區,房地(土地+建物),,臺北市重慶南路三段40號六樓,5.28,,1131007,土地:1建物:1車位:,,六層,,華廈(10層含以下有電梯),住家用,,,31.67,3.0,2.0,2.0,有,無,,2225,70.26,否,,0.0,0,有,,,,,121.5155037,25.0283582,0,5,6
285,"{'date': '2024-12-18 10:34:28.875428', 'timezone_type': 3, 'timezone': 'Asia/Taipei'}",預售屋,內湖區,房地(土地+建物)+車位,力麒·寰山,臺北市內湖區麗山里環山路二段23號旁,3.64,,1131103,土地:6建物:1車位:1,0棟A5-15F號,十五層,17.0,住宅大樓(11層含以上有電梯),住家用,鋼筋混凝土造,,38.09,2.0,2.0,1.0,有,,,3472,116.72,否,坡道平面1,11.17,330,,14.82,2.56,20.71,,121.5715037999999,25.08608229999997,0,2,2
286,"{'date': '2024-12-18 10:34:28.877004', 'timezone_type': 3, 'timezone': 'Asia/Taipei'}",預售屋,中正區,房地(土地+建物)+車位,南風裡,臺北市中正區愛國西路,2.69,,1131104,土地:1建物:1車位:1,0棟B號,十層,14.0,住宅大樓(11層含以上有電梯),住家用,鋼筋混凝土造,,38.45,3.0,2.0,2.0,有,,,4747,132.23,否,塔式車位1,4.29,230,,21.4,2.1,14.95,,121.5118441,25.03572089999999,1,6,11
287,"{'date': '2024-12-18 10:34:28.878374', 'timezone_type': 3, 'timezone': 'Asia/Taipei'}",租賃,萬華區,房屋,,臺北市西寧南路36號九樓之22,0.0,,1131101,土地:建物:1車位:,,九層,10.0,華廈(10層含以下有電梯),見其他登記事項,,,11.99,1.0,0.0,1.0,有,有,有,1,1167.64,否,,0.0,0,,,,,,121.506455,25.04514,2,3,8
288,"{'date': '2024-12-18 10:34:28.879979', 'timezone_type': 3, 'timezone': 'Asia/Taipei'}",買賣,萬華區,土地,,臺北市漢中段三小段0946-0000地號,0.56,,1131009,土地:2建物:0車位:,,,,,,,,0.0,,,,無,無,,101,180.36,-,,0.0,0,無,,,,特殊交易標的類型：(包含)公共設施保留地(用地)。與政府有關之交易：協議價購。,121.5654177,25.03296939999999,2,3,6
289,"{'date': '2024-12-18 10:34:28.881500', 'timezone_type': 3, 'timezone': 'Asia/Taipei'}",預售屋,中正區,房地(土地+建物),南陽龍踞,臺北市中正區黎明里里南陽街,2.53,,1130926,土地:8建物:1車位:,0棟A號,十一層,12.0,住宅大樓(11層含以上有電梯),住家用,鋼筋混凝土造,,25.41,2.0,1.0,2.0,有,,,3777,148.64,否,,0.0,0,,13.76,2.02,9.63,,121.5155891,25.04447419999999,3,7,14
290,"{'date': '2024-12-18 10:34:28.882956', 'timezone_type': 3, 'timezone': 'Asia/Taipei'}",買賣,萬華區,土地,,臺北市莒光段三小段0122-0005地號,0.08,,1130912,土地:2建物:0車位:,,,,,,,,0.0,,,,無,無,,10,125.0,-,,0.0,0,無,,,,特殊交易標的類型：(包含)公共設施保留地(用地)。與政府有關之交易：協議價購。,121.5654268,25.0329636,2,3,6
291,"{'date': '2024-12-18 10:34:28.884562', 'timezone_type': 3, 'timezone': 'Asia/Taipei'}",租賃,中正區,房屋,,臺北市和平西路二段133號四樓,0.0,,1131107,土地:建物:車位:,,四層,4.0,公寓(無電梯),住家用,,,5.82,6.0,1.0,5.0,有,無,有,1,2285.22,否,,0.0,0,,,,,,121.5060204,25.03304889999998,0,4,7
292,"{'date': '2024-12-18 10:34:28.886098', 'timezone_type': 3, 'timezone': 'Asia/Taipei'}",預售屋,文山區,房地(土地+建物)+車位,元利四季莊園,臺北市文山區木柵路一段,5.37,,1131102,土地:2建物:1車位:1,B棟32F-B02號,三十二層,34.0,住宅大樓(11層含以上有電梯),住家用,見其他登記事項,,40.59,3.0,2.0,2.0,有,,,4261,119.4,否,坡道平面1,7.5,310,,20.13,1.45,19.01,,121.5498789,24.98742269999999,0,2,3
293,"{'date': '2024-12-18 10:34:28.887608', 'timezone_type': 3, 'timezone': 'Asia/Taipei'}",租賃,中山區,房屋,,臺北市林森北路107巷59號,0.0,,1131102,土地:建物:車位:,,二層,4.0,公寓(無電梯),住家用,,,8.04,3.0,0.0,3.0,有,無,有,1,1554.73,否,,0.0,0,,,,,租金：含下列其他衍生費用：水費。,121.5270644,25.049986,0,7,16
294,"{'date': '2024-12-18 10:34:28.889098', 'timezone_type': 3, 'timezone': 'Asia/Taipei'}",租賃,松山區,房屋,,臺北市民生東路五段202號十八樓之3,0.0,,1131103,土地:建物:1車位:,,十八層,20.0,住宅大樓(11層含以上有電梯),住家用,,,36.31,3.0,2.0,2.0,有,有,無,4,1046.54,否,,0.0,0,,,,,租賃標的：含增建或未登記建物。,121.5644526,25.05814849999999,0,1,3
295,"{'date': '2024-12-18 10:34:28.890665', 'timezone_type': 3, 'timezone': 'Asia/Taipei'}",買賣,松山區,房地(土地+建物),,臺北市新東街30巷22號三樓,12.78,,1131018,土地:1建物:1車位:,,"三層,陽臺",,公寓(5樓含以下無電梯),住家用,,,34.68,3.0,2.0,2.0,有,無,,1200,34.6,否,,0.0,0,無,,,,關係人間交易：親友、員工、共有人或其他特殊關係間之交易。,121.5667529,25.059636,0,0,1
296,"{'date': '2024-12-18 10:34:28.892368', 'timezone_type': 3, 'timezone': 'Asia/Taipei'}",租賃,內湖區,房屋,,臺北市陽光街68巷152弄8號六樓,3.49,,1131104,土地:1建物:1車位:,,六層,7.0,華廈(10層含以下有電梯),住家用,,,16.86,2.0,2.0,1.0,有,有,無,3,1957.3,否,,0.0,0,,,,,,121.5831376,25.0754429,1,1,2
297,"{'date': '2024-12-18 10:34:28.894102', 'timezone_type': 3, 'timezone': 'Asia/Taipei'}",租賃,士林區,房屋,,臺北市永平里3鄰16之5號,0.0,,1131105,土地:建物:1車位:,,四層,4.0,公寓(無電梯),住家用,,,30.27,3.0,2.0,1.0,有,無,有,2,759.83,否,,0.0,0,,,,,其他：續租案件。,121.5191579,24.98328240000003,0,1,4
298,"{'date': '2024-12-18 10:34:28.895832', 'timezone_type': 3, 'timezone': 'Asia/Taipei'}",買賣,內湖區,房地(土地+建物)+車位,,臺北市內湖路一段91巷81號七樓,5.88,,1131009,土地:1建物:1車位:1,,七層,,華廈(10層含以下有電梯),見其他登記事項,,,24.55,2.0,1.0,1.0,有,無,,2272,91.88,否,其他1,2.0,200,有,,,,管委會尚未成立,121.5625594,25.08917790000002,0,2,2
299,"{'date': '2024-12-18 10:34:28.897327', 'timezone_type': 3, 'timezone': 'Asia/Taipei'}",預售屋,大安區,房地(土地+建物),吾雙,臺北市大安區信義路四段408號,2.57,,1131023,土地:19建物:1車位:,B棟B8-15F號,十五層,31.0,住宅大樓(11層含以上有電梯),住家用,見其他登記事項,,29.69,2.0,2.0,1.0,有,,,5530,186.26,否,,0.0,0,,17.15,2.32,10.23,雨遮計坪不計價,121.5570157,25.03288339999999,1,3,9
300,"{'date': '2024-12-18 10:34:28.899388', 'timezone_type': 3, 'timezone': 'Asia/Taipei'}",租賃,大同區,房屋+車位,,臺北市興城街70號十一樓之8,0.0,,1131101,土地:建物:1車位:1,,十一層,15.0,住宅大樓(11層含以上有電梯),住家用,,,39.4,2.0,1.0,1.0,有,有,有,6,1598.98,是,坡道平面1,9.2,0,,,,,租金：含下列其他衍生費用：管理費、其他-租金內含所得稅、健保補充保費。,121.5173871,25.05938509999999,3,8,13
301,"{'date': '2024-12-18 10:34:28.900897', 'timezone_type': 3, 'timezone': 'Asia/Taipei'}",預售屋,內湖區,房地(土地+建物)+車位,力麒·寰山,臺北市內湖區麗山里環山路二段23號旁,3.66,,1131022,土地:6建物:1車位:1,0棟A4-6F號,六層,17.0,住宅大樓(11層含以上有電梯),住家用,鋼筋混凝土造,,38.24,2.0,2.0,1.0,有,,,3299,110.79,否,坡道平面1,11.17,300,,16.26,1.21,20.76,,121.5715037999999,25.08608229999997,0,2,2
302,"{'date': '2024-12-18 10:34:28.902426', 'timezone_type': 3, 'timezone': 'Asia/Taipei'}",買賣,北投區,房地(土地+建物),,臺北市立農街一段261號四樓,7.44,,1130918,土地:2建物:1車位:,,四層,,公寓(5樓含以下無電梯),住家用,,,34.4,3.0,2.0,2.0,有,無,,2080,60.47,否,,0.0,0,無,,,,建築物含有：其他增建。其他增建:鐵窗,121.5055225,25.1196394,0,2,2
303,"{'date': '2024-12-18 10:34:28.904033', 'timezone_type': 3, 'timezone': 'Asia/Taipei'}",預售屋,內湖區,房地(土地+建物)+車位,力麒·寰山,臺北市內湖區麗山里環山路二段23號旁,5.36,,1131019,土地:6建物:1車位:1,0棟A3-5F號,五層,17.0,住宅大樓(11層含以上有電梯),住家用,鋼筋混凝土造,,50.81,3.0,2.0,2.0,有,,,4546,108.12,否,坡道平面1,11.17,260,,24.0,1.59,25.21,,121.5715037999999,25.08608229999997,0,2,2
304,"{'date': '2024-12-18 10:34:28.905655', 'timezone_type': 3, 'timezone': 'Asia/Taipei'}",預售屋,北投區,房地(土地+建物)+車位,遠雄泱玥,臺北市北投區福真路,10.09,,1131009,土地:1建物:1車位:2,A05棟F09號,九層,24.0,住宅大樓(11層含以上有電梯),住家用,鋼骨鋼筋混凝土造,,72.32,4.0,2.0,2.0,有,,,8486,138.85,否,坡道平面2,15.74,630,,32.56,4.22,35.54,,121.5053002,25.09818089999997,0,0,0
305,"{'date': '2024-12-18 10:34:28.906893', 'timezone_type': 3, 'timezone': 'Asia/Taipei'}",預售屋,萬華區,房地(土地+建物)+車位,龍邦豐馥,臺北市萬華區西園路二段,5.26,,1131007,土地:34建物:1車位:1,1棟B3-13F號,十三層,15.0,住宅大樓(11層含以上有電梯),見其他登記事項,見其他登記事項,,51.51,3.0,2.0,2.0,有,,,3690,88.64,否,坡道平面1,13.66,335,,21.86,3.22,26.43,,121.49519,25.02820049999998,0,1,1
306,"{'date': '2024-12-18 10:34:28.908362', 'timezone_type': 3, 'timezone': 'Asia/Taipei'}",租賃,士林區,房屋,,臺北市前街100之1號四樓,0.0,,1130910,土地:建物:車位:,,四層,4.0,公寓(無電梯),住家用,,,4.17,6.0,0.0,6.0,有,無,有,1,2158.27,否,,0.0,0,,,,,租賃標的：租賃建物部分範圍，且未計入共有部分面積。,121.5263844,25.09853540000001,0,2,3
307,"{'date': '2024-12-18 10:34:28.910135', 'timezone_type': 3, 'timezone': 'Asia/Taipei'}",買賣,中正區,房地(土地+建物)+車位,,臺北市林森南路69號十三樓,7.11,,1130918,土地:2建物:2車位:1,,十三層,,大樓(11層含以上有電梯),住家用,,,46.38,2.0,2.0,2.0,有,有,,4485,108.0,否,塔式車位1,6.52,180,有,,,,"車位位於地下三層
交易總價: 4485萬元整內含車位價 (土地價格:2691萬元整，建物總價:1794萬元整)",121.5221565,25.03965410000001,0,8,17
308,"{'date': '2024-12-18 10:34:28.911631', 'timezone_type': 3, 'timezone': 'Asia/Taipei'}",租賃,大同區,房屋,,臺北市太原路117號十三樓,0.0,,1131107,土地:建物:1車位:,,十三層,13.0,住宅大樓(11層含以上有電梯),共有部分,,,42.28,2.0,1.0,1.0,有,有,有,3,709.56,否,,0.0,0,,,,,其他：續租案件。,121.5160718,25.0527341,2,8,15
309,"{'date': '2024-12-18 10:34:28.913074', 'timezone_type': 3, 'timezone': 'Asia/Taipei'}",預售屋,中正區,房地(土地+建物)+車位,南風裡,臺北市中正區愛國西路,2.61,,1131104,土地:1建物:1車位:1,0棟A號,十層,14.0,住宅大樓(11層含以上有電梯),住家用,鋼筋混凝土造,,37.46,3.0,2.0,2.0,有,,,4615,132.2,否,塔式車位1,4.29,230,,21.02,1.79,14.64,,121.5118441,25.03572089999999,1,6,11
310,"{'date': '2024-12-18 10:34:28.914491', 'timezone_type': 3, 'timezone': 'Asia/Taipei'}",預售屋,萬華區,房地(土地+建物)+車位,龍邦豐馥,臺北市萬華區西園路二段,5.26,,1131020,土地:34建物:1車位:1,1棟B3-7F號,七層,15.0,住宅大樓(11層含以上有電梯),見其他登記事項,見其他登記事項,,51.51,3.0,2.0,2.0,有,,,3507,83.8,否,坡道平面1,13.66,335,,21.86,3.22,26.43,,121.49519,25.02820049999998,0,1,1
311,"{'date': '2024-12-18 10:34:28.915767', 'timezone_type': 3, 'timezone': 'Asia/Taipei'}",租賃,信義區,房屋,,臺北市莊敬路423巷2弄7號二樓,0.0,,1130607,土地:建物:1車位:,,二層,4.0,公寓(無電梯),住家用,,,24.6,3.0,1.0,1.0,有,無,有,2,609.76,否,,0.0,0,,,,,其他：續租案件、此為台北市社會住宅包租代管計畫之物件，評定市價租金為16700元，因選擇代管方案須打九折 且簽約租金無條件捨去至百分位，實際租賃契約金額為15000元。。,121.567067,25.02762129999997,0,2,4
312,"{'date': '2024-12-18 10:34:28.917221', 'timezone_type': 3, 'timezone': 'Asia/Taipei'}",租賃,士林區,房屋,,臺北市福港街259巷7號三樓,0.0,,1131106,土地:建物:1車位:,,三層,3.0,公寓(無電梯),住家用,,,19.88,3.0,1.0,1.0,有,無,有,3,1549.3,否,,0.0,0,,,,,,121.5181136,25.0839987,0,1,3
313,"{'date': '2024-12-18 10:34:28.918684', 'timezone_type': 3, 'timezone': 'Asia/Taipei'}",租賃,大同區,房屋,,臺北市重慶北路三段166號,0.0,,1131101,土地:建物:車位:,,二層,2.0,透天厝,,,,7.41,6.0,2.0,5.0,有,無,有,1,0.0,-,,0.0,0,,,,,,121.51347,25.0684947,0,4,5
314,"{'date': '2024-12-18 10:34:28.920438', 'timezone_type': 3, 'timezone': 'Asia/Taipei'}",買賣,北投區,房地(土地+建物),,臺北市天母北路105巷15弄2號五樓之2,2.24,,1130929,土地:1建物:1車位:,,五層,,華廈(10層含以下有電梯),住家用,,,12.24,1.0,1.0,1.0,有,有,,880,71.9,否,,0.0,0,有,,,,建築物含有：其他增建。,121.5277893,25.1240729,0,0,0
315,"{'date': '2024-12-18 10:34:28.921891', 'timezone_type': 3, 'timezone': 'Asia/Taipei'}",買賣,內湖區,房地(土地+建物)+車位,,臺北市康樂街136巷29弄15號八樓之3,2.76,,1130811,土地:1建物:1車位:1,,"一層,地下一層,地下二層,地下三層",,大樓(11層含以上有電梯),商業用,,,28.15,2.0,1.0,1.0,有,有,,1588,56.41,是,坡道平面1,13.89,0,有,,,,建築物含有：夾層、其他增建。,121.6177669,25.07192370000002,0,2,3
316,"{'date': '2024-12-18 10:34:28.923311', 'timezone_type': 3, 'timezone': 'Asia/Taipei'}",租賃,大同區,房屋,,臺北市華陰街79號四樓之2,0.0,,1131107,土地:建物:1車位:,,四層,13.0,住宅大樓(11層含以上有電梯),住家用,,,34.07,2.0,2.0,1.0,有,有,有,5,1584.97,否,,0.0,0,,,,,租金：含下列其他衍生費用：管理費、其他-含稅。其他：續租案件。,121.5179308,25.04970060000001,4,10,14
317,"{'date': '2024-12-18 10:34:28.924684', 'timezone_type': 3, 'timezone': 'Asia/Taipei'}",預售屋,內湖區,房地(土地+建物)+車位,力麒·寰山,臺北市內湖區麗山里環山路二段23號旁,3.66,,1131023,土地:6建物:1車位:1,0棟A4-12F號,十二層,17.0,住宅大樓(11層含以上有電梯),住家用,鋼筋混凝土造,,38.24,2.0,2.0,1.0,有,,,3492,116.81,否,坡道平面1,11.17,330,,16.26,1.21,20.76,,121.5715037999999,25.08608229999997,0,2,2
318,"{'date': '2024-12-18 10:34:28.926024', 'timezone_type': 3, 'timezone': 'Asia/Taipei'}",買賣,北投區,土地,,臺北市立農段四小段0043-0000地號,46.37,,1131106,土地:1建物:0車位:,,,,,,,,0.0,,,,無,無,,1100,23.72,-,,0.0,0,無,,,,特殊交易標的類型：(包含)公共設施保留地(用地)。與政府有關之交易：協議價購。113年度臺北市政府以容積代金基金採購私有公共設施保留地之交易,121.503543,25.12030900000001,0,1,2
319,"{'date': '2024-12-18 10:34:28.928104', 'timezone_type': 3, 'timezone': 'Asia/Taipei'}",預售屋,萬華區,房地(土地+建物)+車位,龍邦豐馥,臺北市萬華區西園路二段,3.51,,1131023,土地:34建物:1車位:1,1棟B4-11F號,十一層,15.0,住宅大樓(11層含以上有電梯),見其他登記事項,見其他登記事項,,38.59,2.0,2.0,2.0,有,,,2500,87.65,否,坡道平面1,13.66,315,,14.84,1.72,22.03,,121.49519,25.02820049999998,0,1,1
320,"{'date': '2024-12-18 10:34:28.929640', 'timezone_type': 3, 'timezone': 'Asia/Taipei'}",買賣,萬華區,土地,,臺北市莒光段三小段0122-0005地號,0.06,,1130911,土地:2建物:0車位:,,,,,,,,0.0,,,,無,無,,7,116.67,-,,0.0,0,無,,,,特殊交易標的類型：(包含)公共設施保留地(用地)。與政府有關之交易：協議價購。,121.5654268,25.0329636,2,3,6
321,"{'date': '2024-12-18 10:34:28.931119', 'timezone_type': 3, 'timezone': 'Asia/Taipei'}",租賃,文山區,房屋,,臺北市木柵路一段378巷30號四樓,0.0,,1131026,土地:建物:1車位:,,四層,4.0,公寓(無電梯),住家用,,,37.07,3.0,1.0,1.0,有,無,有,3,755.33,否,,0.0,0,,,,,,121.556963,24.98788959999997,0,0,1
322,"{'date': '2024-12-18 10:34:28.932559', 'timezone_type': 3, 'timezone': 'Asia/Taipei'}",租賃,中山區,房屋,,臺北市新生北路二段74號六樓之3,0.0,,1131107,土地:建物:1車位:,,六層,12.0,住宅大樓(11層含以上有電梯),住家用,,,10.21,1.0,0.0,1.0,有,有,有,1,1273.26,否,,0.0,0,,,,,,121.527001,25.05718800000001,0,11,12
323,"{'date': '2024-12-18 10:34:28.934195', 'timezone_type': 3, 'timezone': 'Asia/Taipei'}",買賣,南港區,土地,,臺北市南港段二小段0839-0005地號,7.08,,1131112,土地:1建物:0車位:,,,,,,,,0.0,,,,無,無,,349,49.29,-,,0.0,0,無,,,,關係人間交易：親友、員工、共有人或其他特殊關係間之交易。,121.6111949,25.03123469999999,0,0,0
324,"{'date': '2024-12-18 10:34:28.935522', 'timezone_type': 3, 'timezone': 'Asia/Taipei'}",買賣,內湖區,房地(土地+建物),,臺北市內湖路二段103巷128號,4.99,,1131029,土地:2建物:1車位:,,"一層,地下一層",,華廈(10層含以下有電梯),商業用,,,21.72,1.0,1.0,1.0,有,有,,1970,90.7,否,,0.0,0,有,,,,建築物含有：其他增建。平台增建.,121.5807811,25.0844934,0,1,4
325,"{'date': '2024-12-18 10:34:28.936850', 'timezone_type': 3, 'timezone': 'Asia/Taipei'}",買賣,大安區,房地(土地+建物)+車位,,臺北市復興南路一段107巷5弄1號二樓,5.24,,1131129,土地:2建物:1車位:1,,二層,,大樓(11層含以上有電梯),住家用,,,44.18,2.0,1.0,1.0,有,有,,5150,136.46,否,坡道平面1,9.37,400,有,,,,,121.544446,25.04373400000001,4,7,17
326,"{'date': '2024-12-18 10:34:28.938083', 'timezone_type': 3, 'timezone': 'Asia/Taipei'}",買賣,信義區,房地(土地+建物)+車位,,臺北市松勤街9號十樓之5,3.8,,1130907,土地:1建物:1車位:1,,十層,,大樓(11層含以上有電梯),住家用,,,35.34,2.0,2.0,1.0,有,有,,4610,130.45,是,坡道機械1,0.0,250,有,,,,,121.5610636,25.03228529999998,1,3,5
327,"{'date': '2024-12-18 10:34:28.939531', 'timezone_type': 3, 'timezone': 'Asia/Taipei'}",買賣,北投區,房地(土地+建物)+車位,,臺北市中山北路七段219巷3弄275號六樓之3,14.77,,1130906,土地:1建物:1車位:1,,六層,,華廈(10層含以下有電梯),住家用,,,38.34,2.0,2.0,2.0,有,有,,2630,68.6,是,坡道機械1,7.86,0,有,,,,建築物含有：其他增建。,121.5303198,25.13239600000001,0,0,0
328,"{'date': '2024-12-18 10:34:28.940884', 'timezone_type': 3, 'timezone': 'Asia/Taipei'}",預售屋,中正區,房地(土地+建物)+車位,南陽龍踞,臺北市中正區黎明里里南陽街,3.48,,1130809,土地:8建物:1車位:1,0棟B號,十層,12.0,住宅大樓(11層含以上有電梯),住家用,鋼筋混凝土造,,38.28,3.0,2.0,2.0,有,,,5345,145.0,否,塔式車位1,3.28,270,,18.81,2.93,16.55,關係人間交易：親友、員工、共有人或其他特殊關係間之交易。,121.5155891,25.04447419999999,3,7,14
329,"{'date': '2024-12-18 10:34:28.942144', 'timezone_type': 3, 'timezone': 'Asia/Taipei'}",買賣,南港區,房地(土地+建物),,臺北市舊莊街一段85號五樓之6,3.1,,1090802,土地:1建物:1車位:,,五層,,大樓(11層含以上有電梯),見其他登記事項,,,18.83,1.0,1.0,1.0,有,有,,973,51.67,否,,0.0,0,有,,,,"預售屋、或土地及建物分件登記案件。原買方劉OO與新買方張OO於113.5.16 簽立權利義務移轉證明更名轉讓,總價款不變",121.6190881,25.04091849999999,0,1,2
330,"{'date': '2024-12-18 10:34:28.943567', 'timezone_type': 3, 'timezone': 'Asia/Taipei'}",預售屋,文山區,房地(土地+建物)+車位,元利四季莊園,臺北市文山區木柵路一段,9.34,,1131106,土地:2建物:1車位:2,F棟21F-F01號,二十一層,26.0,住宅大樓(11層含以上有電梯),住家用,見其他登記事項,,72.56,3.0,2.0,3.0,有,,,6807,106.79,否,坡道平面2,15.0,660,,34.71,2.82,35.03,,121.5498789,24.98742269999999,0,2,3
331,"{'date': '2024-12-18 10:34:28.945078', 'timezone_type': 3, 'timezone': 'Asia/Taipei'}",買賣,萬華區,房地(土地+建物),,臺北市中華路二段666之8號八樓之2,4.49,,1131111,土地:1建物:1車位:,,八層,,大樓(11層含以上有電梯),住家用,,,33.3,3.0,2.0,2.0,有,有,,2150,64.56,否,,0.0,0,有,,,,,121.5111646,25.02414520000001,0,0,6
332,"{'date': '2024-12-18 10:34:28.946447', 'timezone_type': 3, 'timezone': 'Asia/Taipei'}",買賣,內湖區,房地(土地+建物),,臺北市康樂街136巷15弄32號四樓,2.67,,1131013,土地:1建物:1車位:,,四層,,大樓(11層含以上有電梯),商業用,,,14.25,2.0,1.0,1.0,有,有,,1290,90.53,否,,0.0,0,有,,,,建築物含有：夾層。,121.6184601,25.07275219999999,0,1,3
333,"{'date': '2024-12-18 10:34:28.947953', 'timezone_type': 3, 'timezone': 'Asia/Taipei'}",買賣,北投區,車位,,臺北市稻香路161巷1號等共用部份,0.02,,1131024,土地:1建物:1車位:1,,"地下一層,地下二層",,,見其他登記事項,,,2.07,,,,無,有,,150,0.0,-,坡道機械1,0.0,150,有,,,,關係人間交易：親友、員工、共有人或其他特殊關係間之交易。僅車位交易。,121.4884145,25.14200589999997,0,1,1
334,"{'date': '2024-12-18 10:34:28.949295', 'timezone_type': 3, 'timezone': 'Asia/Taipei'}",買賣,松山區,房地(土地+建物),,臺北市八德路四段650號四樓之7,1.17,,1130825,土地:1建物:1車位:,,四層,,大樓(11層含以上有電梯),見其他登記事項,,,10.84,1.0,1.0,1.0,有,有,,1500,138.38,否,,0.0,0,有,,,,建築物含有：陽台外推、夾層、其他增建。,121.5750048,25.04988370000001,1,2,4
335,"{'date': '2024-12-18 10:34:28.950660', 'timezone_type': 3, 'timezone': 'Asia/Taipei'}",租賃,內湖區,房屋,,臺北市環山路一段59巷13號,0.0,,1131105,土地:建物:1車位:,,一層,4.0,公寓(無電梯),住家用,,,22.67,3.0,2.0,2.0,有,無,無,4,1543.89,否,,0.0,0,,,,,租賃標的：含增建或未登記建物。,121.5675559,25.08560110000001,2,2,2
336,"{'date': '2024-12-18 10:34:28.952506', 'timezone_type': 3, 'timezone': 'Asia/Taipei'}",租賃,萬華區,房屋,,臺北市康定路238號四樓,0.0,,1131101,土地:建物:車位:,,四層,11.0,住宅大樓(11層含以上有電梯),見其他登記事項,,,7.26,3.0,0.0,3.0,有,無,有,1,1763.09,否,,0.0,0,,,,,租金：含下列其他衍生費用：水費、網路費、其他-第四台。其他：續租案件。,121.5015759,25.03779749999999,1,3,5
337,"{'date': '2024-12-18 10:34:28.954527', 'timezone_type': 3, 'timezone': 'Asia/Taipei'}",租賃,中山區,房屋,,臺北市長安東路二段234號,0.0,,1131101,土地:建物:1車位:,,一層,12.0,店面(店鋪),商業用,,,29.09,,,,無,有,無,8,2646.96,否,,0.0,0,,,,,租金：含稅。,121.5429664,25.04814929999999,3,8,14
338,"{'date': '2024-12-18 10:34:28.955956', 'timezone_type': 3, 'timezone': 'Asia/Taipei'}",租賃,大安區,房屋,,臺北市仁愛路四段300巷13號,0.0,,1131104,土地:0建物:1車位:,,一層,7.0,店面(店鋪),住商用,,,10.34,,,,無,有,無,6,5802.71,否,,0.0,0,,,,,"租金：含稅。租賃標的：租賃期間有約定不同租金-第一年月租金：每月新台幣六萬元整；
第二~五年月租金：每月新台幣六萬五仟元整。",121.5545097,25.03687320000001,1,3,12
339,"{'date': '2024-12-18 10:34:28.957298', 'timezone_type': 3, 'timezone': 'Asia/Taipei'}",買賣,信義區,房地(土地+建物),,臺北市永吉路278巷12號三樓,9.28,,1131008,土地:1建物:1車位:,,"三層,陽臺",,公寓(5樓含以下無電梯),住家用,,,27.05,3.0,2.0,1.0,有,無,,2175,80.41,否,,0.0,0,無,,,,建築物含有：陽台外推。,121.5741188,25.04472080000001,1,3,5
340,"{'date': '2024-12-18 10:34:28.958661', 'timezone_type': 3, 'timezone': 'Asia/Taipei'}",預售屋,松山區,房地(土地+建物)+車位,金朋馥蓊,臺北市松山區中正里南京東路三段256巷,7.11,,1131107,土地:16建物:1車位:3,0棟D-15F號,十五層,21.0,住宅大樓(11層含以上有電梯),住家用,見其他登記事項,,76.8,,,,無,,,9500,174.4,否,坡道平面3,30.01,1340,,27.58,2.89,46.32,,121.5446925,25.05021039999998,3,8,15
341,"{'date': '2024-12-18 10:34:28.959980', 'timezone_type': 3, 'timezone': 'Asia/Taipei'}",預售屋,北投區,房地(土地+建物)+車位,遠雄泱玥,臺北市北投區福真路,10.08,,1131018,土地:1建物:1車位:1,A02棟F19號,十九層,24.0,住宅大樓(11層含以上有電梯),住家用,鋼骨鋼筋混凝土造,,64.41,4.0,2.0,2.0,有,,,8220,139.81,否,坡道平面1,7.87,315,,32.53,4.22,27.65,,121.5053002,25.09818089999997,0,0,0
342,"{'date': '2024-12-18 10:34:28.961512', 'timezone_type': 3, 'timezone': 'Asia/Taipei'}",租賃,文山區,房屋,,臺北市忠順街一段41巷3弄17號四樓,0.0,,1131104,土地:建物:1車位:,,四層,6.0,華廈(10層含以下有電梯),住家用,,,24.77,2.0,1.0,1.0,有,無,有,2,908.36,否,,0.0,0,,,,,,121.5580862,24.98413960000001,0,0,0
343,"{'date': '2024-12-18 10:34:28.963053', 'timezone_type': 3, 'timezone': 'Asia/Taipei'}",買賣,內湖區,房地(土地+建物)+車位,,臺北市內湖路一段91巷85號二樓,7.62,,1131019,土地:1建物:1車位:1,,二層,,華廈(10層含以下有電梯),見其他登記事項,,,31.23,2.0,1.0,2.0,有,無,,2700,85.53,否,其他1,2.0,200,有,,,,管委會尚未成立,121.5626188,25.0892129,0,2,2
344,"{'date': '2024-12-18 10:34:28.964633', 'timezone_type': 3, 'timezone': 'Asia/Taipei'}",租賃,萬華區,房屋,,臺北市雙園街40巷25號二樓,0.0,,1131107,土地:建物:1車位:,,二層,4.0,公寓(無電梯),住家用,,,29.63,3.0,2.0,1.0,有,無,有,3,860.61,否,,0.0,0,,,,,其他：續租案件。,121.4937354,25.029149,0,1,1
345,"{'date': '2024-12-18 10:34:28.966110', 'timezone_type': 3, 'timezone': 'Asia/Taipei'}",買賣,文山區,房地(土地+建物)+車位,,臺北市政大二街215巷22號八樓,21.55,,1130921,土地:1建物:1車位:1,,八層,,華廈(10層含以下有電梯),見其他登記事項,,,41.75,3.0,2.0,2.0,有,有,,1930,46.23,是,坡道平面1,0.0,0,有,,,,建築物含有：其他增建。車位面積無法概算,121.5876316,24.98918879999999,0,0,1
346,"{'date': '2024-12-18 10:34:28.967747', 'timezone_type': 3, 'timezone': 'Asia/Taipei'}",租賃,中山區,房屋,,臺北市民生東路一段25號十樓之41,0.0,,1131104,土地:建物:1車位:,,十層,12.0,住宅大樓(11層含以上有電梯),住家用,,,8.7,1.0,0.0,1.0,有,有,有,1,1149.43,否,,0.0,0,,,,,,121.5247997,25.05830789999999,1,9,12
347,"{'date': '2024-12-18 10:34:28.969250', 'timezone_type': 3, 'timezone': 'Asia/Taipei'}",租賃,松山區,房屋+車位,,臺北市復興北路167號七樓之1,8.21,,1131105,土地:2建物:2車位:1,,七層,17.0,辦公商業大樓,商業用,,,97.88,6.0,1.0,1.0,有,有,無,20,2002.45,是,坡道平面1,13.97,0,,,,,租金：含稅。,121.5443208,25.05397499999999,3,5,14
348,"{'date': '2024-12-18 10:34:28.970815', 'timezone_type': 3, 'timezone': 'Asia/Taipei'}",買賣,信義區,房地(土地+建物),,臺北市吳興街600巷76弄143號二樓之4,3.38,,1131122,土地:1建物:1車位:,,二層,,華廈(10層含以下有電梯),住家用,,,11.15,1.0,1.0,1.0,有,有,,790,70.85,否,,0.0,0,有,,,,,121.5693198,25.01735640000001,0,0,2
349,"{'date': '2024-12-18 10:34:28.972153', 'timezone_type': 3, 'timezone': 'Asia/Taipei'}",預售屋,萬華區,房地(土地+建物)+車位,龍邦豐馥,臺北市萬華區西園路二段,5.26,,1131021,土地:34建物:1車位:1,1棟B3-4F號,四層,15.0,住宅大樓(11層含以上有電梯),見其他登記事項,見其他登記事項,,51.51,3.0,2.0,2.0,有,,,3390,81.24,否,坡道平面1,13.66,315,,21.86,3.22,26.43,,121.49519,25.02820049999998,0,1,1
350,"{'date': '2024-12-18 10:34:28.973480', 'timezone_type': 3, 'timezone': 'Asia/Taipei'}",預售屋,萬華區,房地(土地+建物),ASTER ONE,臺北市萬華區中華路一段,1.44,,1131104,土地:1建物:1車位:,0棟A13-6F號,六層,15.0,住宅大樓(11層含以上有電梯),住家用,鋼筋混凝土造,,18.32,2.0,1.0,1.0,有,,,2337,127.57,否,,0.0,0,,11.36,0.7,6.26,,121.5086529,25.04381120000001,2,7,10
351,"{'date': '2024-12-18 10:34:28.974834', 'timezone_type': 3, 'timezone': 'Asia/Taipei'}",買賣,松山區,房地(土地+建物),,臺北市南京東路四段52巷23號四樓,4.12,,1100208,土地:1建物:1車位:,,四層,,華廈(10層含以下有電梯),見其他登記事項,,,20.81,2.0,1.0,1.0,有,無,,2410,115.81,否,,0.0,0,有,,,,預售屋、或土地及建物分件登記案件。,121.5537529,25.05061799999997,2,4,12
352,"{'date': '2024-12-18 10:34:28.976212', 'timezone_type': 3, 'timezone': 'Asia/Taipei'}",租賃,內湖區,房屋,,臺北市星雲街15巷49號四樓,0.0,,1131105,土地:建物:1車位:,,四層,5.0,公寓(無電梯),住家用,,,34.35,3.0,1.0,2.0,有,無,無,3,727.8,否,,0.0,0,,,,,其他：續租案件。,121.590041,25.07935200000002,0,2,3
353,"{'date': '2024-12-18 10:34:28.977600', 'timezone_type': 3, 'timezone': 'Asia/Taipei'}",預售屋,大安區,房地(土地+建物)+車位,真?和光,臺北市大安區忠孝東路三段10巷,3.79,,1131015,土地:1建物:1車位:1,0棟5F-A4號,五層,12.0,住宅大樓(11層含以上有電梯),住家用,鋼筋混凝土造,,35.62,2.0,2.0,2.0,有,,,4750,166.1,否,升降平面1,8.95,320,,15.42,1.68,18.52,,121.5335529,25.04163869999999,3,8,18
354,"{'date': '2024-12-18 10:34:28.979000', 'timezone_type': 3, 'timezone': 'Asia/Taipei'}",租賃,北投區,房屋,,臺北市石牌路二段68巷14號,0.0,,1131105,土地:建物:1車位:,,見其他登記事項,2.0,透天厝,住商用,,,20.45,3.0,2.0,2.0,有,無,無,5,0.0,-,,0.0,0,,,,,,121.5165788,25.11628789999999,1,2,2
355,"{'date': '2024-12-18 10:34:28.980444', 'timezone_type': 3, 'timezone': 'Asia/Taipei'}",租賃,北投區,房屋,,臺北市明德路331巷32號四樓,0.0,,1131107,土地:建物:1車位:,,四層,5.0,公寓(無電梯),住家用,,,23.26,2.0,2.0,1.0,有,無,有,2,687.88,否,,0.0,0,,,,,,121.5183799,25.11627229999998,0,2,2
356,"{'date': '2024-12-18 10:34:28.981756', 'timezone_type': 3, 'timezone': 'Asia/Taipei'}",買賣,大安區,房地(土地+建物),,臺北市信義路四段265巷21弄8之1號,10.23,,1131019,土地:3建物:1車位:,,"一層,見使用執照",,公寓(5樓含以下無電梯),,,,28.15,4.0,2.0,4.0,有,無,,2900,103.02,否,,0.0,0,無,,,,關係人間交易：親友、員工、共有人或其他特殊關係間之交易。建築物含有：其他增建。,121.5550528,25.03412859999998,1,3,13
357,"{'date': '2024-12-18 10:34:28.983342', 'timezone_type': 3, 'timezone': 'Asia/Taipei'}",租賃,中山區,房屋,,臺北市龍江路356巷44號二樓,0.0,,1131106,土地:建物:車位:,,二層,5.0,公寓(無電梯),住家用,,,4.27,5.0,1.0,5.0,有,無,有,1,2341.92,否,,0.0,0,,,,,租金：含下列其他衍生費用：水費、網路費、其他-第四台。其他：續租案件。,121.5391961,25.06585880000001,0,2,4
358,"{'date': '2024-12-18 10:34:28.984766', 'timezone_type': 3, 'timezone': 'Asia/Taipei'}",租賃,大安區,房屋,,臺北市泰順街45號八樓之9,0.0,,1131105,土地:0建物:1車位:,,八層,9.0,華廈(10層含以下有電梯),住家用,,,6.63,1.0,0.0,1.0,有,有,有,1,2111.61,否,,0.0,0,,,,,,121.5312946,25.02269460000001,1,3,8
359,"{'date': '2024-12-18 10:34:28.986117', 'timezone_type': 3, 'timezone': 'Asia/Taipei'}",預售屋,大安區,房地(土地+建物)+車位,吾雙,臺北市大安區信義路四段408號,6.46,,1131023,土地:19建物:1車位:1,A棟A1-11F號,十一層,31.0,住宅大樓(11層含以上有電梯),住家用,見其他登記事項,,80.66,4.0,2.0,2.0,有,,,14000,191.89,否,坡道平面1,10.83,600,,41.22,6.58,32.85,關係人間交易：親友、員工、共有人或其他特殊關係間之交易。,121.5570157,25.03288339999999,1,3,9
360,"{'date': '2024-12-18 10:34:28.987385', 'timezone_type': 3, 'timezone': 'Asia/Taipei'}",買賣,中山區,房地(土地+建物),,臺北市八德路二段296號四樓,9.53,,1130913,土地:1建物:1車位:,,四層,,公寓(5樓含以下無電梯),,,,27.75,,,,無,無,,1690,60.9,否,,0.0,0,無,,,,,121.5421186,25.04699160000001,0,9,13
361,"{'date': '2024-12-18 10:34:28.988638', 'timezone_type': 3, 'timezone': 'Asia/Taipei'}",買賣,士林區,土地,,臺北市溪洲段二小段0420-0000地號,15.96,,1131029,土地:1建物:0車位:,,,,,,,,0.0,,,,無,無,,415,26.0,-,,0.0,0,無,,,,,120.5163949,23.8247844,0,0,0
362,"{'date': '2024-12-18 10:34:28.990119', 'timezone_type': 3, 'timezone': 'Asia/Taipei'}",買賣,內湖區,房地(土地+建物)+車位,,臺北市金莊路86號十一樓,12.67,,1130909,土地:2建物:1車位:2,,十一層,,大樓(11層含以上有電梯),商業用,,,84.7,4.0,2.0,2.0,有,有,,4600,66.13,否,坡道平面2,20.89,380,有,,,,建築物含有：其他增建。,121.5873902,25.0633483,0,0,0
363,"{'date': '2024-12-18 10:34:28.991489', 'timezone_type': 3, 'timezone': 'Asia/Taipei'}",租賃,大安區,房屋,,臺北市和平東路二段311巷11之1號六樓,0.0,,1131101,土地:建物:車位:,,六層,10.0,華廈(10層含以下有電梯),商業用,,,4.32,4.0,1.0,2.0,有,有,有,2,3888.89,否,,0.0,0,,,,,租金：含下列其他衍生費用：管理費、網路費、其他-公區使用、清潔服務、垃圾代收、水電修繕。租賃標的：租賃建物部分範圍，且未計入共有部分面積。,121.5452236,25.02514850000001,1,5,7
364,"{'date': '2024-12-18 10:34:28.992915', 'timezone_type': 3, 'timezone': 'Asia/Taipei'}",租賃,中山區,房屋,,臺北市錦州街30巷11號十樓之18,0.0,,1131104,土地:建物:1車位:,,十層,10.0,華廈(10層含以下有電梯),住家用,,,12.75,2.0,1.0,1.0,有,有,有,2,1254.9,否,,0.0,0,,,,,,121.5248649,25.05949919999999,2,9,13
365,"{'date': '2024-12-18 10:34:28.994259', 'timezone_type': 3, 'timezone': 'Asia/Taipei'}",買賣,中山區,房地(土地+建物),,臺北市天祥路16號三樓之3,2.61,,1130924,土地:2建物:1車位:,,三層,,大樓(11層含以上有電梯),住家用,,,14.03,,,,無,有,,1580,112.62,否,,0.0,0,有,,,,,121.5209523,25.0608852,3,9,11
366,"{'date': '2024-12-18 10:34:28.995584', 'timezone_type': 3, 'timezone': 'Asia/Taipei'}",租賃,萬華區,房屋,,臺北市成都路110號六樓之2,0.0,,1131104,土地:建物:1車位:,,六層,12.0,住宅大樓(11層含以上有電梯),見使用執照,,,9.23,1.0,0.0,1.0,有,有,有,1,1300.11,否,,0.0,0,,,,,,121.5018046,25.0436189,0,3,6
367,"{'date': '2024-12-18 10:34:28.996800', 'timezone_type': 3, 'timezone': 'Asia/Taipei'}",買賣,大安區,房地(土地+建物),,臺北市信義路三段147巷17弄16號三樓,12.04,,1130902,土地:1建物:1車位:,,"三層,陽臺",,公寓(5樓含以下無電梯),,,,41.61,3.0,2.0,3.0,有,無,,4498,108.1,否,,0.0,0,無,,,,建築物含有：陽台外推。,121.542828,25.0352693,4,10,16
368,"{'date': '2024-12-18 10:34:28.998046', 'timezone_type': 3, 'timezone': 'Asia/Taipei'}",買賣,內湖區,房地(土地+建物),,臺北市成功路四段214巷3弄7號三樓,8.23,,1131011,土地:1建物:1車位:,,三層,,公寓(5樓含以下無電梯),住家用,,,28.4,3.0,2.0,2.0,有,有,,1850,65.14,否,,0.0,0,無,,,,,121.5960626,25.08510910000002,1,2,3
369,"{'date': '2024-12-18 10:34:28.999405', 'timezone_type': 3, 'timezone': 'Asia/Taipei'}",買賣,中正區,房地(土地+建物)+車位,,臺北市仁愛路二段74號九樓之2,6.9,,1130827,土地:2建物:1車位:2,,九層,,大樓(11層含以上有電梯),見其他登記事項,,,83.31,,,,無,有,,10412,171.3,否,"坡道機械1,坡道平面1",26.44,670,有,,,,,121.5301691,25.03798620000002,2,7,20
370,"{'date': '2024-12-18 10:34:29.000739', 'timezone_type': 3, 'timezone': 'Asia/Taipei'}",買賣,信義區,房地(土地+建物)+車位,,臺北市忠孝東路五段345巷6號四樓之1,10.57,,1131118,土地:1建物:1車位:2,,四層,,大樓(11層含以上有電梯),住家用,,,87.96,2.0,2.0,2.0,有,有,,6800,77.31,是,升降平面2,10.29,0,有,,,,關係人間交易：親友、員工、共有人或其他特殊關係間之交易。,121.5740254,25.0418693,1,2,6
371,"{'date': '2024-12-18 10:34:29.001984', 'timezone_type': 3, 'timezone': 'Asia/Taipei'}",租賃,內湖區,房屋,,臺北市大湖山莊街219巷34弄3之4號,0.0,,1131105,土地:建物:1車位:,,一層,6.0,華廈(10層含以下有電梯),住家用,,,25.53,2.0,1.0,1.0,有,有,有,3,979.24,否,,0.0,0,,,,,,121.5996941,25.08969629999999,0,2,2
372,"{'date': '2024-12-18 10:34:29.003698', 'timezone_type': 3, 'timezone': 'Asia/Taipei'}",預售屋,大安區,房地(土地+建物),吾雙,臺北市大安區信義路四段408號,2.41,,1131004,土地:19建物:1車位:,A棟A9-01F號,一層,31.0,店面(店鋪),見其他登記事項,見其他登記事項,,21.62,0.0,0.0,1.0,有,,,4108,190.01,否,,0.0,0,,17.24,0.0,4.38,,121.5570157,25.03288339999999,1,3,9
373,"{'date': '2024-12-18 10:34:29.005601', 'timezone_type': 3, 'timezone': 'Asia/Taipei'}",預售屋,大安區,房地(土地+建物),吾雙,臺北市大安區信義路四段408號,3.19,,1131006,土地:19建物:1車位:,B棟B5-10F號,十層,31.0,住宅大樓(11層含以上有電梯),見其他登記事項,見其他登記事項,,36.77,0.0,0.0,1.0,有,,,6435,175.01,否,,0.0,0,,21.77,1.07,13.93,雨遮計坪不計價,121.5570157,25.03288339999999,1,3,9
374,"{'date': '2024-12-18 10:34:29.006894', 'timezone_type': 3, 'timezone': 'Asia/Taipei'}",買賣,大安區,房地(土地+建物)+車位,,臺北市和平東路一段250號九樓之1,5.38,,1130124,土地:2建物:1車位:2,,九層,,大樓(11層含以上有電梯),住家用,,,61.06,,,,無,有,,9380,153.62,是,塔式車位2,7.24,0,有,,,,,121.5330105,25.02598299999999,0,4,12
375,"{'date': '2024-12-18 10:34:29.008457', 'timezone_type': 3, 'timezone': 'Asia/Taipei'}",買賣,內湖區,房地(土地+建物),,臺北市內湖路二段103巷92弄16號五樓之1,8.5,,1130519,土地:2建物:1車位:,,五層,,華廈(10層含以下有電梯),見其他登記事項,,,16.48,1.0,1.0,1.0,有,有,,1750,106.19,否,,0.0,0,有,,,,,121.580337,25.0826906,0,1,4
376,"{'date': '2024-12-18 10:34:29.010055', 'timezone_type': 3, 'timezone': 'Asia/Taipei'}",租賃,士林區,房屋,,臺北市福國路13號一樓,0.0,,1131106,土地:建物:2車位:,,一層,4.0,公寓(無電梯),住商用,,,138.71,,,,無,有,無,27,1946.51,否,,0.0,0,,,,,租金：含稅。租賃標的：含有多個門牌且未個別計算租金-北市福國路11號一樓，北市福國路13號一樓、租賃期間有約定不同租金-114年1月10日至119年1月9日每月租金新台幣貳拾柒萬圓整。119年1月10日至124年1月9日每月租金新台幣貳拾柒萬捌仟壹佰圓整。。,121.5248056,25.10205469999999,1,2,3
377,"{'date': '2024-12-18 10:34:29.011481', 'timezone_type': 3, 'timezone': 'Asia/Taipei'}",買賣,信義區,房地(土地+建物),,臺北市吳興街600巷20之1號二樓,8.43,,1131119,土地:2建物:1車位:,,二層,,公寓(5樓含以下無電梯),住家用,,,32.67,3.0,2.0,2.0,有,有,,2268,69.42,否,,0.0,0,無,,,,建築物含有：陽台外推、其他增建。,121.5690841,25.0212728,0,0,3
378,"{'date': '2024-12-18 10:34:29.012809', 'timezone_type': 3, 'timezone': 'Asia/Taipei'}",預售屋,內湖區,房地(土地+建物),力麒·寰山,臺北市內湖區麗山里環山路二段23號旁,3.64,,1131020,土地:6建物:1車位:,0棟A5-5F號,五層,17.0,住宅大樓(11層含以上有電梯),住家用,鋼筋混凝土造,,26.92,2.0,2.0,1.0,有,,,2886,107.21,否,,0.0,0,,14.82,2.56,9.54,,121.5715037999999,25.08608229999997,0,2,2
379,"{'date': '2024-12-18 10:34:29.014182', 'timezone_type': 3, 'timezone': 'Asia/Taipei'}",租賃,中正區,房屋+車位,,臺北市杭州南路一段31號十二樓,0.0,,1131106,土地:建物:1車位:1,,十二層,14.0,住宅大樓(11層含以上有電梯),見其他登記事項,,,41.84,2.0,2.0,2.0,有,有,有,8,2007.65,是,塔式車位1,0.0,0,,,,,租金：含下列其他衍生費用：管理費。,121.5263352,25.04175169999998,1,6,16
380,"{'date': '2024-12-18 10:34:29.015481', 'timezone_type': 3, 'timezone': 'Asia/Taipei'}",租賃,大同區,房屋,,臺北市南京西路288號二樓之9,0.0,,1130606,土地:建物:車位:,,二層,19.0,住宅大樓(11層含以上有電梯),見其他登記事項,,,8.0,9.0,0.0,9.0,有,有,有,2,2968.75,否,,0.0,0,,,,,租金：含下列其他衍生費用：管理費、網路費。租賃標的：租賃建物部分範圍，且未計入共有部分面積。特殊交易情況、條件：親友、員工、共有人或其他特殊關係間之租賃、急出租／急承租。,121.513958,25.05392699999998,0,8,15
381,"{'date': '2024-12-18 10:34:29.016889', 'timezone_type': 3, 'timezone': 'Asia/Taipei'}",買賣,內湖區,房地(土地+建物),,臺北市東湖路113巷95弄138號五樓,13.22,,1130914,土地:1建物:1車位:,,五層,,公寓(5樓含以下無電梯),住家用,,,37.49,4.0,2.0,3.0,有,無,,1500,40.01,否,,0.0,0,無,,,,關係人間交易：親友、員工、共有人或其他特殊關係間之交易。建築物含有：頂樓加蓋。,121.6137767,25.0705679,1,2,3
382,"{'date': '2024-12-18 10:34:29.018253', 'timezone_type': 3, 'timezone': 'Asia/Taipei'}",買賣,文山區,房地(土地+建物)+車位,,臺北市秀明路二段3號十三樓,13.78,,1131017,土地:2建物:1車位:2,,十三層,,大樓(11層含以上有電梯),住家用,,,91.46,3.0,2.0,2.0,有,有,,5688,77.85,否,坡道平面2,24.82,500,有,,,,建築物含有：陽臺外推、其他增建。,121.5742009,24.9921437,0,2,2
383,"{'date': '2024-12-18 10:34:29.019686', 'timezone_type': 3, 'timezone': 'Asia/Taipei'}",買賣,士林區,土地,,臺北市光華段四小段0273-0000地號,1.88,,1130904,土地:1建物:0車位:,,,,,,,,0.0,,,,無,無,,245,130.32,-,,0.0,0,無,,,,關係人間交易：親友、員工、共有人或其他特殊關係間之交易。,121.564258,24.98906829999997,0,0,2
384,"{'date': '2024-12-18 10:34:29.021049', 'timezone_type': 3, 'timezone': 'Asia/Taipei'}",買賣,北投區,建物,,臺北市尊賢街218巷7號七樓,0.0,,1131114,土地:0建物:1車位:1,,七層,,華廈(10層含以下有電梯),住家用,,,28.2,1.0,2.0,1.0,有,有,,745,26.42,-,升降機械1,4.4,0,有,,,,關係人間交易：親友、員工、共有人或其他特殊關係間之交易。,121.508214,25.11577199999999,0,1,3
385,"{'date': '2024-12-18 10:34:29.022408', 'timezone_type': 3, 'timezone': 'Asia/Taipei'}",買賣,大同區,土地,,臺北市橋北段三小段0123-0001地號,12.18,,1131007,土地:5建物:0車位:,,,,,,,,0.0,,,,無,無,,1779,146.06,-,,0.0,0,無,,,,特殊交易標的類型：(包含)公共設施保留地(用地)。與政府有關之交易：協議價購。,121.5654177,25.03296939999999,2,3,6
386,"{'date': '2024-12-18 10:34:29.023901', 'timezone_type': 3, 'timezone': 'Asia/Taipei'}",預售屋,中正區,房地(土地+建物),南陽龍踞,臺北市中正區黎明里里南陽街,1.67,,1130919,土地:8建物:1車位:,0棟A1號,六層,12.0,住宅大樓(11層含以上有電梯),住家用,鋼筋混凝土造,,16.8,1.0,1.0,1.0,有,,,2419,143.99,否,,0.0,0,,9.6,0.83,6.37,關係人間交易：親友、員工、共有人或其他特殊關係間之交易。,121.5155891,25.04447419999999,3,7,14
387,"{'date': '2024-12-18 10:34:29.025294', 'timezone_type': 3, 'timezone': 'Asia/Taipei'}",租賃,松山區,房屋,,臺北市南京東路五段123巷25號六樓之1,0.0,,1131105,土地:建物:1車位:,,六層,7.0,華廈(10層含以下有電梯),住家用,,,35.27,3.0,2.0,2.0,有,有,有,3,929.97,否,,0.0,0,,,,,其他：續租案件。,121.560703,25.05266030000001,1,2,5
388,"{'date': '2024-12-18 10:34:29.026661', 'timezone_type': 3, 'timezone': 'Asia/Taipei'}",租賃,松山區,房屋,,臺北市南京東路四段120巷29弄9之3號,0.0,,1131105,土地:建物:1車位:,,四層,4.0,公寓(無電梯),,,,29.12,3.0,2.0,2.0,有,無,有,3,858.52,否,,0.0,0,,,,,其他：續租案件。,121.5555694,25.05022860000001,2,2,8
389,"{'date': '2024-12-18 10:34:29.028338', 'timezone_type': 3, 'timezone': 'Asia/Taipei'}",買賣,萬華區,土地,,臺北市漢中段三小段0674-0000地號,0.29,,1131120,土地:1建物:0車位:,,,,,,,,0.0,,,,無,無,,53,182.76,-,,0.0,0,無,,,,特殊交易標的類型：(包含)公共設施保留地(用地)。與政府有關之交易：協議價購。,121.5654177,25.03296939999999,2,3,6
390,"{'date': '2024-12-18 10:34:29.029717', 'timezone_type': 3, 'timezone': 'Asia/Taipei'}",買賣,內湖區,房地(土地+建物)+車位,,臺北市康寧路三段69號六樓,15.61,,1130929,土地:1建物:1車位:1,,六層,,大樓(11層含以上有電梯),住家用,,,69.03,3.0,2.0,2.0,有,有,,5800,95.11,否,坡道平面1,10.99,280,有,,,,,121.6086313,25.07222590000001,0,2,3
391,"{'date': '2024-12-18 10:34:29.031098', 'timezone_type': 3, 'timezone': 'Asia/Taipei'}",買賣,松山區,房地(土地+建物)+車位,,臺北市南京東路四段52巷19號八樓,5.2,,1100322,土地:1建物:1車位:1,,八層,,華廈(10層含以下有電梯),見其他登記事項,,,30.6,2.0,1.0,1.0,有,無,,3398,121.86,否,升降機械1,4.34,198,有,,,,預售屋、或土地及建物分件登記案件。,121.5537362,25.05068760000002,2,4,12
392,"{'date': '2024-12-18 10:34:29.032456', 'timezone_type': 3, 'timezone': 'Asia/Taipei'}",買賣,中山區,房地(土地+建物),,臺北市新生北路一段108之3號十二樓之2,0.99,,1131119,土地:6建物:1車位:,,十二層,,大樓(11層含以上有電梯),住家用,,,9.83,1.0,1.0,1.0,有,有,,770,78.33,否,,0.0,0,有,,,,建築物含有：陽台外推。,121.5282707,25.04962970000001,0,8,16
393,"{'date': '2024-12-18 10:34:29.033717', 'timezone_type': 3, 'timezone': 'Asia/Taipei'}",買賣,士林區,房地(土地+建物),,臺北市承德路四段110號三樓之3,4.27,,1130914,土地:1建物:1車位:,,三層,,華廈(10層含以下有電梯),住家用,,,31.89,2.0,2.0,1.0,有,有,,2300,72.12,否,,0.0,0,有,,,,建築物含有：陽台外推。,121.5231579,25.08317149999998,1,1,3
394,"{'date': '2024-12-18 10:34:29.035049', 'timezone_type': 3, 'timezone': 'Asia/Taipei'}",買賣,大安區,房地(土地+建物),,臺北市四維路208巷18號五樓,6.53,,1131030,土地:1建物:1車位:,,五層,,華廈(10層含以下有電梯),住家用,,,29.93,3.0,2.0,2.0,有,無,,980,32.74,否,,0.0,0,有,,,,關係人間交易：親友、員工、共有人或其他特殊關係間之交易。,121.5470093,25.02630310000002,1,6,8
395,"{'date': '2024-12-18 10:34:29.036540', 'timezone_type': 3, 'timezone': 'Asia/Taipei'}",租賃,中山區,房屋,,臺北市中山北路二段137巷24之1號五樓之4,0.0,,1131107,土地:建物:1車位:,,五層,7.0,華廈(10層含以下有電梯),住家用,,,10.49,1.0,0.0,1.0,有,有,有,2,1525.26,否,,0.0,0,,,,,,121.524635,25.06135929999999,1,7,13
396,"{'date': '2024-12-18 10:34:29.038259', 'timezone_type': 3, 'timezone': 'Asia/Taipei'}",租賃,士林區,房屋,,臺北市承德路四段334號四樓,0.0,,1131105,土地:建物:車位:,,四層,5.0,公寓(無電梯),住家用,,,4.7,5.0,0.0,4.0,有,無,有,1,2574.47,否,,0.0,0,,,,,,121.5176244,25.0899399,0,2,3
397,"{'date': '2024-12-18 10:34:29.040142', 'timezone_type': 3, 'timezone': 'Asia/Taipei'}",租賃,中山區,房屋,,臺北市長春路410號十樓之1,0.0,,1131106,土地:建物:1車位:,,十層,12.0,住宅大樓(11層含以上有電梯),住家用,,,19.76,1.0,1.0,1.0,有,有,無,3,1670.04,否,,0.0,0,,,,,租金：含稅。,121.5437483,25.05440700000001,3,5,14
398,"{'date': '2024-12-18 10:34:29.042073', 'timezone_type': 3, 'timezone': 'Asia/Taipei'}",買賣,大安區,房地(土地+建物),,臺北市忠孝東路三段251巷10弄4號,13.76,,1130901,土地:2建物:1車位:,,一層,,透天厝,,,,25.66,3.0,2.0,2.0,有,無,,2000,0.0,-,,0.0,0,無,,,,關係人間交易：親友、員工、共有人或其他特殊關係間之交易。,121.5414365,25.04321349999999,4,8,18
399,"{'date': '2024-12-18 10:34:29.044001', 'timezone_type': 3, 'timezone': 'Asia/Taipei'}",預售屋,中正區,房地(土地+建物),南陽龍踞,臺北市中正區黎明里里南陽街,2.1,,1130910,土地:8建物:1車位:,0棟C號,四層,12.0,住宅大樓(11層含以上有電梯),住家用,鋼筋混凝土造,,21.05,2.0,1.0,1.0,有,,,3038,144.32,否,,0.0,0,,12.07,1.0,7.98,關係人間交易：親友、員工、共有人或其他特殊關係間之交易。,121.5155891,25.04447419999999,3,7,14
400,"{'date': '2024-12-18 10:34:29.045257', 'timezone_type': 3, 'timezone': 'Asia/Taipei'}",租賃,信義區,房屋,,臺北市信義路五段150巷330號八樓之1,0.0,,1131103,土地:建物:1車位:,,八層,13.0,住宅大樓(11層含以上有電梯),住家用,,,17.57,1.0,1.0,1.0,有,有,無,3,1547.47,否,,0.0,0,,,,,其他：此租金已扣管理費NT＄2811。,121.5700525,25.02656479999997,0,2,3
401,"{'date': '2024-12-18 10:34:29.046661', 'timezone_type': 3, 'timezone': 'Asia/Taipei'}",買賣,北投區,房地(土地+建物)+車位,,臺北市公館路209巷27號二樓,15.52,,1130818,土地:3建物:1車位:1,,二層,,華廈(10層含以下有電梯),住家用,,,30.28,2.0,2.0,1.0,有,有,,2100,71.38,否,坡道機械1,2.96,150,有,,,,,121.5084901,25.12800919999999,0,1,2
402,"{'date': '2024-12-18 10:34:29.048072', 'timezone_type': 3, 'timezone': 'Asia/Taipei'}",租賃,萬華區,房屋,,臺北市昆明街76號七樓之9,0.0,,1131104,土地:建物:1車位:,,七層,9.0,華廈(10層含以下有電梯),商業用,,,15.37,1.0,0.0,1.0,有,有,有,2,1171.11,否,,0.0,0,,,,,其他：續租案件。,121.5055166,25.04578029999998,0,3,8
403,"{'date': '2024-12-18 10:34:29.049425', 'timezone_type': 3, 'timezone': 'Asia/Taipei'}",買賣,大安區,房地(土地+建物)+車位,,臺北市和平東路一段250號八樓之1,5.37,,1130124,土地:2建物:1車位:1,,八層,,大樓(11層含以上有電梯),住家用,,,57.32,2.0,1.0,1.0,有,有,,9760,170.27,是,塔式車位1,3.62,0,有,,,,,121.5330105,25.02598299999999,0,4,12
404,"{'date': '2024-12-18 10:34:29.050745', 'timezone_type': 3, 'timezone': 'Asia/Taipei'}",租賃,萬華區,房屋,,臺北市梧州街62號三樓,0.0,,1131105,土地:建物:1車位:,,三層,5.0,公寓(無電梯),住家用,,,13.29,1.0,1.0,1.0,有,無,有,2,1354.4,否,,0.0,0,,,,,,121.4974997,25.03568430000001,1,1,4
405,"{'date': '2024-12-18 10:34:29.052138', 'timezone_type': 3, 'timezone': 'Asia/Taipei'}",預售屋,信義區,房地(土地+建物)+車位,吉祥．如藝,臺北市信義區基隆路一段,2.84,,1131101,土地:10建物:1車位:1,A棟7號,二十二層,23.0,住宅大樓(11層含以上有電梯),住家用,鋼骨鋼筋混凝土造,,47.83,3.0,2.0,2.0,有,,,5949,141.04,否,坡道平面1,8.45,395,,23.28,2.77,21.79,,121.5647643,25.04187739999999,1,3,6
406,"{'date': '2024-12-18 10:34:29.053513', 'timezone_type': 3, 'timezone': 'Asia/Taipei'}",買賣,南港區,房地(土地+建物)+車位,,臺北市市民大道八段205號三樓,32.42,,1100811,土地:1建物:1車位:3,,三層,,大樓(11層含以上有電梯),見其他登記事項,,,238.14,,,,無,有,,28200,135.92,否,坡道平面3,37.29,900,有,,,,預售屋、或土地及建物分件登記案件。,121.6026403,25.05281500000002,1,1,6
407,"{'date': '2024-12-18 10:34:29.054778', 'timezone_type': 3, 'timezone': 'Asia/Taipei'}",租賃,內湖區,房屋,,臺北市新明路273巷6號五樓,0.0,,1131102,土地:建物:車位:,,五層,5.0,華廈(10層含以下有電梯),工業用,,,6.96,18.0,1.0,18.0,有,無,有,1,2126.44,否,,0.0,0,,,,,租金：含下列其他衍生費用：水費、瓦斯費。,121.58631,25.05692180000001,0,1,3
408,"{'date': '2024-12-18 10:34:29.056201', 'timezone_type': 3, 'timezone': 'Asia/Taipei'}",租賃,萬華區,房屋,,臺北市寶興街80巷27號四樓,0.0,,1131107,土地:建物:1車位:,,四層,4.0,公寓(無電梯),住家用,,,23.47,3.0,1.0,1.0,有,無,有,2,894.76,否,,0.0,0,,,,,其他：續租案件。,121.4938337,25.02554280000002,0,0,1
409,"{'date': '2024-12-18 10:34:29.058175', 'timezone_type': 3, 'timezone': 'Asia/Taipei'}",租賃,中山區,房屋,,臺北市新生北路二段68巷30號四樓之2,0.0,,1131102,土地:建物:1車位:,,四層,7.0,華廈(10層含以下有電梯),商業用,,,9.4,1.0,0.0,1.0,有,有,有,2,1914.89,否,,0.0,0,,,,,,121.5263533,25.0566719,0,11,12
410,"{'date': '2024-12-18 10:34:29.059679', 'timezone_type': 3, 'timezone': 'Asia/Taipei'}",預售屋,大安區,房地(土地+建物)+車位,真?和光,臺北市大安區忠孝東路三段10巷,4.24,,1131023,土地:1建物:1車位:1,0棟2F-A2號,二層,12.0,住宅大樓(11層含以上有電梯),住家用,鋼筋混凝土造,,38.49,2.0,2.0,2.0,有,,,5215,163.21,否,升降平面1,8.62,340,,17.18,1.97,19.34,本戶有露臺約定專用面積,121.5335529,25.04163869999999,3,8,18
411,"{'date': '2024-12-18 10:34:29.061068', 'timezone_type': 3, 'timezone': 'Asia/Taipei'}",租賃,中山區,房屋,,臺北市北安路621巷38號四樓,0.0,,1130910,土地:建物:1車位:,,四層,4.0,公寓(無電梯),住家用,,,29.79,3.0,2.0,2.0,有,無,有,3,1074.19,否,,0.0,0,,,,,承租人：多人共同承租，共4人。其他：續租案件。,121.546967,25.08281200000001,2,2,2
412,"{'date': '2024-12-18 10:34:29.062449', 'timezone_type': 3, 'timezone': 'Asia/Taipei'}",租賃,中山區,房屋,,臺北市中山北路一段105巷12號十樓,0.0,,1130930,土地:建物:1車位:,,十層,10.0,華廈(10層含以下有電梯),住家用,,,57.9,4.0,3.0,2.0,有,有,有,8,1418.13,否,,0.0,0,,,,,租金：含下列其他衍生費用：管理費、水費、電費、瓦斯費、網路費。,121.5237076,25.05057030000003,0,10,19
413,"{'date': '2024-12-18 10:34:29.063843', 'timezone_type': 3, 'timezone': 'Asia/Taipei'}",買賣,大安區,房地(土地+建物)+車位,,臺北市和平東路一段121號八樓之3,5.46,,1131110,土地:2建物:1車位:1,,八層,,大樓(11層含以上有電梯),住家用,,,61.75,3.0,2.0,2.0,有,有,,6968,119.28,否,塔式車位1,5.43,250,有,,,,建築物含有：陽台外推。,121.5273326,25.0269076,2,5,8
414,"{'date': '2024-12-18 10:34:29.065295', 'timezone_type': 3, 'timezone': 'Asia/Taipei'}",預售屋,中正區,房地(土地+建物),南陽龍踞,臺北市中正區黎明里里南陽街,1.67,,1130918,土地:8建物:1車位:,0棟A1號,五層,12.0,住宅大樓(11層含以上有電梯),住家用,鋼筋混凝土造,,16.8,1.0,1.0,1.0,有,,,2486,147.98,否,,0.0,0,,9.6,0.83,6.37,,121.5155891,25.04447419999999,3,7,14
415,"{'date': '2024-12-18 10:34:29.066540', 'timezone_type': 3, 'timezone': 'Asia/Taipei'}",預售屋,中正區,房地(土地+建物)+車位,南風裡,臺北市中正區愛國西路,2.61,,1131103,土地:1建物:1車位:1,0棟A號,十三層,14.0,住宅大樓(11層含以上有電梯),住家用,鋼筋混凝土造,,37.46,3.0,2.0,2.0,有,,,4715,135.21,否,塔式車位1,4.29,230,,21.02,1.79,14.64,,121.5118441,25.03572089999999,1,6,11
416,"{'date': '2024-12-18 10:34:29.067845', 'timezone_type': 3, 'timezone': 'Asia/Taipei'}",買賣,內湖區,房地(土地+建物),,臺北市成功路四段222號四樓,7.31,,1131114,土地:1建物:1車位:,,四層,,公寓(5樓含以下無電梯),住家用,,,25.16,3.0,2.0,2.0,有,無,,1512,60.1,否,,0.0,0,無,,,,關係人間交易：親友、員工、共有人或其他特殊關係間之交易。建築物含有：陽台外推。,121.596213,25.08464299999999,1,2,3
417,"{'date': '2024-12-18 10:34:29.069201', 'timezone_type': 3, 'timezone': 'Asia/Taipei'}",租賃,大安區,房屋,,臺北市仁愛路三段28號七樓之3,0.0,,1131103,土地:建物:1車位:,,七層,12.0,辦公商業大樓,,,,18.05,1.0,1.0,1.0,有,無,無,4,1969.86,否,,0.0,0,,,,,,120.2225841,22.97361010000002,0,0,0
418,"{'date': '2024-12-18 10:34:29.070437', 'timezone_type': 3, 'timezone': 'Asia/Taipei'}",租賃,大同區,房屋,,臺北市歸綏街168號五樓,0.0,,1131101,土地:建物:1車位:,,五層,10.0,華廈(10層含以下有電梯),商業用,,,25.63,2.0,1.0,2.0,有,有,無,3,975.42,否,,0.0,0,,,,,,121.512684,25.05808220000002,0,8,11
419,"{'date': '2024-12-18 10:34:29.071798', 'timezone_type': 3, 'timezone': 'Asia/Taipei'}",買賣,大安區,房地(土地+建物),,臺北市羅斯福路二段79號八樓之1,3.81,,1131008,土地:1建物:1車位:,,八層,,大樓(11層含以上有電梯),住家用,,,39.7,2.0,3.0,1.0,有,有,,3170,79.85,否,,0.0,0,有,,,,,121.523349,25.026227,2,5,8
420,"{'date': '2024-12-18 10:34:29.073080', 'timezone_type': 3, 'timezone': 'Asia/Taipei'}",預售屋,內湖區,房地(土地+建物)+車位,力麒·寰山,臺北市內湖區麗山里環山路二段23號旁,5.36,,1131021,土地:6建物:1車位:1,0棟A3-15F號,十五層,17.0,住宅大樓(11層含以上有電梯),住家用,鋼筋混凝土造,,50.81,3.0,2.0,2.0,有,,,4965,116.42,否,坡道平面1,11.17,350,,24.0,1.59,25.22,,121.5715037999999,25.08608229999997,0,2,2
421,"{'date': '2024-12-18 10:34:29.074453', 'timezone_type': 3, 'timezone': 'Asia/Taipei'}",租賃,中正區,房屋,,臺北市中華路二段45號,0.0,,1131104,土地:建物:車位:,,四層,5.0,透天厝,住商用,,,4.8,16.0,4.0,12.0,有,無,有,2,0.0,-,,0.0,0,,,,,租金：含下列其他衍生費用：水費、網路費、其他-垃圾處理費。其他：續租案件。,121.5064183,25.03494330000001,0,4,7
422,"{'date': '2024-12-18 10:34:29.075623', 'timezone_type': 3, 'timezone': 'Asia/Taipei'}",租賃,中山區,房屋,,臺北市中山北路一段84號十三樓之7,0.0,,1131106,土地:建物:1車位:,,十三層,13.0,住宅大樓(11層含以上有電梯),住家用,,,12.1,1.0,0.0,1.0,有,無,有,3,2148.76,否,,0.0,0,,,,,,121.5210754,25.04924199999999,2,8,17
423,"{'date': '2024-12-18 10:34:29.076972', 'timezone_type': 3, 'timezone': 'Asia/Taipei'}",租賃,大安區,房屋,,臺北市通安街138號四樓,5.65,,1131106,土地:1建物:1車位:,,四層,7.0,華廈(10層含以下有電梯),住家用,,,30.69,3.0,2.0,2.0,有,無,無,4,1352.23,否,,0.0,0,,,,,,121.5526124,25.02866080000001,1,2,8
424,"{'date': '2024-12-18 10:34:29.078361', 'timezone_type': 3, 'timezone': 'Asia/Taipei'}",租賃,內湖區,房屋,,臺北市內湖路一段379號三樓,0.0,,1131106,土地:0建物:1車位:,,三層,4.0,公寓(無電梯),住家用,,,27.67,3.0,2.0,1.0,有,無,無,3,1192.63,否,,0.0,0,,,,,,121.5698617,25.0820762,2,2,2
425,"{'date': '2024-12-18 10:34:29.079761', 'timezone_type': 3, 'timezone': 'Asia/Taipei'}",預售屋,內湖區,房地(土地+建物)+車位,力麒·寰山,臺北市內湖區麗山里環山路二段23號旁,4.38,,1131022,土地:6建物:1車位:1,0棟A2-8F號,八層,17.0,住宅大樓(11層含以上有電梯),住家用,鋼筋混凝土造,,43.58,3.0,2.0,2.0,有,,,3911,111.11,否,坡道平面1,11.17,310,,19.82,1.11,22.65,,121.5715037999999,25.08608229999997,0,2,2
426,"{'date': '2024-12-18 10:34:29.081327', 'timezone_type': 3, 'timezone': 'Asia/Taipei'}",買賣,士林區,房地(土地+建物)+車位,,臺北市天母東路105巷9弄10號九樓,7.15,,1130520,土地:1建物:1車位:1,,九層,,大樓(11層含以上有電梯),見其他登記事項,,,46.9,3.0,2.0,2.0,有,有,,4335,95.85,否,其他1,3.97,220,有,,,,預售屋、或土地及建物分件登記案件。,121.5357664,25.11905480000003,0,0,0
427,"{'date': '2024-12-18 10:34:29.082682', 'timezone_type': 3, 'timezone': 'Asia/Taipei'}",買賣,中正區,房地(土地+建物)+車位,,臺北市漢口街一段57號十二樓之3,2.53,,1130912,土地:1建物:1車位:1,,十二層,,大樓(11層含以上有電梯),見其他登記事項,,,40.01,2.0,1.0,1.0,有,有,,4230,135.01,否,坡道平面1,11.42,370,有,,,,,121.5146759,25.04526060000003,3,9,14
428,"{'date': '2024-12-18 10:34:29.084010', 'timezone_type': 3, 'timezone': 'Asia/Taipei'}",買賣,中正區,房地(土地+建物)+車位,,臺北市重慶南路三段39號八樓,12.56,,1130916,土地:2建物:1車位:1,,八層,,大樓(11層含以上有電梯),見其他登記事項,,,72.81,3.0,2.0,2.0,有,有,,8408,132.02,否,坡道平面1,11.85,360,有,,,,,121.5160646,25.02798849999998,0,5,9
429,"{'date': '2024-12-18 10:34:29.085338', 'timezone_type': 3, 'timezone': 'Asia/Taipei'}",租賃,北投區,房屋,,臺北市知行路336號四樓之7,0.0,,1131105,土地:建物:1車位:,,四層,13.0,住宅大樓(11層含以上有電梯),住家用,,,10.1,1.0,0.0,1.0,有,有,有,2,1485.15,否,,0.0,0,,,,,,121.4670258,25.1229406,1,1,3
430,"{'date': '2024-12-18 10:34:29.087135', 'timezone_type': 3, 'timezone': 'Asia/Taipei'}",買賣,松山區,房地(土地+建物)+車位,,臺北市南京東路四段52巷25號八樓,4.12,,1131008,土地:1建物:1車位:2,,"一層,地下一層,地下二層",,華廈(10層含以下有電梯),見其他登記事項,,,47.42,2.0,1.0,1.0,有,無,,2738,107.54,否,升降平面2,26.61,500,有,,,,,121.5537291,25.05061049999999,2,4,12
431,"{'date': '2024-12-18 10:34:29.088537', 'timezone_type': 3, 'timezone': 'Asia/Taipei'}",租賃,內湖區,房屋,,臺北市大湖街158巷2之3號七樓之2,0.0,,1131105,土地:建物:1車位:,,七層,7.0,華廈(10層含以下有電梯),住家用,,,11.25,1.0,0.0,1.0,有,有,有,2,1600.0,否,,0.0,0,,,,,,121.5998338,25.08407489999998,1,2,2
432,"{'date': '2024-12-18 10:34:29.089948', 'timezone_type': 3, 'timezone': 'Asia/Taipei'}",買賣,文山區,土地,,臺北市萬芳段一小段0158-0000地號,130.08,,1130916,土地:1建物:0車位:,,,,,,,,0.0,,,,無,無,,12552,96.49,-,,0.0,0,無,,,,,121.5654268,25.0329636,2,3,6
433,"{'date': '2024-12-18 10:34:29.091307', 'timezone_type': 3, 'timezone': 'Asia/Taipei'}",預售屋,中山區,房地(土地+建物)+車位,新潤朗格,臺北市中山區南京東路三段89巷4弄,6.24,,1131106,土地:3建物:1車位:2,0棟B1-7F號,七層,14.0,住宅大樓(11層含以上有電梯),住家用,鋼骨鋼筋混凝土造,,62.08,3.0,2.0,2.0,有,,,6898,142.29,否,坡道平面2,18.45,690,,25.09,3.32,33.66,雨遮不計價,121.5388683,25.0525587,1,5,15
434,"{'date': '2024-12-18 10:34:29.092821', 'timezone_type': 3, 'timezone': 'Asia/Taipei'}",買賣,中正區,房地(土地+建物)+車位,,臺北市廈門街99巷2之5號,2.57,,1090918,土地:2建物:1車位:1,,"一層,二層,三層,四層,五層,六層,七層,八層,九層,屋頂突出物,地下一層,地下二層,地下三層",,華廈(10層含以下有電梯),見其他登記事項,,,18.76,1.0,1.0,1.0,有,有,,1108,74.96,否,升降機械1,5.58,120,有,,,,預售屋、或土地及建物分件登記案件。,121.5196574,25.02379310000002,2,5,8
435,"{'date': '2024-12-18 10:34:29.095118', 'timezone_type': 3, 'timezone': 'Asia/Taipei'}",買賣,萬華區,房地(土地+建物),,臺北市中華路二段484巷8號十樓之2,5.86,,1131024,土地:1建物:1車位:,,十層,,華廈(10層含以下有電梯),住家用,,,30.55,3.0,2.0,2.0,有,有,,600,19.64,否,,0.0,0,有,,,,關係人間交易：親友、員工、共有人或其他特殊關係間之交易。車位每年抽籤,121.5066848,25.02649720000001,0,0,4
436,"{'date': '2024-12-18 10:34:29.096717', 'timezone_type': 3, 'timezone': 'Asia/Taipei'}",預售屋,內湖區,房地(土地+建物)+車位,力麒·寰山,臺北市內湖區麗山里環山路二段23號旁,4.91,,1131028,土地:6建物:1車位:1,0棟A6-8F號,八層,17.0,住宅大樓(11層含以上有電梯),住家用,鋼筋混凝土造,,47.53,3.0,2.0,2.0,有,,,4280,109.19,否,坡道平面1,11.17,310,,21.5,1.97,24.05,,121.5715037999999,25.08608229999997,0,2,2
437,"{'date': '2024-12-18 10:34:29.098140', 'timezone_type': 3, 'timezone': 'Asia/Taipei'}",租賃,中正區,房屋,,臺北市重慶南路三段36巷7號二樓,0.0,,1131106,土地:建物:1車位:,,二層,4.0,公寓(無電梯),,,,28.48,2.0,1.0,1.0,有,無,有,3,983.15,否,,0.0,0,,,,,,121.5152197,25.02842459999997,0,5,6
438,"{'date': '2024-12-18 10:34:29.099624', 'timezone_type': 3, 'timezone': 'Asia/Taipei'}",預售屋,大安區,房地(土地+建物),三創爵鼎,臺北市大安區市民大道三段92號,1.94,,1131102,土地:1建物:1車位:,0棟B-3F號,三層,13.0,住宅大樓(11層含以上有電梯),住家用,鋼骨鋼筋混凝土造,,11.4,1.0,0.0,1.0,有,,,1545,135.53,否,,0.0,0,,5.93,0.93,4.54,,121.5336553,25.04504640000001,3,5,16
439,"{'date': '2024-12-18 10:34:29.101218', 'timezone_type': 3, 'timezone': 'Asia/Taipei'}",買賣,士林區,房地(土地+建物),,臺北市延平北路五段83巷16號二樓,10.81,,1131105,土地:3建物:1車位:,,二層,,公寓(5樓含以下無電梯),住家用,,,24.12,3.0,1.0,1.0,有,無,,1450,60.12,否,,0.0,0,無,,,,建築物含有：陽台外推。,121.5101132,25.08102280000001,0,0,1
440,"{'date': '2024-12-18 10:34:29.102722', 'timezone_type': 3, 'timezone': 'Asia/Taipei'}",買賣,內湖區,土地,,臺北市東湖段六小段0468-0001地號,1.89,,1131106,土地:2建物:0車位:,,,,,,,,0.0,,,,無,無,,6,3.17,-,,0.0,0,無,,,,特殊交易標的類型：(包含)公共設施保留地(用地)。與政府有關之交易：協議價購。113年度臺北市政府以容積代金基金採購私有公共設施保留地之交易,121.5654268,25.0329636,2,3,6
441,"{'date': '2024-12-18 10:34:29.104140', 'timezone_type': 3, 'timezone': 'Asia/Taipei'}",買賣,北投區,土地,,臺北市立農段四小段0043-0000地號,91.7,,1131106,土地:8建物:0車位:,,,,,,,,0.0,,,,無,無,,1618,17.64,-,,0.0,0,無,,,,特殊交易標的類型：(包含)公共設施保留地(用地)。與政府有關之交易：協議價購。113年度臺北市政府以容積代金基金採購私有公共設施保留地之交易,121.503543,25.12030900000001,0,1,2
442,"{'date': '2024-12-18 10:34:29.105524', 'timezone_type': 3, 'timezone': 'Asia/Taipei'}",租賃,士林區,房屋,,臺北市基河路238號四樓之5,0.0,,1131101,土地:建物:1車位:,,四層,7.0,華廈(10層含以下有電梯),住家用,,,17.92,1.0,0.0,1.0,有,有,無,1,669.64,否,,0.0,0,,,,,其他：續租案件。,121.5214455,25.09110860000002,0,2,3
443,"{'date': '2024-12-18 10:34:29.106928', 'timezone_type': 3, 'timezone': 'Asia/Taipei'}",買賣,萬華區,房地(土地+建物),,臺北市和平西路三段102號,14.67,,1130514,土地:1建物:1車位:,,"一層,二層,騎樓",,公寓(5樓含以下無電梯),,,,48.44,0.0,2.0,2.0,有,無,,5060,104.46,否,,0.0,0,無,,,,建築物含有：其他增建。,121.5007906,25.03507680000002,1,1,4
444,"{'date': '2024-12-18 10:34:29.108327', 'timezone_type': 3, 'timezone': 'Asia/Taipei'}",租賃,中山區,房屋,,臺北市中山北路一段83巷12號九樓之6,0.0,,1131105,土地:建物:1車位:,,九層,18.0,住宅大樓(11層含以上有電梯),見其他登記事項,,,49.01,3.0,2.0,2.0,有,有,有,12,2448.48,否,,0.0,0,,,,,租金：含下列其他衍生費用：管理費。其他：續租案件。,121.5228735,25.04997089999999,2,8,18
445,"{'date': '2024-12-18 10:34:29.109702', 'timezone_type': 3, 'timezone': 'Asia/Taipei'}",租賃,中山區,房屋,,臺北市民權西路9巷22號六樓之2,0.0,,1131101,土地:建物:1車位:,,六層,14.0,住宅大樓(11層含以上有電梯),見其他登記事項,,,19.58,1.0,1.0,1.0,有,有,有,3,1634.32,否,,0.0,0,,,,,租金：含下列其他衍生費用：管理費。其他：續租案件。,121.5217198,25.0636951,2,8,11
446,"{'date': '2024-12-18 10:34:29.111080', 'timezone_type': 3, 'timezone': 'Asia/Taipei'}",買賣,北投區,車位,,臺北市稻香路161巷1號等共用部份,0.02,,1131024,土地:1建物:1車位:1,,"地下一層,地下二層",,,見其他登記事項,,,2.07,,,,無,有,,150,0.0,-,坡道機械1,0.0,150,有,,,,關係人間交易：親友、員工、共有人或其他特殊關係間之交易。僅車位交易。,121.4884145,25.14200589999997,0,1,1
447,"{'date': '2024-12-18 10:34:29.112424', 'timezone_type': 3, 'timezone': 'Asia/Taipei'}",預售屋,士林區,房地(土地+建物)+車位,築觀,臺北市士林區中山北路五段609號,6.62,,1131012,土地:22建物:1車位:1,0棟B1-2F號,二層,21.0,住宅大樓(11層含以上有電梯),住家用,見其他登記事項,,64.25,,,,無,,,6995,125.94,否,坡道平面1,11.01,290,,31.93,2.73,29.6,,121.5275752,25.09604780000002,1,2,3
448,"{'date': '2024-12-18 10:34:29.113662', 'timezone_type': 3, 'timezone': 'Asia/Taipei'}",買賣,士林區,土地,,臺北市溪洲段三小段0647-0000地號,3.03,,1130810,土地:2建物:0車位:,,,,,,,,0.0,,,,無,無,,55,18.15,-,,0.0,0,無,,,,,120.5163949,23.8247844,0,0,0
449,"{'date': '2024-12-18 10:34:29.115007', 'timezone_type': 3, 'timezone': 'Asia/Taipei'}",買賣,士林區,房地(土地+建物),,臺北市天母北路9巷1號四樓,6.75,,1130714,土地:1建物:2車位:,,"一層,二層,三層,四層,屋頂突出物",,華廈(10層含以下有電梯),住家用,,,55.22,4.0,1.0,4.0,有,有,,3600,65.19,否,,0.0,0,有,,,,"土地交易價款：2160萬
建物交易價款：1440萬
本案公共設施面積含有約定專用空間(三層)每層面積約4.5坪，5、6、7層房間數每層一個",121.5266466,25.11918800000002,0,0,2
450,"{'date': '2024-12-18 10:34:29.116294', 'timezone_type': 3, 'timezone': 'Asia/Taipei'}",買賣,文山區,房地(土地+建物),,臺北市木柵路二段109巷100弄76號六樓,12.13,,1130716,土地:2建物:1車位:,,六層,,大樓(11層含以上有電梯),住家用,,,22.18,1.0,2.0,1.0,有,有,,1330,59.96,否,,0.0,0,有,,,,建築物含有：陽臺外推、其他增建。,121.5618748,24.99287620000001,0,2,3
451,"{'date': '2024-12-18 10:34:29.117550', 'timezone_type': 3, 'timezone': 'Asia/Taipei'}",買賣,大安區,房地(土地+建物)+車位,,臺北市敦化南路一段187巷41號,14.38,,1130920,土地:1建物:1車位:1,,"一層,二層",,華廈(10層含以下有電梯),商業用,,,67.87,0.0,2.0,1.0,有,有,,10500,154.71,是,升降平面1,0.0,500,有,,,,建築物含有：陽台外推、夾層、其他增建。,121.5513173,25.04262870000001,0,6,16
452,"{'date': '2024-12-18 10:34:29.118869', 'timezone_type': 3, 'timezone': 'Asia/Taipei'}",買賣,大同區,房地(土地+建物)+車位,,臺北市南京西路227號十四樓之8,3.89,,1131029,土地:1建物:1車位:1,,十四層,,大樓(11層含以上有電梯),見其他登記事項,,,49.1,3.0,2.0,2.0,有,有,,3602,91.01,否,坡道平面1,12.82,300,有,,,,,121.510615,25.05392400000001,0,5,13
453,"{'date': '2024-12-18 10:34:29.120103', 'timezone_type': 3, 'timezone': 'Asia/Taipei'}",買賣,內湖區,土地,,臺北市石潭段二小段0209-0000地號,37.19,,1131025,土地:1建物:0車位:,,,,,,,,0.0,,,,無,無,,254,6.83,-,,0.0,0,無,,,,特殊交易標的類型：(包含)公共設施保留地(用地)。與政府有關之交易：協議價購。113年度臺北市政府以容積代金基金採購私有公共設施保留地之交易,121.5654268,25.0329636,2,3,6
454,"{'date': '2024-12-18 10:34:29.121292', 'timezone_type': 3, 'timezone': 'Asia/Taipei'}",預售屋,大安區,房地(土地+建物)+車位,連雲雲恆,臺北市大安區辛亥路一段,2.54,,1131102,土地:2建物:1車位:1,0棟A-13F號,十三層,15.0,住宅大樓(11層含以上有電梯),住家用,鋼筋混凝土造,,30.08,,,,無,,,3885,155.82,否,其他1,6.88,270,,12.32,2.76,15.0,毛胚屋。雨遮登記不計價,121.5305892,25.02054570000003,1,2,8
455,"{'date': '2024-12-18 10:34:29.122752', 'timezone_type': 3, 'timezone': 'Asia/Taipei'}",租賃,中正區,房屋,,臺北市和平西路一段11號十一樓,0.0,,1131105,土地:建物:車位:,,十一層,11.0,住宅大樓(11層含以上有電梯),商業用,,,12.3,22.0,0.0,22.0,有,無,有,1,715.45,否,,0.0,0,,,,,,121.5215827,25.02710599999999,2,5,9
456,"{'date': '2024-12-18 10:34:29.123971', 'timezone_type': 3, 'timezone': 'Asia/Taipei'}",租賃,大同區,房屋,,臺北市迪化街二段134號三樓,0.0,,1131103,土地:建物:1車位:,,三層,4.0,公寓(無電梯),住家用,,,23.51,2.0,2.0,2.0,有,無,有,3,1063.38,否,,0.0,0,,,,,,121.5095844,25.06633180000002,1,1,6
457,"{'date': '2024-12-18 10:34:29.125229', 'timezone_type': 3, 'timezone': 'Asia/Taipei'}",買賣,大同區,房地(土地+建物),,臺北市民權西路153號十二樓之8,1.03,,1130928,土地:2建物:1車位:,,十二層,,大樓(11層含以上有電梯),見其他登記事項,,,11.9,1.0,0.0,1.0,有,有,,1528,128.4,否,,0.0,0,有,,,,,121.5164038,25.06319570000001,3,5,10
458,"{'date': '2024-12-18 10:34:29.126559', 'timezone_type': 3, 'timezone': 'Asia/Taipei'}",預售屋,北投區,房地(土地+建物)+車位,遠雄商舟,臺北市北投區洲美里福美路與福善路,24.43,,1131105,土地:1建物:1車位:5,A棟A5-12F號,十二層,18.0,辦公商業大樓,商業用,鋼筋混凝土造,,213.49,,,,無,,,13463,69.12,否,坡道平面5,36.01,1195,,95.68,7.31,110.51,,121.5066163,25.100495,0,0,0
459,"{'date': '2024-12-18 10:34:29.127801', 'timezone_type': 3, 'timezone': 'Asia/Taipei'}",租賃,萬華區,房屋,,臺北市內江街88號七樓,0.0,,1131104,土地:建物:1車位:,,七層,9.0,華廈(10層含以下有電梯),住家用,,,35.05,3.0,1.0,2.0,有,有,有,4,998.57,否,,0.0,0,,,,,,121.503896,25.04148399999998,0,3,8
460,"{'date': '2024-12-18 10:34:29.129763', 'timezone_type': 3, 'timezone': 'Asia/Taipei'}",買賣,南港區,土地,,臺北市中南段二小段0116-0003地號,2.39,,990705,土地:1建物:0車位:,,,,,,,,0.0,,,,無,無,,79,33.05,-,,0.0,0,無,,,,,121.5654177,25.03296939999999,2,3,6
461,"{'date': '2024-12-18 10:34:29.131295', 'timezone_type': 3, 'timezone': 'Asia/Taipei'}",租賃,中山區,房屋,,臺北市天津街37號七樓之4,0.0,,1131106,土地:建物:1車位:,,七層,8.0,華廈(10層含以下有電梯),住家用,,,9.25,1.0,0.0,1.0,有,有,有,2,2054.05,否,,0.0,0,,,,,,121.5230089,25.04977329999999,0,8,17
462,"{'date': '2024-12-18 10:34:29.132527', 'timezone_type': 3, 'timezone': 'Asia/Taipei'}",買賣,萬華區,房地(土地+建物),,臺北市廣州街253巷11弄5號三樓,7.26,,1131111,土地:1建物:1車位:,,三層,,公寓(5樓含以下無電梯),住家用,,,18.82,2.0,1.0,1.0,有,無,,950,50.48,否,,0.0,0,無,,,,關係人間交易：親友、員工、共有人或其他特殊關係間之交易。,121.4968752,25.03716409999998,1,1,4
463,"{'date': '2024-12-18 10:34:29.133845', 'timezone_type': 3, 'timezone': 'Asia/Taipei'}",買賣,士林區,房地(土地+建物),,臺北市中山北路七段190巷8之4號七樓,6.22,,1131116,土地:1建物:1車位:,,七層,,華廈(10層含以下有電梯),住家用,,,32.85,5.0,3.0,3.0,有,有,,2080,63.32,否,,0.0,0,有,,,,建築物含有：陽台外推、頂樓加蓋、未登記建物。,121.5333561,25.12495410000001,0,0,0
464,"{'date': '2024-12-18 10:34:29.135115', 'timezone_type': 3, 'timezone': 'Asia/Taipei'}",買賣,內湖區,房地(土地+建物)+車位,,臺北市內湖路三段242號八樓,12.3,,1131104,土地:1建物:1車位:2,,八層,,大樓(11層含以上有電梯),住家用,,,80.51,2.0,2.0,2.0,有,有,,4600,56.56,否,坡道平面2,9.08,560,有,,,,建築物含有：其他增建。,121.588143,25.08880599999999,0,1,2
465,"{'date': '2024-12-18 10:34:29.136314', 'timezone_type': 3, 'timezone': 'Asia/Taipei'}",預售屋,大安區,房地(土地+建物)+車位,富邦藝庭,臺北市大安區仁愛路三段143巷49號,2.82,,1131028,土地:8建物:1車位:1,0棟A3-23F號,二十三層,27.0,住宅大樓(11層含以上有電梯),住家用,見其他登記事項,,44.82,2.0,2.0,2.0,有,,,7036,200.3,否,坡道平面1,11.94,450,,19.84,1.29,23.69,,121.5431695,25.04054050000001,4,11,17
466,"{'date': '2024-12-18 10:34:29.137623', 'timezone_type': 3, 'timezone': 'Asia/Taipei'}",租賃,中山區,房屋,,臺北市錦西街8號五樓,0.0,,1131107,土地:建物:車位:,,五層,7.0,華廈(10層含以下有電梯),住家用,,,14.91,15.0,5.0,10.0,有,無,有,2,1341.38,否,,0.0,0,,,,,,121.5217006,25.0601543,3,8,13
467,"{'date': '2024-12-18 10:34:29.138873', 'timezone_type': 3, 'timezone': 'Asia/Taipei'}",買賣,南港區,車位,,臺北市東明街28號等共用部分,0.66,,1131110,土地:1建物:1車位:1,,"一層,地下一層,地下二層,地下三層",,,見其他登記事項,,,12.26,,,,無,有,,150,0.0,-,坡道平面1,12.26,150,有,,,,僅車位交易。,121.5654268,25.0329636,2,3,6
468,"{'date': '2024-12-18 10:34:29.140054', 'timezone_type': 3, 'timezone': 'Asia/Taipei'}",租賃,文山區,房屋,,臺北市興隆路一段55巷13號四樓,0.0,,1131101,土地:建物:1車位:,,四層,4.0,公寓(無電梯),住家用,,,26.6,3.0,2.0,1.0,有,無,有,3,939.85,否,,0.0,0,,,,,,121.5416202,25.00398939999998,1,1,3
469,"{'date': '2024-12-18 10:34:29.141250', 'timezone_type': 3, 'timezone': 'Asia/Taipei'}",租賃,信義區,房屋,,臺北市松山路421號十樓之1,5.67,,1131106,土地:1建物:1車位:,,十層,17.0,住宅大樓(11層含以上有電梯),住家用,,,19.77,,,,無,有,無,3,1568.03,否,,0.0,0,,,,,租金：含稅。,121.5779957,25.04057280000001,1,2,5
470,"{'date': '2024-12-18 10:34:29.142613', 'timezone_type': 3, 'timezone': 'Asia/Taipei'}",買賣,士林區,房地(土地+建物),,臺北市中正路399巷5號二樓,5.48,,1130921,土地:1建物:1車位:,,二層,,公寓(5樓含以下無電梯),住家用,,,23.22,2.0,1.0,1.0,有,無,,1123,48.36,否,,0.0,0,無,,,,建築物含有：陽台外推、其他增建。,121.5217474,25.0935946,1,2,3
471,"{'date': '2024-12-18 10:34:29.143850', 'timezone_type': 3, 'timezone': 'Asia/Taipei'}",預售屋,信義區,房地(土地+建物),國美榕遇,臺北市信義區基隆路一段83巷與基隆路一段37巷交叉口,2.48,,1131104,土地:15建物:1車位:,A棟A8-05F號,五層,23.0,住宅大樓(11層含以上有電梯),住家用,鋼骨鋼筋混凝土造,,23.11,2.0,2.0,1.0,有,,,3391,146.73,否,,0.0,0,,13.59,1.34,8.19,,121.5688672,25.04671290000001,0,2,5
472,"{'date': '2024-12-18 10:34:29.145082', 'timezone_type': 3, 'timezone': 'Asia/Taipei'}",買賣,萬華區,土地,,臺北市萬華段二小段0512-0000地號,5.45,,1131107,土地:1建物:0車位:,,,,,,,,0.0,,,,無,無,,396,72.66,-,,0.0,0,無,,,,關係人間交易：親友、員工、共有人或其他特殊關係間之交易。土地上有：未登記建物。,121.5024937,25.04413630000001,0,4,8
473,"{'date': '2024-12-18 10:34:29.146296', 'timezone_type': 3, 'timezone': 'Asia/Taipei'}",買賣,萬華區,房地(土地+建物),,臺北市長沙街二段11號十樓之14,0.7,,1131006,土地:11建物:1車位:,,十層,,大樓(11層含以上有電梯),見使用執照,,,5.9,0.0,1.0,1.0,有,有,,475,80.51,否,,0.0,0,有,,,,,121.506922,25.04077190000001,2,5,10
474,"{'date': '2024-12-18 10:34:29.147555', 'timezone_type': 3, 'timezone': 'Asia/Taipei'}",預售屋,大安區,房地(土地+建物)+車位,連雲雲恆,臺北市大安區辛亥路一段,3.74,,1131009,土地:2建物:1車位:1,0棟B-15F號,十五層,15.0,住宅大樓(11層含以上有電梯),住家用,鋼筋混凝土造,,41.14,,,,無,,,5580,155.58,否,其他1,6.88,250,,18.21,4.07,18.85,毛胚屋。雨遮登記不計價,121.5305892,25.02054570000003,1,2,8
475,"{'date': '2024-12-18 10:34:29.148872', 'timezone_type': 3, 'timezone': 'Asia/Taipei'}",買賣,大安區,房地(土地+建物)+車位,,臺北市和平東路一段250號二樓,4.53,,1130124,土地:2建物:1車位:1,,二層,,大樓(11層含以上有電梯),住家用,,,51.26,,,,無,有,,7205,140.56,是,塔式車位1,3.62,0,有,,,,,121.5330105,25.02598299999999,0,4,12
476,"{'date': '2024-12-18 10:34:29.150198', 'timezone_type': 3, 'timezone': 'Asia/Taipei'}",租賃,大同區,房屋,,臺北市重慶北路三段137巷25號四樓,0.0,,1131107,土地:建物:車位:,,四層,5.0,公寓(無電梯),住家用,,,6.6,5.0,1.0,4.0,有,無,有,2,2575.76,否,,0.0,0,,,,,租金：含下列其他衍生費用：水費、網路費、其他-垃圾處理費。其他：續租案件。,121.5150233,25.0680449,0,4,6
477,"{'date': '2024-12-18 10:34:29.151474', 'timezone_type': 3, 'timezone': 'Asia/Taipei'}",買賣,北投區,房地(土地+建物),,臺北市光明路226號九樓,2.56,,1130811,土地:1建物:1車位:,,九層,,華廈(10層含以下有電梯),住家用,,,15.75,1.0,1.0,1.0,有,有,,888,56.38,否,,0.0,0,有,,,,,121.5054091,25.13590690000001,1,1,2
478,"{'date': '2024-12-18 10:34:29.152817', 'timezone_type': 3, 'timezone': 'Asia/Taipei'}",租賃,南港區,房屋,,臺北市忠孝東路六段278巷23弄1號二樓,0.0,,1131103,土地:建物:車位:,,二層,5.0,公寓(無電梯),住家用,,,7.38,4.0,1.0,2.0,有,無,無,2,2276.42,否,,0.0,0,,,,,,121.5896508,25.04850900000001,1,2,3
479,"{'date': '2024-12-18 10:34:29.154144', 'timezone_type': 3, 'timezone': 'Asia/Taipei'}",租賃,士林區,房屋,,臺北市雨農路9號地下,0.0,,1131106,土地:建物:1車位:,,地下層,5.0,公寓(無電梯),見使用執照,,,31.25,1.0,1.0,1.0,有,無,無,2,752.0,否,,0.0,0,,,,,,121.5320715,25.09733740000001,0,1,2
480,"{'date': '2024-12-18 10:34:29.155436', 'timezone_type': 3, 'timezone': 'Asia/Taipei'}",買賣,北投區,房地(土地+建物),,臺北市北投路一段55號十三樓之5,2.71,,1130819,土地:1建物:1車位:,,十三層,,大樓(11層含以上有電梯),見其他登記事項,,,23.84,2.0,2.0,1.0,有,有,,2268,95.13,否,,0.0,0,有,,,,,121.5009306,25.12526090000001,1,1,2
481,"{'date': '2024-12-18 10:34:29.156863', 'timezone_type': 3, 'timezone': 'Asia/Taipei'}",租賃,文山區,房屋,,臺北市保儀路129號,0.0,,1131107,土地:建物:車位:,,十一層,12.0,透天厝,見其他登記事項,,,9.98,16.0,2.0,16.0,有,有,有,2,0.0,-,,0.0,0,,,,,租金：含下列其他衍生費用：水費、網路費。租賃標的：租賃建物部分範圍，且未計入共有部分面積。,121.5672654999999,24.98482709999998,0,0,0
482,"{'date': '2024-12-18 10:34:29.158208', 'timezone_type': 3, 'timezone': 'Asia/Taipei'}",買賣,內湖區,房地(土地+建物),,臺北市康樂街61巷79弄7號四樓,9.3,,1131008,土地:1建物:1車位:,,四層,,公寓(5樓含以下無電梯),住家用,,,25.77,3.0,1.0,1.0,有,無,,1000,38.8,否,,0.0,0,無,,,,,121.6202523,25.07120370000001,0,1,3
483,"{'date': '2024-12-18 10:34:29.159643', 'timezone_type': 3, 'timezone': 'Asia/Taipei'}",買賣,內湖區,房地(土地+建物),,臺北市成功路二段179號二樓,7.58,,1130726,土地:1建物:1車位:,,二層,,公寓(5樓含以下無電梯),住家用,,,26.14,3.0,1.0,2.0,有,無,,1322,50.57,否,,0.0,0,無,,,,建築物含有：其他增建。法定空地增建8.06㎡,121.590722,25.0663683,0,0,1
484,"{'date': '2024-12-18 10:34:29.161081', 'timezone_type': 3, 'timezone': 'Asia/Taipei'}",租賃,中山區,房屋,,臺北市新生北路三段35號三樓,0.0,,1131106,土地:0建物:車位:,,三層,4.0,公寓(無電梯),住家用,,,16.0,2.0,1.0,1.0,有,無,有,2,1375.0,否,,0.0,0,,,,,,121.5280549,25.06496519999997,1,4,10
485,"{'date': '2024-12-18 10:34:29.162567', 'timezone_type': 3, 'timezone': 'Asia/Taipei'}",預售屋,萬華區,房地(土地+建物)+車位,龍邦豐馥,臺北市萬華區西園路二段,3.51,,1131107,土地:34建物:1車位:1,1棟B4-3F號,三層,15.0,住宅大樓(11層含以上有電梯),見其他登記事項,見其他登記事項,,38.59,2.0,2.0,2.0,有,,,2243,78.14,否,坡道平面1,13.66,295,,14.84,1.72,22.03,關係人間交易：親友、員工、共有人或其他特殊關係間之交易。,121.49519,25.02820049999998,0,1,1
486,"{'date': '2024-12-18 10:34:29.164196', 'timezone_type': 3, 'timezone': 'Asia/Taipei'}",買賣,松山區,房地(土地+建物)+車位,,臺北市南京東路四段52巷21號十樓,7.46,,1110118,土地:1建物:1車位:1,,十層,,華廈(10層含以下有電梯),見其他登記事項,,,42.06,3.0,2.0,2.0,有,無,,5050,128.58,否,升降機械1,4.34,200,有,,,,預售屋、或土地及建物分件登記案件。,121.553753,25.0506676,2,4,12
487,"{'date': '2024-12-18 10:34:29.165547', 'timezone_type': 3, 'timezone': 'Asia/Taipei'}",租賃,士林區,房屋,,臺北市通河東街二段10巷5弄1號四樓,0.0,,1131107,土地:建物:1車位:,,四層,4.0,公寓(無電梯),住家用,,,28.1,3.0,1.0,1.0,有,有,有,2,676.16,否,,0.0,0,,,,,,121.5152815,25.09134230000001,0,0,3
488,"{'date': '2024-12-18 10:34:29.166757', 'timezone_type': 3, 'timezone': 'Asia/Taipei'}",買賣,士林區,房地(土地+建物)+車位,,臺北市天母東路105巷9弄10號十樓,7.11,,1130430,土地:1建物:1車位:1,,十層,,大樓(11層含以上有電梯),見其他登記事項,,,46.67,3.0,2.0,2.0,有,有,,4380,97.42,否,其他1,3.97,220,有,,,,預售屋、或土地及建物分件登記案件。,121.5357664,25.11905480000003,0,0,0
489,"{'date': '2024-12-18 10:34:29.168102', 'timezone_type': 3, 'timezone': 'Asia/Taipei'}",租賃,內湖區,房屋,,臺北市新明路273巷6號五樓,0.0,,1131102,土地:建物:車位:,,五層,5.0,華廈(10層含以下有電梯),工業用,,,6.96,18.0,1.0,18.0,有,無,有,1,2126.44,否,,0.0,0,,,,,租金：含下列其他衍生費用：水費、瓦斯費。,121.58631,25.05692180000001,0,1,3
490,"{'date': '2024-12-18 10:34:29.169477', 'timezone_type': 3, 'timezone': 'Asia/Taipei'}",買賣,信義區,房地(土地+建物)+車位,,臺北市信義路五段127號八樓之6,4.27,,1131113,土地:1建物:1車位:1,,八層,,大樓(11層含以上有電梯),住家用,,,31.25,2.0,1.0,1.0,有,有,,2910,103.0,否,坡道機械1,4.94,200,有,,,,建築物含有：其他增建。,121.5741584,25.0339076,1,2,4
491,"{'date': '2024-12-18 10:34:29.171006', 'timezone_type': 3, 'timezone': 'Asia/Taipei'}",買賣,信義區,房地(土地+建物),,臺北市虎林街141巷15弄9號三樓,6.43,,1131019,土地:1建物:1車位:,,三層,,公寓(5樓含以下無電梯),住家用,,,17.1,2.0,1.0,1.0,有,無,,1280,74.85,否,,0.0,0,無,,,,建築物含有：陽台外推、其他增建。,121.5771712,25.03994320000003,1,1,5
492,"{'date': '2024-12-18 10:34:29.172876', 'timezone_type': 3, 'timezone': 'Asia/Taipei'}",買賣,萬華區,房地(土地+建物)+車位,,臺北市大埔街6之1號五樓,16.39,,1130906,土地:2建物:1車位:2,,五層,,華廈(10層含以下有電梯),住家用,,,58.87,3.0,2.0,2.0,有,有,,3500,59.45,是,一樓平面2,0.0,0,有,,,,關係人間交易：親友、員工、共有人或其他特殊關係間之交易。,121.504812,25.03162770000001,0,2,6
493,"{'date': '2024-12-18 10:34:29.174479', 'timezone_type': 3, 'timezone': 'Asia/Taipei'}",預售屋,大安區,房地(土地+建物)+車位,吾雙,臺北市大安區信義路四段408號,6.6,,1131029,土地:19建物:1車位:2,A棟A5-28F號,二十八層,31.0,住宅大樓(11層含以上有電梯),住家用,見其他登記事項,,91.0,4.0,2.0,2.0,有,,,15638,208.19,否,坡道平面2,21.65,1200,,41.22,6.1,43.67,雨遮計坪不計價,121.5570157,25.03288339999999,1,3,9
494,"{'date': '2024-12-18 10:34:29.175924', 'timezone_type': 3, 'timezone': 'Asia/Taipei'}",租賃,信義區,房屋,,臺北市忠孝東路五段410號十八樓之2,0.0,,1131105,土地:建物:1車位:,,十八層,18.0,辦公商業大樓,見使用執照,,,28.34,3.0,2.0,1.0,有,有,無,6,2117.15,否,,0.0,0,,,,,租金：含稅。,121.5750889,25.04075510000002,1,1,6
495,"{'date': '2024-12-18 10:34:29.177298', 'timezone_type': 3, 'timezone': 'Asia/Taipei'}",買賣,大安區,房地(土地+建物),,臺北市延吉街162號二樓之4,5.95,,1131019,土地:1建物:1車位:,,二層,,華廈(10層含以下有電梯),住家用,,,31.24,3.0,2.0,1.0,有,有,,2688,86.04,否,,0.0,0,有,,,,建築物含有：陽台外推。,121.5549636,25.03916000000002,1,2,14
496,"{'date': '2024-12-18 10:34:29.178582', 'timezone_type': 3, 'timezone': 'Asia/Taipei'}",預售屋,文山區,房地(土地+建物)+車位,元利四季莊園,臺北市文山區木柵路一段,9.42,,1131101,土地:2建物:1車位:1,G棟16F-G06號,十六層,33.0,住宅大樓(11層含以上有電梯),住家用,見其他登記事項,,65.52,3.0,2.0,3.0,有,,,6227,101.29,否,坡道平面1,7.5,350,,34.72,3.1,27.7,,121.5498789,24.98742269999999,0,2,3
497,"{'date': '2024-12-18 10:34:29.180532', 'timezone_type': 3, 'timezone': 'Asia/Taipei'}",租賃,北投區,房屋,,臺北市中山路47號三樓之11,0.0,,1131101,土地:建物:1車位:,,三層,12.0,住宅大樓(11層含以上有電梯),住家用,,,9.81,1.0,0.0,1.0,有,有,有,1,1325.18,否,,0.0,0,,,,,,121.5116337,25.1385722,0,1,1
498,"{'date': '2024-12-18 10:34:29.181925', 'timezone_type': 3, 'timezone': 'Asia/Taipei'}",買賣,內湖區,房地(土地+建物)+車位,,臺北市成功路五段408號十三樓之1,16.28,,1131007,土地:3建物:1車位:1,,"十三層,十四層",,大樓(11層含以上有電梯),住家用,,,64.73,,,,無,有,,5500,84.97,是,坡道平面1,11.04,0,有,,,,,121.607701,25.075881,0,0,3
499,"{'date': '2024-12-18 10:34:29.183372', 'timezone_type': 3, 'timezone': 'Asia/Taipei'}",租賃,中山區,房屋,,臺北市中山北路二段62巷9號二樓之1,0.0,,1131106,土地:建物:1車位:,,二層,7.0,華廈(10層含以下有電梯),住家用,,,25.56,2.0,1.0,2.0,有,無,有,4,1369.33,否,,0.0,0,,,,,承租人：多人共同承租，共2人。,121.5219804,25.05681450000001,5,8,16
500,"{'date': '2024-12-18 10:34:29.184773', 'timezone_type': 3, 'timezone': 'Asia/Taipei'}",買賣,萬華區,房地(土地+建物),,臺北市環河南路一段121號五樓,6.61,,1131109,土地:1建物:1車位:,,五層,,華廈(10層含以下有電梯),住家用,,,32.62,3.0,2.0,2.0,有,無,,1480,45.37,否,,0.0,0,有,,,,,121.5006608,25.04284560000001,0,3,5
501,"{'date': '2024-12-18 10:34:29.186208', 'timezone_type': 3, 'timezone': 'Asia/Taipei'}",買賣,中山區,房地(土地+建物),,臺北市合江街144巷4號二樓,9.0,,1131009,土地:1建物:1車位:,,二層,,公寓(5樓含以下無電梯),住家用,,,22.89,3.0,2.0,1.0,有,無,,1630,71.21,否,,0.0,0,無,,,,建築物含有：陽台外推。,121.5388625,25.05979210000001,0,5,9
502,"{'date': '2024-12-18 10:34:29.187778', 'timezone_type': 3, 'timezone': 'Asia/Taipei'}",預售屋,北投區,房地(土地+建物)+車位,遠雄商舟,臺北市北投區洲美里福美路與福善路,24.43,,1131105,土地:1建物:1車位:5,A棟A5-13F號,十三層,18.0,辦公商業大樓,商業用,鋼筋混凝土造,,213.49,,,,無,,,13448,69.04,否,坡道平面5,36.01,1195,,95.68,7.31,110.51,,121.5066163,25.100495,0,0,0
503,"{'date': '2024-12-18 10:34:29.189242', 'timezone_type': 3, 'timezone': 'Asia/Taipei'}",買賣,大安區,土地,,臺北市辛亥段四小段0210-0000地號,22.69,,1131122,土地:1建物:0車位:,,,,,,,,0.0,,,,無,無,,2890,127.37,-,,0.0,0,無,,,,,120.309668,22.66525739999999,0,0,0
504,"{'date': '2024-12-18 10:34:29.190778', 'timezone_type': 3, 'timezone': 'Asia/Taipei'}",預售屋,內湖區,房地(土地+建物)+車位,力麒·寰山,臺北市內湖區麗山里環山路二段23號旁,5.14,,1131021,土地:6建物:1車位:1,0棟A1-10F號,十層,17.0,住宅大樓(11層含以上有電梯),住家用,鋼筋混凝土造,,49.2,3.0,2.0,2.0,有,,,4635,113.2,否,坡道平面1,11.17,330,,22.61,1.94,24.64,,121.5715037999999,25.08608229999997,0,2,2
505,"{'date': '2024-12-18 10:34:29.192299', 'timezone_type': 3, 'timezone': 'Asia/Taipei'}",買賣,萬華區,房地(土地+建物),,臺北市西藏路263號三樓,8.77,,1131111,土地:1建物:1車位:,,三層,,公寓(5樓含以下無電梯),住家用,,,26.67,3.0,2.0,2.0,有,無,,1080,40.49,否,,0.0,0,無,,,,關係人間交易：親友、員工、共有人或其他特殊關係間之交易。建築物含有：其他增建。買方負擔土地增值稅,121.4935808,25.02841739999998,0,0,1
506,"{'date': '2024-12-18 10:34:29.193653', 'timezone_type': 3, 'timezone': 'Asia/Taipei'}",買賣,信義區,房地(土地+建物),,臺北市基隆路一段380巷38號三樓之1,5.29,,1131010,土地:3建物:1車位:,,三層,,大樓(11層含以上有電梯),見其他登記事項,,,26.44,2.0,2.0,1.0,有,有,,2588,97.88,否,,0.0,0,有,,,,建築物含有：陽台外推、其他增建。,121.558248,25.03461390000001,0,4,7
507,"{'date': '2024-12-18 10:34:29.195249', 'timezone_type': 3, 'timezone': 'Asia/Taipei'}",買賣,大安區,房地(土地+建物),,臺北市忠孝東路四段181巷43號五樓,2.77,,1131105,土地:1建物:1車位:,,五層,,華廈(10層含以下有電梯),住家用,,,11.79,1.0,1.0,1.0,有,有,,700,59.37,否,,0.0,0,有,,,,關係人間交易：親友、員工、共有人或其他特殊關係間之交易。,121.5508664,25.0443154,0,6,16
508,"{'date': '2024-12-18 10:34:29.196725', 'timezone_type': 3, 'timezone': 'Asia/Taipei'}",買賣,松山區,房地(土地+建物),,臺北市民生東路五段69巷3弄22號,11.34,,1130920,土地:1建物:1車位:,,"一層,平台",,公寓(5樓含以下無電梯),住家用,,,32.63,3.0,2.0,2.0,有,無,,1198,36.71,否,,0.0,0,無,,,,關係人間交易：親友、員工、共有人或其他特殊關係間之交易。建築物含有：未登記建物。,121.5574173999999,25.05918059999997,0,2,4
509,"{'date': '2024-12-18 10:34:29.198222', 'timezone_type': 3, 'timezone': 'Asia/Taipei'}",租賃,萬華區,房屋,,臺北市漢口街二段73號三樓之12,0.0,,1131105,土地:建物:1車位:,,三層,12.0,住宅大樓(11層含以上有電梯),商業用,,,10.21,1.0,0.0,1.0,有,有,有,1,1371.2,否,,0.0,0,,,,,,121.5050558,25.04616329999998,0,3,8
510,"{'date': '2024-12-18 10:34:29.199681', 'timezone_type': 3, 'timezone': 'Asia/Taipei'}",租賃,內湖區,房屋,,臺北市成功路二段426巷10號三樓,0.0,,1131105,土地:建物:1車位:,,三層,4.0,公寓(無電梯),住家用,,,27.3,3.0,1.0,1.0,有,無,有,3,915.75,否,,0.0,0,,,,,,121.5893586,25.07111639999998,0,1,1
511,"{'date': '2024-12-18 10:34:29.201101', 'timezone_type': 3, 'timezone': 'Asia/Taipei'}",買賣,內湖區,房地(土地+建物),,臺北市大湖山莊街219巷34弄1號四樓,4.63,,1130904,土地:1建物:1車位:,,四層,,華廈(10層含以下有電梯),住家用,,,16.48,1.0,1.0,1.0,有,有,,1303,79.07,否,,0.0,0,有,,,,,121.599625,25.08951500000002,0,2,2
512,"{'date': '2024-12-18 10:34:29.202487', 'timezone_type': 3, 'timezone': 'Asia/Taipei'}",買賣,中山區,房地(土地+建物)+車位,,臺北市林森北路107巷65號五樓之1,5.31,,1131027,土地:1建物:1車位:1,,五層,,華廈(10層含以下有電梯),見其他登記事項,,,28.31,2.0,1.0,2.0,有,有,,2180,77.0,是,升降機械1,3.89,0,有,,,,建築物含有：陽台外推、夾層、其他增建。,121.5273318,25.04987710000002,0,7,16
513,"{'date': '2024-12-18 10:34:29.203860', 'timezone_type': 3, 'timezone': 'Asia/Taipei'}",預售屋,大安區,房地(土地+建物),吾雙,臺北市大安區信義路四段408號,2.24,,1131106,土地:19建物:1車位:,B棟B8-11F號,十一層,31.0,住宅大樓(11層含以上有電梯),見其他登記事項,見其他登記事項,,25.76,0.0,0.0,1.0,有,,,4610,178.96,否,,0.0,0,,14.46,1.56,9.75,雨遮計坪不計價,121.5570157,25.03288339999999,1,3,9
514,"{'date': '2024-12-18 10:34:29.206668', 'timezone_type': 3, 'timezone': 'Asia/Taipei'}",預售屋,內湖區,房地(土地+建物)+車位,力麒·寰山,臺北市內湖區麗山里環山路二段23號旁,5.14,,1131024,土地:6建物:1車位:1,0棟A1-11F號,十一層,17.0,住宅大樓(11層含以上有電梯),住家用,鋼筋混凝土造,,49.2,3.0,2.0,2.0,有,,,4665,113.99,否,坡道平面1,11.17,330,,22.61,1.94,24.64,,121.5715037999999,25.08608229999997,0,2,2
515,"{'date': '2024-12-18 10:34:29.208071', 'timezone_type': 3, 'timezone': 'Asia/Taipei'}",預售屋,大安區,房地(土地+建物),吾雙,臺北市大安區信義路四段408號,2.57,,1131017,土地:19建物:1車位:,B棟B5-31F號,三十一層,31.0,住宅大樓(11層含以上有電梯),住家用,見其他登記事項,,29.69,2.0,2.0,1.0,有,,,6438,216.84,否,,0.0,0,,17.15,2.32,10.23,雨遮計坪不計價,121.5570157,25.03288339999999,1,3,9
516,"{'date': '2024-12-18 10:34:29.209647', 'timezone_type': 3, 'timezone': 'Asia/Taipei'}",買賣,萬華區,土地,,臺北市漢中段三小段0674-0000地號,0.29,,1131120,土地:1建物:0車位:,,,,,,,,0.0,,,,無,無,,53,182.76,-,,0.0,0,無,,,,特殊交易標的類型：(包含)公共設施保留地(用地)。與政府有關之交易：協議價購。,121.5654177,25.03296939999999,2,3,6
517,"{'date': '2024-12-18 10:34:29.211051', 'timezone_type': 3, 'timezone': 'Asia/Taipei'}",租賃,中正區,房屋,,臺北市忠孝東路一段84巷2號十樓之5,0.0,,1131101,土地:建物:1車位:,,十層,12.0,住宅大樓(11層含以上有電梯),見其他登記事項,,,21.54,1.0,1.0,1.0,有,有,有,7,3249.77,否,,0.0,0,,,,,租金：含下列其他衍生費用：管理費、水費、電費、網路費、其他-有線電視費用。,121.5239056,25.04424049999999,1,5,18
518,"{'date': '2024-12-18 10:34:29.212418', 'timezone_type': 3, 'timezone': 'Asia/Taipei'}",預售屋,大安區,房地(土地+建物),吾雙,臺北市大安區信義路四段408號,3.16,,1130923,土地:19建物:1車位:,B棟B2-11F號,十一層,31.0,住宅大樓(11層含以上有電梯),見其他登記事項,見其他登記事項,,36.43,0.0,0.0,1.0,有,,,6618,181.66,否,,0.0,0,,21.26,1.38,13.79,雨遮計坪不計價,121.5570157,25.03288339999999,1,3,9
519,"{'date': '2024-12-18 10:34:29.213782', 'timezone_type': 3, 'timezone': 'Asia/Taipei'}",租賃,南港區,房屋,,臺北市南港路一段131號,0.0,,1131106,土地:0建物:1車位:,,見其他登記事項,1.0,透天厝,住家用,,,20.66,,,,無,有,無,8,0.0,-,,0.0,0,,,,,租金：含稅。,121.6140704,25.0549537,3,6,8
520,"{'date': '2024-12-18 10:34:29.215200', 'timezone_type': 3, 'timezone': 'Asia/Taipei'}",買賣,內湖區,房地(土地+建物),,臺北市成功路四段48號九樓,3.7,,1130929,土地:1建物:1車位:,,九層,,大樓(11層含以上有電梯),商業用,,,39.55,4.0,2.0,2.0,有,有,,2610,65.99,否,,0.0,0,有,,,,建築物含有：其他增建。,121.5920477,25.08217360000003,1,2,3
521,"{'date': '2024-12-18 10:34:29.216625', 'timezone_type': 3, 'timezone': 'Asia/Taipei'}",租賃,內湖區,房屋,,臺北市陽光街92巷29號,0.0,,1131106,土地:建物:1車位:,,一層,5.0,公寓(無電梯),商業用,,,29.86,3.0,3.0,3.0,有,無,無,3,1004.69,否,,0.0,0,,,,,,121.5850966,25.07630109999998,1,1,2
522,"{'date': '2024-12-18 10:34:29.217997', 'timezone_type': 3, 'timezone': 'Asia/Taipei'}",買賣,士林區,房地(土地+建物)+車位,,臺北市中山北路七段114巷1號八樓,11.0,,1091212,土地:1建物:1車位:1,,八層,,華廈(10層含以下有電梯),見其他登記事項,,,57.22,3.0,2.0,2.0,有,有,,5100,92.97,否,坡道平面1,5.05,250,有,,,,預售屋、或土地及建物分件登記案件。原買方於113年9月20日簽立權利轉讓協議書，總價款不變。,121.532141,25.12215889999999,0,0,0
523,"{'date': '2024-12-18 10:34:29.219227', 'timezone_type': 3, 'timezone': 'Asia/Taipei'}",租賃,中正區,房屋,,臺北市汀州路二段261號四樓,0.0,,1131103,土地:建物:車位:,,四層,5.0,公寓(無電梯),住家用,,,4.33,5.0,1.0,2.0,有,無,有,1,2309.47,否,,0.0,0,,,,,租金：含下列其他衍生費用：網路費。,121.5234824,25.02285350000001,3,3,8
524,"{'date': '2024-12-18 10:34:29.220576', 'timezone_type': 3, 'timezone': 'Asia/Taipei'}",租賃,大安區,房屋,,臺北市大安路二段139號四樓,0.0,,1131105,土地:建物:1車位:,,四層,4.0,公寓(無電梯),,,,29.01,3.0,2.0,2.0,有,無,有,3,1130.64,否,,0.0,0,,,,,其他：續租案件。,121.5461772,25.02855,1,6,11
525,"{'date': '2024-12-18 10:34:29.221777', 'timezone_type': 3, 'timezone': 'Asia/Taipei'}",預售屋,北投區,房地(土地+建物)+車位,遠雄泱玥,臺北市北投區福真路,8.34,,1131016,土地:1建物:1車位:1,A01棟F10號,十層,24.0,住宅大樓(11層含以上有電梯),住家用,鋼骨鋼筋混凝土造,,54.63,3.0,2.0,2.0,有,,,5798,117.26,否,坡道平面1,7.87,315,,27.45,2.94,24.23,,121.5053002,25.09818089999997,0,0,0
526,"{'date': '2024-12-18 10:34:29.223073', 'timezone_type': 3, 'timezone': 'Asia/Taipei'}",買賣,內湖區,房地(土地+建物),,臺北市新明路333巷4號二樓,13.31,,1131005,土地:1建物:1車位:,,"二層,陽台",,公寓(5樓含以下無電梯),工業用,,,31.44,0.0,1.0,2.0,有,無,,1460,46.44,否,,0.0,0,無,,,,建築物含有：陽台外推、其他增建。其他增建: 鐵鋁窗增建,121.5838148,25.05630880000001,0,1,3
527,"{'date': '2024-12-18 10:34:29.224369', 'timezone_type': 3, 'timezone': 'Asia/Taipei'}",買賣,萬華區,房地(土地+建物),,臺北市民和街100號七樓之3,7.57,,1131113,土地:1建物:1車位:,,七層,,大樓(11層含以上有電梯),見其他登記事項,,,45.49,3.0,2.0,2.0,有,有,,3728,81.95,否,,0.0,0,有,,,,,121.5654268,25.0329636,2,3,6
528,"{'date': '2024-12-18 10:34:29.225729', 'timezone_type': 3, 'timezone': 'Asia/Taipei'}",租賃,大同區,房屋,,臺北市南京西路288號二樓之9,0.0,,1130712,土地:建物:車位:,,二層,19.0,住宅大樓(11層含以上有電梯),見其他登記事項,,,7.0,9.0,0.0,9.0,有,有,有,3,3714.29,否,,0.0,0,,,,,租金：含下列其他衍生費用：管理費、網路費。租賃標的：租賃建物部分範圍，且未計入共有部分面積。,121.513958,25.05392699999998,0,8,15
529,"{'date': '2024-12-18 10:34:29.227136', 'timezone_type': 3, 'timezone': 'Asia/Taipei'}",租賃,中正區,房屋,,臺北市杭州北路28號六樓,0.0,,1131107,土地:建物:1車位:,,六層,12.0,住宅大樓(11層含以上有電梯),商業用,,,41.68,3.0,2.0,2.0,有,有,無,5,1295.59,否,,0.0,0,,,,,承租人：多人共同承租，共2人。,121.527065,25.04533580000001,1,6,15
530,"{'date': '2024-12-18 10:34:29.228547', 'timezone_type': 3, 'timezone': 'Asia/Taipei'}",買賣,松山區,土地,,臺北市敦化段三小段0518-0000地號,0.51,,1131116,土地:1建物:0車位:,,,,,,,,0.0,,,,無,無,,12,23.53,-,,0.0,0,無,,,,,121.5639969,25.037531,2,4,6
531,"{'date': '2024-12-18 10:34:29.229966', 'timezone_type': 3, 'timezone': 'Asia/Taipei'}",買賣,萬華區,房地(土地+建物),,臺北市萬大路97號,11.53,,1130818,土地:2建物:1車位:,,"一層,騎樓",,公寓(5樓含以下無電梯),見使用執照,,,41.46,0.0,2.0,2.0,有,無,,2698,65.07,否,,0.0,0,無,,,,建築物含有：其他增建。,121.5007044,25.03002429999996,0,1,2
532,"{'date': '2024-12-18 10:34:29.231290', 'timezone_type': 3, 'timezone': 'Asia/Taipei'}",租賃,北投區,房屋,,臺北市稻香路37巷15號,0.0,,1131107,土地:建物:1車位:,,一層,2.0,公寓(無電梯),住家用,,,15.43,2.0,1.0,1.0,有,無,無,1,907.32,否,,0.0,0,,,,,,121.4895334,25.13929759999998,1,1,2
533,"{'date': '2024-12-18 10:34:29.232685', 'timezone_type': 3, 'timezone': 'Asia/Taipei'}",租賃,士林區,房屋,,臺北市社子街112巷1號三樓,0.0,,1131105,土地:建物:1車位:,,三層,3.0,公寓(無電梯),住家用,,,24.7,3.0,2.0,1.0,有,無,有,2,931.17,否,,0.0,0,,,,,,121.5052559,25.08763930000002,0,0,0
534,"{'date': '2024-12-18 10:34:29.234067', 'timezone_type': 3, 'timezone': 'Asia/Taipei'}",租賃,北投區,房屋,,臺北市西安街二段245號五樓,0.0,,1131106,土地:建物:車位:,,五層,6.0,華廈(10層含以下有電梯),住家用,,,8.25,8.0,0.0,8.0,有,無,有,1,1454.55,否,,0.0,0,,,,,租金：含下列其他衍生費用：水費、瓦斯費。,121.508298,25.12013750000001,0,2,2
535,"{'date': '2024-12-18 10:34:29.235397', 'timezone_type': 3, 'timezone': 'Asia/Taipei'}",租賃,北投區,房屋,,臺北市大度路三段301巷61之1號,0.0,,1130910,土地:建物:車位:,,一層,4.0,公寓(無電梯),住家用,,,9.01,4.0,0.0,4.0,有,無,有,1,1109.88,否,,0.0,0,,,,,其他：續租案件。,121.4659445,25.12146989999998,1,1,3
536,"{'date': '2024-12-18 10:34:29.236807', 'timezone_type': 3, 'timezone': 'Asia/Taipei'}",租賃,大同區,房屋,,臺北市南京西路288號二樓之9,0.0,,1130503,土地:建物:車位:,,二層,19.0,住宅大樓(11層含以上有電梯),見其他登記事項,,,6.6,9.0,0.0,9.0,有,有,有,2,3030.3,否,,0.0,0,,,,,租金：含下列其他衍生費用：管理費、網路費。租賃標的：租賃建物部分範圍，且未計入共有部分面積。特殊交易情況、條件：親友、員工、共有人或其他特殊關係間之租賃、急出租／急承租。,121.513958,25.05392699999998,0,8,15
537,"{'date': '2024-12-18 10:34:29.238195', 'timezone_type': 3, 'timezone': 'Asia/Taipei'}",租賃,中正區,房屋,,臺北市汀州路一段140巷44號,0.0,,1131105,土地:建物:車位:,,一層,2.0,公寓(無電梯),,,,5.7,5.0,0.0,5.0,有,無,有,2,3421.05,否,,0.0,0,,,,,租金：含下列其他衍生費用：水費、網路費、其他-垃圾處理費。,121.5073622,25.02968930000002,0,1,6
538,"{'date': '2024-12-18 10:34:29.239634', 'timezone_type': 3, 'timezone': 'Asia/Taipei'}",買賣,內湖區,房地(土地+建物)+車位,,臺北市民權東路六段210巷23號六樓,9.64,,1130910,土地:1建物:3車位:2,,六層,,華廈(10層含以下有電梯),住家用,,,96.97,3.0,2.0,2.0,有,有,,5058,52.16,是,"坡道平面1,塔式車位1",0.0,0,有,,,,建築物含有：其他增建。,121.5978341,25.06655490000001,0,0,2
539,"{'date': '2024-12-18 10:34:29.241080', 'timezone_type': 3, 'timezone': 'Asia/Taipei'}",買賣,大安區,房地(土地+建物),,臺北市復興南路一段135巷17號八樓之4,2.51,,1130831,土地:2建物:1車位:,,"八層,陽臺",,大樓(11層含以上有電梯),住家用,,,17.34,1.0,1.0,1.0,有,有,,1682,97.0,否,,0.0,0,有,,,,,121.5451562,25.04268620000001,4,4,18
540,"{'date': '2024-12-18 10:34:29.242502', 'timezone_type': 3, 'timezone': 'Asia/Taipei'}",租賃,內湖區,房屋,,臺北市文德路163號二樓,33.45,,1131103,土地:1建物:1車位:,,二層,5.0,公寓(無電梯),住家用,,,41.49,3.0,2.0,2.0,有,有,無,3,819.47,否,,0.0,0,,,,,,121.585203,25.078821,1,1,2
541,"{'date': '2024-12-18 10:34:29.243946', 'timezone_type': 3, 'timezone': 'Asia/Taipei'}",租賃,中山區,房屋,,臺北市中山北路二段59巷27弄18號,0.0,,1131106,土地:建物:1車位:,,見其他登記事項,1.0,透天厝,,,,15.5,2.0,2.0,1.0,有,無,無,2,0.0,-,,0.0,0,,,,,,121.5245638,25.0557609,3,11,14
542,"{'date': '2024-12-18 10:34:29.245230', 'timezone_type': 3, 'timezone': 'Asia/Taipei'}",預售屋,內湖區,房地(土地+建物)+車位,力麒·寰山,臺北市內湖區麗山里環山路二段23號旁,5.36,,1131021,土地:6建物:1車位:1,0棟A3-10F號,十層,17.0,住宅大樓(11層含以上有電梯),住家用,鋼筋混凝土造,,50.81,3.0,2.0,2.0,有,,,4777,112.44,否,坡道平面1,11.17,320,,24.0,1.59,25.21,,121.5715037999999,25.08608229999997,0,2,2
543,"{'date': '2024-12-18 10:34:29.246541', 'timezone_type': 3, 'timezone': 'Asia/Taipei'}",買賣,大安區,房地(土地+建物)+車位,,臺北市復興南路一段370號五樓,30.71,,1131112,土地:1建物:3車位:3,,五層,,大樓(11層含以上有電梯),商業用,,,356.42,,,,無,有,,30627,85.93,是,坡道平面3,0.0,978,有,,,,,121.5433509,25.03473130000001,4,11,16
544,"{'date': '2024-12-18 10:34:29.247842', 'timezone_type': 3, 'timezone': 'Asia/Taipei'}",買賣,中山區,房地(土地+建物)+車位,,臺北市中山北路一段84號五樓之2,1.19,,1130922,土地:1建物:1車位:1,,五層,,大樓(11層含以上有電梯),住家用,,,15.42,1.0,2.0,1.0,有,有,,1540,109.62,否,塔式車位1,2.74,150,有,,,,建築物含有：夾層、其他增建。塔式車位無固定樓層，先到先停。,121.5210754,25.04924199999999,2,8,17
545,"{'date': '2024-12-18 10:34:29.249210', 'timezone_type': 3, 'timezone': 'Asia/Taipei'}",預售屋,大安區,房地(土地+建物)+車位,連雲雲恆,臺北市大安區辛亥路一段,3.77,,1130928,土地:2建物:1車位:2,0棟B-11F號,十一層,15.0,住宅大樓(11層含以上有電梯),住家用,鋼筋混凝土造,,48.02,,,,無,,,5757,152.32,否,其他2,13.77,540,,18.21,4.07,25.74,毛胚屋。雨遮登記不計價,121.5305892,25.02054570000003,1,2,8
546,"{'date': '2024-12-18 10:34:29.250603', 'timezone_type': 3, 'timezone': 'Asia/Taipei'}",買賣,大安區,房地(土地+建物),,臺北市信義路二段198巷42號三樓之10,8.19,,1131019,土地:1建物:1車位:,,三層,,華廈(10層含以下有電梯),住家用,,,30.06,1.0,1.0,1.0,有,有,,2520,83.83,否,,0.0,0,有,,,,建築物含有：陽台外推、其他增建。,121.5314081,25.03021649999999,3,5,16
547,"{'date': '2024-12-18 10:34:29.251967', 'timezone_type': 3, 'timezone': 'Asia/Taipei'}",買賣,松山區,房地(土地+建物)+車位,,臺北市南京東路四段52巷21號八樓,5.2,,1130821,土地:1建物:1車位:1,,八層,,華廈(10層含以下有電梯),見其他登記事項,,,30.6,2.0,1.0,1.0,有,無,,3000,108.53,否,升降機械1,4.34,150,有,,,,,121.553753,25.0506676,2,4,12
548,"{'date': '2024-12-18 10:34:29.253381', 'timezone_type': 3, 'timezone': 'Asia/Taipei'}",買賣,松山區,房地(土地+建物)+車位,,臺北市南京東路四段52巷19號九樓,7.44,,1131111,土地:1建物:1車位:1,,九層,,華廈(10層含以下有電梯),見其他登記事項,,,41.94,3.0,2.0,2.0,有,無,,4386,111.73,否,升降機械1,4.34,185,有,,,,,121.5537362,25.05068760000002,2,4,12
549,"{'date': '2024-12-18 10:34:29.254795', 'timezone_type': 3, 'timezone': 'Asia/Taipei'}",預售屋,大安區,房地(土地+建物)+車位,吾雙,臺北市大安區信義路四段408號,2.99,,1130924,土地:19建物:1車位:1,A棟A10-01F號,一層,31.0,店面(店鋪),見其他登記事項,見其他登記事項,,36.34,0.0,0.0,1.0,有,,,5180,183.46,否,坡道平面1,10.83,500,,20.3,0.0,16.04,雨遮計坪不計價,121.5570157,25.03288339999999,1,3,9
550,"{'date': '2024-12-18 10:34:29.256184', 'timezone_type': 3, 'timezone': 'Asia/Taipei'}",租賃,大同區,房屋,,臺北市南京西路41號八樓之1,0.0,,1131101,土地:建物:1車位:,,八層,13.0,住宅大樓(11層含以上有電梯),見其他登記事項,,,37.28,1.0,1.0,1.0,有,有,無,7,1837.45,否,,0.0,0,,,,,租金：含下列其他衍生費用：管理費。其他：續租案件。,121.5198509,25.05292719999999,4,7,16
551,"{'date': '2024-12-18 10:34:29.257597', 'timezone_type': 3, 'timezone': 'Asia/Taipei'}",買賣,北投區,土地,,臺北市立農段一小段0111-0000地號,15.39,,1131106,土地:1建物:0車位:,,,,,,,,0.0,,,,無,無,,349,22.68,-,,0.0,0,無,,,,特殊交易標的類型：(包含)公共設施保留地(用地)。與政府有關之交易：協議價購。113年度臺北市政府以容積代金基金採購私有公共設施保留地之交易,121.503543,25.12030900000001,0,1,2
552,"{'date': '2024-12-18 10:34:29.259027', 'timezone_type': 3, 'timezone': 'Asia/Taipei'}",買賣,中正區,土地,,臺北市永昌段五小段0391-0000地號,0.61,,1131120,土地:3建物:0車位:,,,,,,,,0.0,,,,無,無,,133,218.03,-,,0.0,0,無,,,,,121.5101833999999,25.02715180000002,0,3,6
553,"{'date': '2024-12-18 10:34:29.260441', 'timezone_type': 3, 'timezone': 'Asia/Taipei'}",預售屋,文山區,房地(土地+建物)+車位,將捷旅境.-真境,臺北市文山區木柵路二段１６８巷１號,5.98,,1131102,土地:26建物:1車位:1,A棟A3-9F號,九層,22.0,住宅大樓(11層含以上有電梯),見其他登記事項,鋼筋混凝土造,,48.11,3.0,2.0,2.0,有,,,3925,94.0,否,坡道平面1,9.92,335,,22.21,3.44,22.46,雨遮面積登記不計價,121.562478,24.988687,0,0,2
554,"{'date': '2024-12-18 10:34:29.261812', 'timezone_type': 3, 'timezone': 'Asia/Taipei'}",租賃,北投區,房屋,,臺北市中和街493巷4號三樓,0.0,,1131106,土地:建物:車位:,,三層,5.0,公寓(無電梯),住家用,,,6.54,4.0,0.0,4.0,有,無,有,1,840.98,否,,0.0,0,,,,,,121.4947888,25.14499139999999,0,0,2
555,"{'date': '2024-12-18 10:34:29.263288', 'timezone_type': 3, 'timezone': 'Asia/Taipei'}",租賃,信義區,房屋,,臺北市松德路25巷58號五樓,0.0,,1131102,土地:建物:車位:,,五層,6.0,華廈(10層含以下有電梯),住家用,,,4.54,5.0,2.0,2.0,有,有,有,2,3744.49,否,,0.0,0,,,,,租賃標的：租賃建物部分範圍，且未計入共有部分面積。,121.577474,25.037844,1,2,5
556,"{'date': '2024-12-18 10:34:29.264869', 'timezone_type': 3, 'timezone': 'Asia/Taipei'}",買賣,文山區,車位,,臺北市久康街24巷1號等共有部分,0.01,,1131126,土地:1建物:1車位:1,,"一層,二層,三層,四層,五層,六層,七層,屋頂突出物,地下一層",7.0,,共有部分,鋼筋混凝土造,980805.0,2.55,,,,無,有,,70,0.0,-,升降機械1,2.55,70,有,,,,關係人間交易：親友、員工、共有人或其他特殊關係間之交易。僅車位交易。,121.5654251,24.98926159999998,0,0,2
557,"{'date': '2024-12-18 10:34:29.266778', 'timezone_type': 3, 'timezone': 'Asia/Taipei'}",買賣,中正區,土地,,臺北市永昌段五小段0391-0000地號,0.61,,1131120,土地:3建物:0車位:,,,,,,,,0.0,,,,無,無,,133,218.03,-,,0.0,0,無,,,,,121.5101833999999,25.02715180000002,0,3,6
558,"{'date': '2024-12-18 10:34:29.268494', 'timezone_type': 3, 'timezone': 'Asia/Taipei'}",買賣,大同區,房地(土地+建物),,臺北市延平北路四段155之1號二樓,3.29,,1131021,土地:3建物:1車位:,,二層,,公寓(5樓含以下無電梯),住家用,,,9.73,,,,無,無,,550,56.53,否,,0.0,0,無,,,,,121.5113062,25.07272169999998,0,1,5
559,"{'date': '2024-12-18 10:34:29.269957', 'timezone_type': 3, 'timezone': 'Asia/Taipei'}",買賣,中山區,房地(土地+建物),,臺北市中山北路二段65巷2弄58號六樓之1,1.74,,1131124,土地:1建物:1車位:,,六層,,華廈(10層含以下有電梯),商業用,,,9.27,2.0,1.0,1.0,有,有,,760,81.98,否,,0.0,0,有,,,,,121.524089,25.05674179999998,3,11,15
560,"{'date': '2024-12-18 10:34:29.271401', 'timezone_type': 3, 'timezone': 'Asia/Taipei'}",租賃,萬華區,房屋,,臺北市西園路二段261巷12弄44號十二樓,0.0,,1131105,土地:0建物:1車位:,,十二層,12.0,住宅大樓(11層含以上有電梯),住家用,,,15.89,1.0,0.0,1.0,有,有,有,2,943.99,否,,0.0,0,,,,,,121.4918072,25.02475680000002,0,0,1
561,"{'date': '2024-12-18 10:34:29.272758', 'timezone_type': 3, 'timezone': 'Asia/Taipei'}",買賣,中山區,房地(土地+建物),,臺北市建國北路二段70號六樓,1.47,,1090709,土地:1建物:1車位:,,六層,,大樓(11層含以上有電梯),見其他登記事項,,,15.04,1.0,1.0,1.0,有,有,,1538,102.26,否,,0.0,0,有,,,,預售屋、或土地及建物分件登記案件。,121.5364653,25.0548808,2,6,11
562,"{'date': '2024-12-18 10:34:29.275149', 'timezone_type': 3, 'timezone': 'Asia/Taipei'}",買賣,大安區,房地(土地+建物)+車位,,臺北市杭州南路二段9巷5號七樓,4.55,,1131005,土地:1建物:1車位:1,,七層,,華廈(10層含以下有電梯),住家用,,,31.25,1.0,2.0,1.0,有,有,,3100,107.3,否,塔式車位1,4.69,250,有,,,,建築物含有：陽台外推、其他增建。,121.5242021,25.0343998,0,6,13
563,"{'date': '2024-12-18 10:34:29.276720', 'timezone_type': 3, 'timezone': 'Asia/Taipei'}",租賃,中正區,房屋,,臺北市中華路一段25號十樓之5,0.0,,1131104,土地:建物:1車位:,,十層,12.0,住宅大樓(11層含以上有電梯),住家用,,,21.09,1.0,1.0,1.0,有,有,無,2,995.73,否,,0.0,0,,,,,,121.5098611,25.04622439999999,1,6,12
564,"{'date': '2024-12-18 10:34:29.277990', 'timezone_type': 3, 'timezone': 'Asia/Taipei'}",買賣,士林區,土地,,臺北市至善段二小段0126-0000地號,66.25,,1131004,土地:1建物:0車位:,,,,,,,,0.0,,,,無,無,,198,2.99,-,,0.0,0,無,,,,與政府有關之交易：政府機關標讓售。,121.5555871,25.10363550000001,0,0,0
565,"{'date': '2024-12-18 10:34:29.279347', 'timezone_type': 3, 'timezone': 'Asia/Taipei'}",租賃,萬華區,房屋,,臺北市長泰街3號四樓,0.0,,1131104,土地:建物:1車位:,,四層,4.0,公寓(無電梯),住家用,,,21.53,3.0,1.0,1.0,有,無,無,2,743.15,否,,0.0,0,,,,,,121.5013427,25.0229906,0,0,1
566,"{'date': '2024-12-18 10:34:29.280662', 'timezone_type': 3, 'timezone': 'Asia/Taipei'}",租賃,中山區,房屋,,臺北市建國北路三段22巷17號四樓,0.0,,1131107,土地:0建物:1車位:,,四層,5.0,華廈(10層含以下有電梯),住家用,,,15.16,1.0,0.0,1.0,有,有,有,2,1121.37,否,,0.0,0,,,,,其他：續租案件。,121.5355204,25.06387789999998,1,3,6
567,"{'date': '2024-12-18 10:34:29.281928', 'timezone_type': 3, 'timezone': 'Asia/Taipei'}",買賣,萬華區,房地(土地+建物),,臺北市康定路60號五樓之5,2.1,,1130929,土地:1建物:1車位:,,五層,,大樓(11層含以上有電梯),住家用,,,28.5,2.0,2.0,1.0,有,有,,2400,84.21,否,,0.0,0,有,,,,,121.5022114,25.04253990000002,0,3,8
568,"{'date': '2024-12-18 10:34:29.283309', 'timezone_type': 3, 'timezone': 'Asia/Taipei'}",租賃,南港區,房屋,,臺北市研究院路二段16號四樓,0.0,,1131105,土地:建物:1車位:,,四層,5.0,公寓(無電梯),住家用,,,31.27,2.0,2.0,1.0,有,無,無,2,639.59,否,,0.0,0,,,,,,121.6153343,25.04753579999999,1,2,6
569,"{'date': '2024-12-18 10:34:29.284698', 'timezone_type': 3, 'timezone': 'Asia/Taipei'}",租賃,內湖區,房屋,,臺北市康寧路一段47巷7號,0.0,,1131106,土地:建物:1車位:,,一層,3.0,公寓(無電梯),住家用,,,20.17,2.0,1.0,1.0,有,無,有,2,941.99,否,,0.0,0,,,,,,121.5918509,25.08063200000001,1,2,3
570,"{'date': '2024-12-18 10:34:29.286001', 'timezone_type': 3, 'timezone': 'Asia/Taipei'}",買賣,萬華區,房地(土地+建物),,臺北市武昌街二段132號六樓之4,1.01,,1131115,土地:3建物:1車位:,,六層,,華廈(10層含以下有電梯),商業用,,,8.92,1.0,0.0,1.0,有,有,,460,51.57,否,,0.0,0,有,,,,,121.5028537,25.045569,0,3,8
571,"{'date': '2024-12-18 10:34:29.287402', 'timezone_type': 3, 'timezone': 'Asia/Taipei'}",買賣,文山區,車位,,臺北市景興路262號等共有部分,0.04,,1131101,土地:1建物:1車位:1,,"一層,騎樓",,,見其他登記事項,,,0.52,,,,無,有,,68,0.0,-,塔式車位1,0.52,68,有,,,,僅車位交易。,121.5426221,24.98998919999999,1,3,4
572,"{'date': '2024-12-18 10:34:29.288733', 'timezone_type': 3, 'timezone': 'Asia/Taipei'}",買賣,文山區,房地(土地+建物)+車位,,臺北市興隆路四段165巷61號,10.31,,1131010,土地:1建物:1車位:1,,一層,,華廈(10層含以下有電梯),住家用,,,48.15,4.0,2.0,2.0,有,有,,3150,65.42,是,升降平面1,4.53,0,有,,,,建築物含有：其他增建。,121.564739,24.98460440000002,0,0,0
573,"{'date': '2024-12-18 10:34:29.290242', 'timezone_type': 3, 'timezone': 'Asia/Taipei'}",預售屋,大安區,房地(土地+建物)+車位,連雲雲恆,臺北市大安區辛亥路一段,3.78,,1131102,土地:2建物:1車位:1,0棟C-11F號,十一層,15.0,住宅大樓(11層含以上有電梯),住家用,鋼筋混凝土造,,40.73,,,,無,,,5520,155.1,否,其他1,6.88,270,,18.42,3.59,18.71,毛胚屋。雨遮登記不計價,121.5305892,25.02054570000003,1,2,8
574,"{'date': '2024-12-18 10:34:29.291618', 'timezone_type': 3, 'timezone': 'Asia/Taipei'}",買賣,內湖區,房地(土地+建物),,臺北市環山路二段53巷5弄18號,11.45,,1131021,土地:1建物:1車位:,,一層,,公寓(5樓含以下無電梯),住家用,,,29.56,3.0,2.0,1.0,有,無,,2225,75.27,否,,0.0,0,無,,,,建築物含有：其他增建。,121.5726616,25.08450850000001,2,2,3
575,"{'date': '2024-12-18 10:34:29.292991', 'timezone_type': 3, 'timezone': 'Asia/Taipei'}",預售屋,文山區,房地(土地+建物)+車位,元利四季莊園,臺北市文山區木柵路一段,3.99,,1131102,土地:2建物:1車位:1,B棟21F-B06號,二十一層,34.0,住宅大樓(11層含以上有電梯),住家用,見其他登記事項,,31.52,2.0,2.0,2.0,有,,,2933,107.8,否,坡道平面1,6.91,280,,14.7,1.34,15.48,,121.5498789,24.98742269999999,0,2,3
576,"{'date': '2024-12-18 10:34:29.294312', 'timezone_type': 3, 'timezone': 'Asia/Taipei'}",租賃,信義區,房屋,,臺北市基隆路一段101巷1號十四樓之1,0.0,,1131105,土地:建物:1車位:,,十四層,14.0,住宅大樓(11層含以上有電梯),見其他登記事項,,,33.07,2.0,1.0,2.0,有,有,無,5,1572.42,否,,0.0,0,,,,,租金：含下列其他衍生費用：管理費。,121.5676644,25.0453588,0,2,7
577,"{'date': '2024-12-18 10:34:29.296568', 'timezone_type': 3, 'timezone': 'Asia/Taipei'}",買賣,大安區,房地(土地+建物),,臺北市敦化南路二段59號十樓之1,1.84,,1130930,土地:1建物:1車位:,,十層,,大樓(11層含以上有電梯),商業用,,,19.23,1.0,1.0,0.0,有,有,,2116,110.04,否,,0.0,0,有,,,,,121.549338,25.03133170000002,1,6,13
578,"{'date': '2024-12-18 10:34:29.298164', 'timezone_type': 3, 'timezone': 'Asia/Taipei'}",租賃,信義區,房屋,,臺北市基隆路一段350號四樓之8,0.0,,1131107,土地:建物:2車位:,,四層,6.0,公寓(無電梯),住家用,,,24.72,3.0,2.0,2.0,有,有,無,2,728.16,否,,0.0,0,,,,,租賃標的：含有多個門牌且未個別計算租金-臺北市信義區基隆路一段３５０號四樓之１０。,121.5613649,25.0364784,1,4,6
579,"{'date': '2024-12-18 10:34:29.299775', 'timezone_type': 3, 'timezone': 'Asia/Taipei'}",租賃,中正區,房屋,,臺北市羅斯福路三段100號三樓之2,4.1,,1131106,土地:4建物:1車位:,,三層,12.0,辦公商業大樓,住家用,,,47.03,4.0,2.0,2.0,有,有,無,6,1233.87,否,,0.0,0,,,,,,121.527214,25.02117400000002,1,3,6
580,"{'date': '2024-12-18 10:34:29.301168', 'timezone_type': 3, 'timezone': 'Asia/Taipei'}",租賃,中山區,房屋,,臺北市林森北路483號八樓,0.0,,1131025,土地:建物:1車位:,,八層,14.0,住宅大樓(11層含以上有電梯),住家用,,,13.59,1.0,0.0,1.0,有,有,有,2,1707.14,否,,0.0,0,,,,,,121.5257123,25.0611402,1,7,13
581,"{'date': '2024-12-18 10:34:29.302880', 'timezone_type': 3, 'timezone': 'Asia/Taipei'}",預售屋,內湖區,房地(土地+建物)+車位,力麒·寰山,臺北市內湖區麗山里環山路二段23號旁,5.14,,1131019,土地:6建物:1車位:1,0棟A1-8F號,八層,17.0,住宅大樓(11層含以上有電梯),住家用,鋼筋混凝土造,,49.2,3.0,2.0,2.0,有,,,4564,111.6,否,坡道平面1,11.17,320,,22.61,1.94,24.64,,121.5715037999999,25.08608229999997,0,2,2
582,"{'date': '2024-12-18 10:34:29.304392', 'timezone_type': 3, 'timezone': 'Asia/Taipei'}",買賣,內湖區,房地(土地+建物),,臺北市潭美街131號二樓,9.73,,1131103,土地:1建物:1車位:,,二層,,公寓(5樓含以下無電梯),住家用,,,42.38,4.0,2.0,2.0,有,無,,1970,46.48,否,,0.0,0,無,,,,,121.5804092,25.05390289999998,1,2,3
583,"{'date': '2024-12-18 10:34:29.305802', 'timezone_type': 3, 'timezone': 'Asia/Taipei'}",租賃,士林區,房屋,,臺北市承德路四段40巷137號五樓之13,0.0,,1131105,土地:建物:1車位:,,四層,5.0,公寓(無電梯),住家用,,,10.77,2.0,1.0,1.0,有,無,有,2,1485.61,否,,0.0,0,,,,,,121.520218,25.081884,0,1,3
584,"{'date': '2024-12-18 10:34:29.307383', 'timezone_type': 3, 'timezone': 'Asia/Taipei'}",租賃,松山區,房屋,,臺北市寶清街21號三樓之3,0.0,,1131101,土地:0建物:1車位:,,三層,11.0,住宅大樓(11層含以上有電梯),商業用,,,10.02,1.0,0.0,1.0,有,有,有,2,2295.41,否,,0.0,0,,,,,,121.5689631,25.05017459999998,0,1,5
585,"{'date': '2024-12-18 10:34:29.308893', 'timezone_type': 3, 'timezone': 'Asia/Taipei'}",租賃,內湖區,房屋,,臺北市新明路237號二樓,0.0,,1131107,土地:建物:車位:,,二層,5.0,公寓(無電梯),工業用,,,5.97,5.0,0.0,5.0,有,無,有,1,1507.54,否,,0.0,0,,,,,,121.5874342,25.0579303,0,0,3
586,"{'date': '2024-12-18 10:34:29.310390', 'timezone_type': 3, 'timezone': 'Asia/Taipei'}",買賣,士林區,房地(土地+建物)+車位,,臺北市天母東路105巷9弄10號十二樓,7.11,,1120609,土地:1建物:1車位:1,,十二層,,大樓(11層含以上有電梯),見其他登記事項,,,46.67,2.0,2.0,2.0,有,有,,4237,94.54,否,其他1,3.97,200,有,,,,預售屋、或土地及建物分件登記案件。,121.5357664,25.11905480000003,0,0,0
587,"{'date': '2024-12-18 10:34:29.311839', 'timezone_type': 3, 'timezone': 'Asia/Taipei'}",買賣,大安區,房地(土地+建物),,臺北市仁愛路三段23號十二樓之1,3.14,,1131023,土地:1建物:1車位:,,十二層,,大樓(11層含以上有電梯),住家用,,,24.33,5.0,2.0,2.0,有,有,,1200,49.32,否,,0.0,0,有,,,,關係人間交易：親友、員工、共有人或其他特殊關係間之交易。,121.5345798,25.03866060000002,3,10,15
588,"{'date': '2024-12-18 10:34:29.313325', 'timezone_type': 3, 'timezone': 'Asia/Taipei'}",預售屋,大安區,房地(土地+建物),吾雙,臺北市大安區信義路四段408號,3.19,,1130923,土地:19建物:1車位:,B棟B5-07F號,七層,31.0,住宅大樓(11層含以上有電梯),見其他登記事項,見其他登記事項,,36.77,0.0,0.0,1.0,有,,,6378,173.46,否,,0.0,0,,21.77,1.07,13.93,雨遮計坪不計價,121.5570157,25.03288339999999,1,3,9
589,"{'date': '2024-12-18 10:34:29.314607', 'timezone_type': 3, 'timezone': 'Asia/Taipei'}",預售屋,松山區,房地(土地+建物),京釀,臺北市松山區南京東路五段２９１巷２９弄２３號,3.36,,1131020,土地:3建物:1車位:0,0棟A3-2F號,二層,8.0,華廈(10層含以下有電梯),住家用,鋼筋混凝土造,,17.01,2.0,1.0,1.0,有,,,2065,121.4,否,,0.0,0,,9.18,1.21,6.61,,121.5668765,25.05295749999998,0,1,3
590,"{'date': '2024-12-18 10:34:29.316099', 'timezone_type': 3, 'timezone': 'Asia/Taipei'}",租賃,大同區,房屋,,臺北市南京西路288號二樓之9,0.0,,1130711,土地:建物:車位:,,二層,19.0,住宅大樓(11層含以上有電梯),見其他登記事項,,,7.3,9.0,0.0,9.0,有,有,有,3,3698.63,否,,0.0,0,,,,,租金：含下列其他衍生費用：管理費、網路費。租賃標的：租賃建物部分範圍，且未計入共有部分面積。,121.513958,25.05392699999998,0,8,15
591,"{'date': '2024-12-18 10:34:29.317502', 'timezone_type': 3, 'timezone': 'Asia/Taipei'}",租賃,文山區,房屋,,臺北市景興路137巷7號四樓,0.0,,1131107,土地:建物:1車位:,,四層,5.0,公寓(無電梯),住家用,,,28.16,3.0,1.0,1.0,有,無,有,2,532.67,否,,0.0,0,,,,,,121.5452259,24.99422590000002,1,1,5
592,"{'date': '2024-12-18 10:34:29.318808', 'timezone_type': 3, 'timezone': 'Asia/Taipei'}",買賣,士林區,房地(土地+建物),,臺北市社子街25巷3弄7號三樓,8.02,,1130805,土地:1建物:1車位:,,三層,,公寓(5樓含以下無電梯),住家用,,,20.08,3.0,1.0,1.0,有,無,,1111,55.33,否,,0.0,0,無,,,,建築物含有：頂樓加蓋。,121.5081284,25.08836690000003,0,0,0
593,"{'date': '2024-12-18 10:34:29.320157', 'timezone_type': 3, 'timezone': 'Asia/Taipei'}",買賣,中山區,房地(土地+建物),,臺北市中山北路一段121巷33號十二樓之1,2.21,,1131003,土地:1建物:1車位:,,十二層,,大樓(11層含以上有電梯),住家用,,,20.81,1.0,1.0,1.0,有,有,,1950,93.7,否,,0.0,0,有,,,,,121.524741,25.05086939999999,0,10,19
594,"{'date': '2024-12-18 10:34:29.321553', 'timezone_type': 3, 'timezone': 'Asia/Taipei'}",買賣,萬華區,土地,,臺北市莒光段三小段0151-0001地號,0.3,,1131009,土地:1建物:0車位:,,,,,,,,0.0,,,,無,無,,39,130.0,-,,0.0,0,無,,,,特殊交易標的類型：(包含)公共設施保留地(用地)。與政府有關之交易：協議價購。,121.5654268,25.0329636,2,3,6
595,"{'date': '2024-12-18 10:34:29.322831', 'timezone_type': 3, 'timezone': 'Asia/Taipei'}",預售屋,內湖區,房地(土地+建物)+車位,力麒·寰山,臺北市內湖區麗山里環山路二段23號旁,4.91,,1131022,土地:6建物:1車位:1,0棟A6-9F號,九層,17.0,住宅大樓(11層含以上有電梯),住家用,鋼筋混凝土造,,47.53,3.0,2.0,2.0,有,,,4343,111.19,否,坡道平面1,11.17,300,,21.5,1.97,24.05,,121.5715037999999,25.08608229999997,0,2,2
596,"{'date': '2024-12-18 10:34:29.324282', 'timezone_type': 3, 'timezone': 'Asia/Taipei'}",買賣,信義區,房地(土地+建物),,臺北市信義路五段150巷499號九樓之4,9.34,,1131012,土地:1建物:1車位:,,九層,,大樓(11層含以上有電梯),住家用,,,45.58,3.0,2.0,2.0,有,有,,2900,63.62,否,,0.0,0,有,,,,建築物含有：陽台外推、其他增建。,121.5735757,25.02124859999999,0,0,2
597,"{'date': '2024-12-18 10:34:29.325843', 'timezone_type': 3, 'timezone': 'Asia/Taipei'}",買賣,內湖區,房地(土地+建物)+車位,,臺北市內湖路一段120巷16號二樓,26.0,,1131021,土地:1建物:1車位:3,,"一層,二層,三層,四層,五層,六層,七層,八層,屋頂突出物,地下一層,地下二層,地下三層",,華廈(10層含以下有電梯),見其他登記事項,,,157.15,3.0,2.0,0.0,有,有,,7900,59.82,否,坡道平面3,35.12,600,有,,,,,121.5627784,25.08276960000002,0,2,3
598,"{'date': '2024-12-18 10:34:29.327354', 'timezone_type': 3, 'timezone': 'Asia/Taipei'}",預售屋,內湖區,房地(土地+建物)+車位,力麒·寰山,臺北市內湖區麗山里環山路二段23號旁,5.36,,1131020,土地:6建物:1車位:2,0棟A3-13F號,十三層,17.0,住宅大樓(11層含以上有電梯),住家用,鋼筋混凝土造,,61.98,3.0,2.0,2.0,有,,,5152,114.83,否,坡道平面2,22.34,600,,24.0,1.59,36.38,,121.5715037999999,25.08608229999997,0,2,2
599,"{'date': '2024-12-18 10:34:29.328681', 'timezone_type': 3, 'timezone': 'Asia/Taipei'}",租賃,內湖區,房屋,,臺北市內湖路一段285巷65弄38號,0.0,,1131106,土地:建物:1車位:,,一層,5.0,公寓(無電梯),住家用,,,23.36,3.0,2.0,1.0,有,無,有,3,1284.25,否,,0.0,0,,,,,,121.5689621,25.08453900000001,2,2,2
600,"{'date': '2024-12-18 10:34:29.330022', 'timezone_type': 3, 'timezone': 'Asia/Taipei'}",租賃,內湖區,房屋,,臺北市陽光街92巷14弄4號五樓,0.0,,1131102,土地:建物:車位:,,五層,5.0,公寓(無電梯),住家用,,,4.78,5.0,0.0,5.0,有,無,有,1,1987.45,否,,0.0,0,,,,,,121.5854609,25.07552949999997,1,1,2
601,"{'date': '2024-12-18 10:34:29.331792', 'timezone_type': 3, 'timezone': 'Asia/Taipei'}",租賃,萬華區,房屋,,臺北市和平西路三段384號四樓之23,0.0,,1131104,土地:建物:1車位:,,四層,8.0,華廈(10層含以下有電梯),住家用,,,9.01,1.0,0.0,1.0,有,有,有,1,1331.85,否,,0.0,0,,,,,,121.4913711,25.03532590000001,0,1,1
602,"{'date': '2024-12-18 10:34:29.333460', 'timezone_type': 3, 'timezone': 'Asia/Taipei'}",預售屋,內湖區,房地(土地+建物)+車位,力麒·寰山,臺北市內湖區麗山里環山路二段23號旁,4.91,,1131015,土地:6建物:1車位:1,0棟A6-10F號,十層,17.0,住宅大樓(11層含以上有電梯),住家用,鋼筋混凝土造,,47.53,3.0,2.0,2.0,有,,,4382,111.99,否,坡道平面1,11.17,310,,21.5,1.97,24.05,,121.5715037999999,25.08608229999997,0,2,2
603,"{'date': '2024-12-18 10:34:29.334961', 'timezone_type': 3, 'timezone': 'Asia/Taipei'}",買賣,中正區,房地(土地+建物),,臺北市和平西路一段17號五樓之1,1.8,,1130603,土地:2建物:1車位:,,五層,,大樓(11層含以上有電梯),見其他登記事項,,,18.35,1.0,1.0,1.0,有,有,,2550,138.96,否,,0.0,0,有,,,,,121.5212607,25.02705700000001,2,5,8
604,"{'date': '2024-12-18 10:34:29.336345', 'timezone_type': 3, 'timezone': 'Asia/Taipei'}",租賃,大安區,房屋,,臺北市延吉街255之2號五樓,0.0,,1131105,土地:建物:車位:,,五層,7.0,華廈(10層含以下有電梯),住家用,,,3.72,4.0,2.0,2.0,有,有,有,1,2365.59,否,,0.0,0,,,,,租賃標的：租賃建物部分範圍，且未計入共有部分面積。,121.5565806,25.03458509999998,1,3,11
605,"{'date': '2024-12-18 10:34:29.337839', 'timezone_type': 3, 'timezone': 'Asia/Taipei'}",買賣,內湖區,房地(土地+建物)+車位,,臺北市瑞光路132巷69弄5號二樓,17.38,,1130914,土地:1建物:1車位:1,,二層,,華廈(10層含以下有電梯),住家用,,,44.98,3.0,2.0,2.0,有,有,,3088,86.56,否,坡道平面1,12.54,280,有,,,,建築物含有：陽台外推、其他增建。,121.5786936,25.07156439999999,0,1,1
606,"{'date': '2024-12-18 10:34:29.339277', 'timezone_type': 3, 'timezone': 'Asia/Taipei'}",買賣,中山區,房地(土地+建物),,臺北市長春路100號五樓之4,1.83,,1131023,土地:1建物:1車位:,,五層,,大樓(11層含以上有電梯),住家用,,,15.74,1.0,1.0,1.0,有,有,,1180,74.97,否,,0.0,0,有,,,,,121.5279065,25.05479409999998,0,9,15
607,"{'date': '2024-12-18 10:34:29.340791', 'timezone_type': 3, 'timezone': 'Asia/Taipei'}",預售屋,大同區,房地(土地+建物)+車位,三豐雲承,臺北市大同區承德路三段128號,4.37,,1131102,土地:5建物:1車位:1,0棟D-11號,十一層,11.0,住宅大樓(11層含以上有電梯),住家用,鋼筋混凝土造,,49.68,3.0,2.0,2.0,有,,,4420,111.98,否,坡道平面1,12.71,280,,21.89,2.42,25.37,關係人間交易：親友、員工、共有人或其他特殊關係間之交易。,121.518159,25.0674605,1,4,8
608,"{'date': '2024-12-18 10:34:29.342531', 'timezone_type': 3, 'timezone': 'Asia/Taipei'}",租賃,大安區,房屋,,臺北市信義路三段99巷23之15號,0.0,,1131105,土地:建物:1車位:,,三層,4.0,公寓(無電梯),住家用,,,13.18,2.0,1.0,1.0,有,無,有,1,1062.22,否,,0.0,0,,,,,,121.5387126,25.03488640000001,3,14,16
609,"{'date': '2024-12-18 10:34:29.344034', 'timezone_type': 3, 'timezone': 'Asia/Taipei'}",租賃,中山區,房屋,,臺北市民生東路三段36號四樓之10,0.0,,1131105,土地:建物:1車位:,,四層,9.0,華廈(10層含以下有電梯),商業用,,,12.64,1.0,1.0,1.0,有,有,有,2,1661.39,否,,0.0,0,,,,,,121.5405326,25.0575893,1,7,10
610,"{'date': '2024-12-18 10:34:29.345659', 'timezone_type': 3, 'timezone': 'Asia/Taipei'}",租賃,中正區,房屋,,臺北市重慶南路三段129號十二樓之5,0.0,,1131101,土地:建物:1車位:,,十二層,12.0,住宅大樓(11層含以上有電梯),住家用,,,11.11,1.0,0.0,1.0,有,有,有,2,1575.16,否,,0.0,0,,,,,其他：續租案件。,121.5169868,25.02402549999998,0,4,7
611,"{'date': '2024-12-18 10:34:29.347194', 'timezone_type': 3, 'timezone': 'Asia/Taipei'}",租賃,萬華區,房屋,,臺北市西昌街202號,0.0,,1131106,土地:建物:車位:,,二層,4.0,透天厝,住商用,,,6.09,9.0,0.0,9.0,有,無,有,2,0.0,-,,0.0,0,,,,,租金：含下列其他衍生費用：水費、網路費、其他-垃圾處理費。其他：續租案件。,121.5004923,25.0373933,1,3,4
612,"{'date': '2024-12-18 10:34:29.348947', 'timezone_type': 3, 'timezone': 'Asia/Taipei'}",預售屋,內湖區,房地(土地+建物)+車位,力麒·寰山,臺北市內湖區麗山里環山路二段23號旁,5.36,,1131019,土地:6建物:1車位:1,0棟A3-14F號,十四層,17.0,住宅大樓(11層含以上有電梯),住家用,鋼筋混凝土造,,50.81,3.0,2.0,2.0,有,,,4934,115.64,否,坡道平面1,11.17,350,,24.0,1.59,25.21,,121.5715037999999,25.08608229999997,0,2,2
613,"{'date': '2024-12-18 10:34:29.350510', 'timezone_type': 3, 'timezone': 'Asia/Taipei'}",買賣,中山區,車位,,臺北市民權東路一段40號等共用部分,0.02,,1131025,土地:1建物:1車位:1,,"一層,二層,三層,四層,五層,六層,七層,八層,九層,十層,十一層,十二層,屋頂突出物,騎樓,地下一層,地下二層",,,見其他登記事項,,,6.32,,,,無,有,,68,0.0,-,其他1,0.0,68,有,,,,僅車位交易。,121.5240919,25.06254170000001,3,7,13
614,"{'date': '2024-12-18 10:34:29.352127', 'timezone_type': 3, 'timezone': 'Asia/Taipei'}",租賃,內湖區,房屋,,臺北市新明路273巷6號五樓,0.0,,1131102,土地:建物:車位:,,五層,5.0,華廈(10層含以下有電梯),工業用,,,6.96,18.0,1.0,18.0,有,無,有,2,2413.79,否,,0.0,0,,,,,租金：含下列其他衍生費用：水費、瓦斯費。,121.58631,25.05692180000001,0,1,3
615,"{'date': '2024-12-18 10:34:29.353694', 'timezone_type': 3, 'timezone': 'Asia/Taipei'}",買賣,萬華區,土地,,臺北市莒光段三小段0122-0005地號,0.08,,1131009,土地:2建物:0車位:,,,,,,,,0.0,,,,無,無,,10,125.0,-,,0.0,0,無,,,,特殊交易標的類型：(包含)公共設施保留地(用地)。與政府有關之交易：協議價購。,121.5654268,25.0329636,2,3,6
616,"{'date': '2024-12-18 10:34:29.355929', 'timezone_type': 3, 'timezone': 'Asia/Taipei'}",租賃,中山區,房屋,,臺北市德惠街7之5號八樓,0.0,,1131107,土地:建物:1車位:,,八層,12.0,住宅大樓(11層含以上有電梯),見其他登記事項,,,30.68,2.0,2.0,2.0,有,有,有,6,1795.63,否,,0.0,0,,,,,其他：續租案件。,121.5240871,25.06682010000002,0,4,9
617,"{'date': '2024-12-18 10:34:29.357604', 'timezone_type': 3, 'timezone': 'Asia/Taipei'}",租賃,中山區,房屋,,臺北市農安街6號十二樓之7,0.0,,1131101,土地:建物:1車位:,,十二層,14.0,住宅大樓(11層含以上有電梯),住家用,,,15.9,1.0,0.0,1.0,有,有,有,5,3018.87,否,,0.0,0,,,,,,120.2368619,23.0125845,0,0,1
618,"{'date': '2024-12-18 10:34:29.359018', 'timezone_type': 3, 'timezone': 'Asia/Taipei'}",買賣,北投區,房地(土地+建物)+車位,,臺北市大同街105號六樓之1,6.13,,1130921,土地:1建物:1車位:1,,六層,,華廈(10層含以下有電梯),住家用,,,34.0,2.0,2.0,1.0,有,有,,2380,70.0,是,坡道機械1,8.51,0,有,,,,,121.4983881,25.13441929999999,0,2,3
619,"{'date': '2024-12-18 10:34:29.360469', 'timezone_type': 3, 'timezone': 'Asia/Taipei'}",預售屋,中山區,房地(土地+建物)+車位,佳元當代美術館,臺北市中山區民生東路二段及新生北路二段,3.23,,1131101,土地:7建物:1車位:1,0棟E-7F號,七層,15.0,住宅大樓(11層含以上有電梯),住家用,鋼筋混凝土造,,43.34,3.0,2.0,2.0,有,,,4910,133.54,否,坡道平面1,9.23,355,,20.54,1.51,21.29,,121.530773,25.05816619999997,1,4,13
620,"{'date': '2024-12-18 10:34:29.361973', 'timezone_type': 3, 'timezone': 'Asia/Taipei'}",買賣,內湖區,房地(土地+建物),,臺北市民權東路六段136巷46弄8號二樓,10.65,,1130917,土地:1建物:1車位:,,二層,,公寓(5樓含以下無電梯),住家用,,,32.7,3.0,2.0,2.0,有,無,,1750,53.52,否,,0.0,0,無,,,,,121.5876477,25.06664520000001,0,0,1
621,"{'date': '2024-12-18 10:34:29.363487', 'timezone_type': 3, 'timezone': 'Asia/Taipei'}",買賣,士林區,房地(土地+建物)+車位,,臺北市後港街141號十三樓之2,12.73,,1131025,土地:1建物:1車位:2,,十三層,,大樓(11層含以上有電梯),見其他登記事項,,,91.9,4.0,2.0,3.0,有,有,,5570,66.04,否,坡道平面2,15.43,520,有,,,,分管停車位編號:282、283號,121.5216224,25.08688530000002,1,2,2
622,"{'date': '2024-12-18 10:34:29.365204', 'timezone_type': 3, 'timezone': 'Asia/Taipei'}",買賣,松山區,房地(土地+建物)+車位,,臺北市八德路四段650號四樓之24,1.91,,1131005,土地:1建物:1車位:1,,四層,,大樓(11層含以上有電梯),見其他登記事項,,,21.74,2.0,2.0,1.0,有,有,,2450,130.09,否,坡道機械1,4.29,180,有,,,,建築物含有：其他增建、夾層。,121.5750533,25.04988529999998,1,2,4
623,"{'date': '2024-12-18 10:34:29.367148', 'timezone_type': 3, 'timezone': 'Asia/Taipei'}",租賃,中山區,房屋,,臺北市農安街6號二樓之6,0.0,,1131101,土地:建物:1車位:,,二層,14.0,住宅大樓(11層含以上有電梯),商業用,,,17.1,1.0,0.0,1.0,有,有,有,6,3333.33,否,,0.0,0,,,,,,121.5234977,25.06471490000001,3,5,11
624,"{'date': '2024-12-18 10:34:29.368763', 'timezone_type': 3, 'timezone': 'Asia/Taipei'}",買賣,中山區,房地(土地+建物)+車位,,臺北市基湖路120巷30弄1號五樓,18.52,,1130918,土地:1建物:1車位:1,,五層,,華廈(10層含以下有電梯),住家用,,,52.78,3.0,2.0,2.0,有,有,,3784,71.69,是,坡道平面1,0.0,0,有,,,,關係人間交易：親友、員工、共有人或其他特殊關係間之交易。,121.5625914,25.07837439999999,0,2,3
625,"{'date': '2024-12-18 10:34:29.370419', 'timezone_type': 3, 'timezone': 'Asia/Taipei'}",租賃,中山區,房屋,,臺北市新生北路二段73號四樓之1,0.0,,1131104,土地:建物:1車位:,,四層,7.0,華廈(10層含以下有電梯),住家用,,,5.28,1.0,0.0,1.0,有,有,有,1,1893.94,否,,0.0,0,,,,,,121.527852,25.05670319999999,0,9,13
626,"{'date': '2024-12-18 10:34:29.371907', 'timezone_type': 3, 'timezone': 'Asia/Taipei'}",租賃,萬華區,房屋,,臺北市長沙街二段71之1號,0.0,,1131106,土地:建物:車位:,,四層,5.0,透天厝,,,,5.97,24.0,2.0,15.0,有,無,有,1,0.0,-,,0.0,0,,,,,,121.5052217,25.04064249999998,2,4,8
627,"{'date': '2024-12-18 10:34:29.373886', 'timezone_type': 3, 'timezone': 'Asia/Taipei'}",租賃,內湖區,房屋,,臺北市內湖路一段671號五樓,0.0,,1131106,土地:建物:1車位:,,五層,5.0,公寓(無電梯),住家用,,,24.5,3.0,1.0,1.0,有,無,無,3,1183.67,否,,0.0,0,,,,,,121.576073,25.08001189999998,0,3,3
628,"{'date': '2024-12-18 10:34:29.375631', 'timezone_type': 3, 'timezone': 'Asia/Taipei'}",預售屋,大安區,房地(土地+建物)+車位,吾雙,臺北市大安區信義路四段408號,3.99,,1131006,土地:19建物:1車位:1,B棟B6-11F號,十一層,31.0,住宅大樓(11層含以上有電梯),見其他登記事項,見其他登記事項,,55.0,0.0,0.0,1.0,有,,,8324,176.0,否,坡道平面1,10.83,550,,26.04,1.41,27.55,雨遮計坪不計價,121.5570157,25.03288339999999,1,3,9
629,"{'date': '2024-12-18 10:34:29.377191', 'timezone_type': 3, 'timezone': 'Asia/Taipei'}",買賣,萬華區,土地,,臺北市莒光段三小段0116-0001地號,2.09,,1130916,土地:1建物:0車位:,,,,,,,,0.0,,,,無,無,,268,128.23,-,,0.0,0,無,,,,特殊交易標的類型：(包含)公共設施保留地(用地)。與政府有關之交易：協議價購。,121.5654268,25.0329636,2,3,6
630,"{'date': '2024-12-18 10:34:29.378850', 'timezone_type': 3, 'timezone': 'Asia/Taipei'}",買賣,內湖區,房地(土地+建物),,臺北市內湖路一段217巷1號五樓,11.74,,1131019,土地:1建物:1車位:,,五層,,華廈(10層含以下有電梯),住家用,,,35.99,3.0,2.0,2.0,有,有,,2708,75.24,否,,0.0,0,有,,,,陽台加窗,121.5643887999999,25.0835824,2,2,2
631,"{'date': '2024-12-18 10:34:29.380536', 'timezone_type': 3, 'timezone': 'Asia/Taipei'}",預售屋,大安區,房地(土地+建物)+車位,統創翼,臺北市大安區民輝里建國南路一段,3.32,,1131106,土地:26建物:1車位:1,0棟A3-4F號,四層,22.0,住宅大樓(11層含以上有電梯),住家用,見其他登記事項,,44.56,2.0,2.0,2.0,有,,,5345,149.34,否,坡道平面1,11.08,345,,18.81,3.39,22.37,1.雨遮計坪不計價(銷售坪數為31.38坪),121.5374812,25.0398283,3,12,18
632,"{'date': '2024-12-18 10:34:29.382180', 'timezone_type': 3, 'timezone': 'Asia/Taipei'}",買賣,北投區,土地,,臺北市立農段一小段0297-0000地號,6.15,,1131104,土地:1建物:0車位:,,,,,,,,0.0,,,,無,無,,95,15.45,-,,0.0,0,無,,,,特殊交易標的類型：(包含)公共設施保留地(用地)。,121.5654268,25.0329636,2,3,6
633,"{'date': '2024-12-18 10:34:29.383969', 'timezone_type': 3, 'timezone': 'Asia/Taipei'}",買賣,中山區,房地(土地+建物),,臺北市民權東路二段9號七樓之2,2.8,,1131019,土地:1建物:1車位:,,七層,,大樓(11層含以上有電梯),住家用,,,22.21,3.0,2.0,1.0,有,有,,1730,77.89,否,,0.0,0,有,,,,建築物含有：陽台外推。,121.5285036,25.0629168,1,5,12
634,"{'date': '2024-12-18 10:34:29.386711', 'timezone_type': 3, 'timezone': 'Asia/Taipei'}",租賃,大安區,房屋,,臺北市通化街200巷8號,0.0,,1131105,土地:建物:1車位:,,一層,5.0,公寓(無電梯),住家用,,,36.09,2.0,2.0,2.0,有,無,無,6,1662.51,否,,0.0,0,,,,,租金：含稅。租賃標的：租賃期間有約定不同租金-113年11月5日至113年12月4日為免租裝潢期；前三年(113年12月5日至116年12月4日)租金陸萬元整；第四年(116年12月5日至117年12月4日)租金陸萬零伍佰元整；第五年(117年12月5日至118年12月4日)租金陸萬壹仟元整，第六年(118年12月5日至119年12月4日)租金陸萬壹仟伍佰元整。。,121.5522757999999,25.02641089999999,0,2,8
635,"{'date': '2024-12-18 10:34:29.388408', 'timezone_type': 3, 'timezone': 'Asia/Taipei'}",租賃,大安區,房屋,,臺北市復興南路二段111巷7號四樓之2,0.0,,1131102,土地:建物:車位:,,四層,7.0,華廈(10層含以下有電梯),住家用,,,4.08,4.0,2.0,2.0,有,有,有,1,2377.45,否,,0.0,0,,,,,租賃標的：租賃建物部分範圍，且未計入共有部分面積。,121.5439915,25.0301446,5,6,11
636,"{'date': '2024-12-18 10:34:29.390960', 'timezone_type': 3, 'timezone': 'Asia/Taipei'}",買賣,內湖區,房地(土地+建物),,臺北市內湖路三段60巷12弄16號,9.41,,1131115,土地:1建物:1車位:,,一層,,公寓(5樓含以下無電梯),住家用,,,28.98,3.0,2.0,2.0,有,無,,1760,60.73,否,,0.0,0,無,,,,,121.59188,25.0883129,0,1,3
637,"{'date': '2024-12-18 10:34:29.392690', 'timezone_type': 3, 'timezone': 'Asia/Taipei'}",買賣,松山區,房地(土地+建物),,臺北市八德路二段360之3號,1.45,,1130922,土地:2建物:1車位:,,"一層,騎樓",,華廈(10層含以下有電梯),見使用執照,,,11.99,0.0,1.0,1.0,有,有,,1780,148.46,否,,0.0,0,有,,,,,121.5458793,25.04791209999999,2,8,16
638,"{'date': '2024-12-18 10:34:29.394448', 'timezone_type': 3, 'timezone': 'Asia/Taipei'}",租賃,文山區,房屋,,臺北市景興路188號十一樓之17,0.0,,1130610,土地:建物:1車位:,,十一層,24.0,住宅大樓(11層含以上有電梯),共有部分,,,13.28,1.0,0.0,1.0,有,有,有,2,1265.06,否,,0.0,0,,,,,,121.5438771,24.992235,1,1,4
639,"{'date': '2024-12-18 10:34:29.395942', 'timezone_type': 3, 'timezone': 'Asia/Taipei'}",預售屋,大安區,房地(土地+建物),吾雙,臺北市大安區信義路四段408號,2.57,,1131011,土地:19建物:1車位:,B棟B5-22F號,二十二層,31.0,住宅大樓(11層含以上有電梯),住家用,見其他登記事項,,29.69,2.0,2.0,1.0,有,,,5999,202.05,否,,0.0,0,,17.15,2.32,10.23,雨遮計坪不計價,121.5570157,25.03288339999999,1,3,9
640,"{'date': '2024-12-18 10:34:29.397526', 'timezone_type': 3, 'timezone': 'Asia/Taipei'}",預售屋,內湖區,房地(土地+建物)+車位,力麒·寰山,臺北市內湖區麗山里環山路二段23號旁,3.66,,1131021,土地:6建物:1車位:1,0棟A4-13F號,十三層,17.0,住宅大樓(11層含以上有電梯),住家用,鋼筋混凝土造,,38.24,2.0,2.0,1.0,有,,,3523,117.58,否,坡道平面1,11.17,340,,16.26,1.21,20.76,,121.5715037999999,25.08608229999997,0,2,2
641,"{'date': '2024-12-18 10:34:29.398955', 'timezone_type': 3, 'timezone': 'Asia/Taipei'}",租賃,萬華區,房屋,,臺北市武昌街二段124之2號六樓之20,0.0,,1131104,土地:建物:1車位:,,六層,9.0,華廈(10層含以下有電梯),住家用,,,6.9,1.0,0.0,1.0,有,有,有,1,1231.88,否,,0.0,0,,,,,,121.5038373,25.04534569999999,0,3,8
642,"{'date': '2024-12-18 10:34:29.400494', 'timezone_type': 3, 'timezone': 'Asia/Taipei'}",買賣,內湖區,房地(土地+建物),,臺北市金龍路227號,5.17,,1130711,土地:1建物:1車位:,,"一層,二層",,大樓(11層含以上有電梯),商業用,,,19.01,1.0,2.0,1.0,有,有,,1928,101.42,否,,0.0,0,有,,,,建築物含有：頂樓加蓋、其他增建。,121.5868568,25.08854150000001,0,1,2
643,"{'date': '2024-12-18 10:34:29.401974', 'timezone_type': 3, 'timezone': 'Asia/Taipei'}",租賃,大安區,房屋,,臺北市復興南路一段253巷8號四樓之3,0.0,,1130917,土地:建物:車位:,,四層,14.0,住宅大樓(11層含以上有電梯),住家用,,,6.62,4.0,2.0,2.0,有,有,有,1,1193.35,否,,0.0,0,,,,,租賃標的：租賃建物部分範圍，且未計入共有部分面積。其他：續租案件。,121.5442158,25.0367339,4,9,15
644,"{'date': '2024-12-18 10:34:29.403426', 'timezone_type': 3, 'timezone': 'Asia/Taipei'}",買賣,內湖區,房地(土地+建物),,臺北市內湖路一段661號十二樓之4,2.28,,1131123,土地:1建物:1車位:,,十二層,,大樓(11層含以上有電梯),住家用,,,16.65,1.0,1.0,1.0,有,有,,1950,117.12,否,,0.0,0,有,,,,,121.5755424,25.08029029999999,0,3,3
645,"{'date': '2024-12-18 10:34:29.404984', 'timezone_type': 3, 'timezone': 'Asia/Taipei'}",租賃,萬華區,房屋,,臺北市西園路二段140巷6弄3號二樓,0.0,,1131104,土地:建物:1車位:,,二層,4.0,公寓(無電梯),住家用,,,28.12,2.0,1.0,1.0,有,無,有,1,355.62,否,,0.0,0,,,,,,121.4957407,25.03028090000001,0,1,1
646,"{'date': '2024-12-18 10:34:29.406572', 'timezone_type': 3, 'timezone': 'Asia/Taipei'}",買賣,大同區,房地(土地+建物),,臺北市南京西路41號十三樓之5,1.64,,1130814,土地:1建物:1車位:,,十三層,,大樓(11層含以上有電梯),見其他登記事項,,,14.76,0.0,2.0,1.0,有,有,,1788,121.14,否,,0.0,0,有,,,,建築物含有：夾層。,121.5198509,25.05292719999999,4,7,16
647,"{'date': '2024-12-18 10:34:29.408167', 'timezone_type': 3, 'timezone': 'Asia/Taipei'}",買賣,松山區,房地(土地+建物)+車位,,臺北市南京東路四段52巷25號三樓,4.12,,1100402,土地:1建物:1車位:1,,三層,,華廈(10層含以下有電梯),見其他登記事項,,,25.15,2.0,1.0,1.0,有,無,,2159,96.06,否,升降機械1,4.34,160,有,,,,,121.5537291,25.05061049999999,2,4,12
648,"{'date': '2024-12-18 10:34:29.409656', 'timezone_type': 3, 'timezone': 'Asia/Taipei'}",租賃,士林區,房屋,,臺北市承德路四段3巷30號四樓,0.0,,1130910,土地:建物:車位:,,四層,5.0,公寓(無電梯),,,,5.14,7.0,0.0,7.0,有,無,有,1,1750.97,否,,0.0,0,,,,,租金：含下列其他衍生費用：水費、瓦斯費、網路費、其他-有線電視。,121.5224104,25.07851529999997,0,2,2
649,"{'date': '2024-12-18 10:34:29.411179', 'timezone_type': 3, 'timezone': 'Asia/Taipei'}",預售屋,大安區,房地(土地+建物)+車位,吾雙,臺北市大安區信義路四段408號,3.95,,1131020,土地:19建物:1車位:1,B棟B3-29F號,二十九層,31.0,住宅大樓(11層含以上有電梯),住家用,見其他登記事項,,54.6,3.0,2.0,2.0,有,,,9888,213.34,否,坡道平面1,10.83,550,,25.21,3.34,26.05,雨遮計坪不計價,121.5570157,25.03288339999999,1,3,9
650,"{'date': '2024-12-18 10:34:29.412644', 'timezone_type': 3, 'timezone': 'Asia/Taipei'}",買賣,士林區,房地(土地+建物),,臺北市士東路266巷3弄9之1號三樓,2.73,,1131124,土地:5建物:1車位:,,三層,,公寓(5樓含以下無電梯),住家用,,,9.33,3.0,2.0,1.0,有,無,,467,50.05,否,,0.0,0,無,,,,關係人間交易：親友、員工、共有人或其他特殊關係間之交易。建築物含有：陽台外推。,121.5370265,25.1130187,0,0,0
651,"{'date': '2024-12-18 10:34:29.414092', 'timezone_type': 3, 'timezone': 'Asia/Taipei'}",租賃,文山區,房屋,,臺北市景興路188號十三樓之17,0.0,,1131107,土地:建物:1車位:,,十三層,24.0,住宅大樓(11層含以上有電梯),住家用,,,13.62,1.0,0.0,1.0,有,有,有,2,1211.45,否,,0.0,0,,,,,,121.5438771,24.992235,1,1,4
652,"{'date': '2024-12-18 10:34:29.415512', 'timezone_type': 3, 'timezone': 'Asia/Taipei'}",租賃,士林區,房屋,,臺北市通河街323巷31之2號,0.0,,1131104,土地:建物:1車位:,,二層,5.0,公寓(無電梯),住家用,,,8.92,1.0,0.0,1.0,有,無,有,1,1569.51,否,,0.0,0,,,,,,121.5216178,25.08690540000001,1,2,2
653,"{'date': '2024-12-18 10:34:29.416887', 'timezone_type': 3, 'timezone': 'Asia/Taipei'}",買賣,大安區,房地(土地+建物),,臺北市安和路一段141巷5號五樓,11.31,,1131013,土地:5建物:1車位:,,五層,,公寓(5樓含以下無電梯),住家用,,,44.46,3.0,2.0,2.0,有,有,,3990,89.74,否,,0.0,0,無,,,,建築物含有：陽台外推、頂樓加蓋、其他增建。,121.5529902,25.03394440000001,1,4,13
654,"{'date': '2024-12-18 10:34:29.418668', 'timezone_type': 3, 'timezone': 'Asia/Taipei'}",租賃,文山區,房屋+車位,,臺北市新光路一段32巷27號七樓,0.0,,1131104,土地:建物:1車位:1,,七層,12.0,住宅大樓(11層含以上有電梯),見其他登記事項,,,55.05,3.0,2.0,2.0,有,有,無,6,1053.59,是,坡道平面1,11.47,0,,,,,租金：含下列其他衍生費用：管理費。,121.5728192,24.98962209999999,0,0,2
655,"{'date': '2024-12-18 10:34:29.419898', 'timezone_type': 3, 'timezone': 'Asia/Taipei'}",買賣,松山區,土地,,臺北市敦化段三小段0517-0000地號,2.27,,1130902,土地:1建物:0車位:,,,,,,,,0.0,,,,無,無,,53,23.35,-,,0.0,0,無,,,,特殊交易情況、條件：具重建或重劃、都更等效益。,121.5415381,25.05167790000002,3,5,15
656,"{'date': '2024-12-18 10:34:29.421350', 'timezone_type': 3, 'timezone': 'Asia/Taipei'}",買賣,萬華區,土地,,臺北市漢中段三小段0674-0000地號,0.29,,1131120,土地:1建物:0車位:,,,,,,,,0.0,,,,無,無,,53,182.76,-,,0.0,0,無,,,,特殊交易標的類型：(包含)公共設施保留地(用地)。與政府有關之交易：協議價購。,121.5654177,25.03296939999999,2,3,6
657,"{'date': '2024-12-18 10:34:29.422799', 'timezone_type': 3, 'timezone': 'Asia/Taipei'}",租賃,中山區,房屋,,臺北市中山北路一段135巷25號四樓,0.0,,1131105,土地:建物:1車位:,,四層,4.0,公寓(無電梯),住家用,,,23.56,3.0,2.0,2.0,有,無,無,3,1324.28,否,,0.0,0,,,,,承租人：多人共同承租，共2人。,121.5241037,25.05139140000001,0,10,19
658,"{'date': '2024-12-18 10:34:29.424302', 'timezone_type': 3, 'timezone': 'Asia/Taipei'}",買賣,萬華區,土地,,臺北市漢中段三小段0674-0000地號,0.29,,1131120,土地:1建物:0車位:,,,,,,,,0.0,,,,無,無,,53,182.76,-,,0.0,0,無,,,,特殊交易標的類型：(包含)公共設施保留地(用地)。與政府有關之交易：協議價購。,121.5654177,25.03296939999999,2,3,6
659,"{'date': '2024-12-18 10:34:29.425692', 'timezone_type': 3, 'timezone': 'Asia/Taipei'}",租賃,松山區,房屋,,臺北市民權東路三段160巷1號三樓之5,0.0,,1131107,土地:建物:1車位:,,見其他登記事項,12.0,住宅大樓(11層含以上有電梯),見其他登記事項,,,20.26,3.0,2.0,1.0,有,有,有,2,1184.6,否,,0.0,0,,,,,其他：續租案件。,121.5480254,25.06149409999999,2,2,7
660,"{'date': '2024-12-18 10:34:29.427046', 'timezone_type': 3, 'timezone': 'Asia/Taipei'}",買賣,大安區,房地(土地+建物)+車位,,臺北市浦城街24巷5號五樓,13.46,,1131026,土地:1建物:1車位:1,,"五層,夾層",,華廈(10層含以下有電梯),住家用,,,64.63,4.0,3.0,2.0,有,有,,6588,101.93,是,其他1,0.0,250,有,,,,建築物含有：陽台外推、夾層、其他增建。,121.5264369,25.0231925,1,3,9
661,"{'date': '2024-12-18 10:34:29.428336', 'timezone_type': 3, 'timezone': 'Asia/Taipei'}",買賣,內湖區,房地(土地+建物)+車位,,臺北市內湖路一段360巷17號九樓,30.33,,1131126,土地:1建物:2車位:2,,九層,,華廈(10層含以下有電梯),工業用,,,168.38,,,,無,有,,10330,67.97,否,坡道平面2,20.82,300,有,,,,,121.5706212,25.08058320000001,2,2,3
662,"{'date': '2024-12-18 10:34:29.429794', 'timezone_type': 3, 'timezone': 'Asia/Taipei'}",租賃,中正區,房屋,,臺北市羅斯福路一段25號十樓,0.0,,1131105,土地:建物:1車位:,,十層,11.0,住宅大樓(11層含以上有電梯),住家用,,,10.48,1.0,0.0,1.0,有,有,有,1,1288.17,否,,0.0,0,,,,,,121.5184449,25.03282189999998,2,6,11
663,"{'date': '2024-12-18 10:34:29.431207', 'timezone_type': 3, 'timezone': 'Asia/Taipei'}",租賃,中正區,車位,,臺北市林森北路9巷6號等共同使用,0.0,,1131102,土地:建物:車位:1,,,,,共有部分,,,8.15,,,,,,無,0,0.0,-,升降機械1,8.15,3500,,,,,,121.5240678,25.04562569999998,1,6,17
664,"{'date': '2024-12-18 10:34:29.432650', 'timezone_type': 3, 'timezone': 'Asia/Taipei'}",租賃,內湖區,房屋,,臺北市成功路四段214巷3弄9號四樓,0.0,,1131028,土地:建物:1車位:,,四層,5.0,公寓(無電梯),住家用,,,28.4,3.0,2.0,2.0,有,有,有,2,834.51,否,,0.0,0,,,,,,121.5961272,25.08512029999999,1,2,3
665,"{'date': '2024-12-18 10:34:29.434124', 'timezone_type': 3, 'timezone': 'Asia/Taipei'}",買賣,中山區,車位,,臺北市新生北路二段60之1號等共有部分,0.09,,1131121,土地:1建物:1車位:1,,"一層,地下一層,地下二層,地下三層,地下四層,地下五層,地下六層",19.0,,見其他登記事項,鋼骨鋼筋混凝土造,1050322.0,10.08,,,,無,有,,260,0.0,-,坡道平面1,10.08,260,有,,,,僅車位交易。,121.5271717,25.0559063,0,9,12
666,"{'date': '2024-12-18 10:34:29.435471', 'timezone_type': 3, 'timezone': 'Asia/Taipei'}",買賣,北投區,房地(土地+建物)+車位,,臺北市文林北路75巷61號四樓,14.38,,1130927,土地:1建物:1車位:1,,四層,,大樓(11層含以上有電梯),見其他登記事項,,,57.74,3.0,2.0,2.0,有,有,,2000,34.64,是,坡道平面1,13.23,0,有,,,,關係人間交易：親友、員工、共有人或其他特殊關係間之交易。,121.517624,25.10362169999999,1,2,4
667,"{'date': '2024-12-18 10:34:29.437045', 'timezone_type': 3, 'timezone': 'Asia/Taipei'}",租賃,內湖區,房屋,,臺北市內湖路二段339巷2號二樓之3,0.0,,1131107,土地:建物:1車位:,,二層,10.0,華廈(10層含以下有電梯),商業用,,,11.95,1.0,0.0,1.0,有,有,有,2,1271.97,否,,0.0,0,,,,,,121.5916742,25.08343099999998,1,2,3
668,"{'date': '2024-12-18 10:34:29.438380', 'timezone_type': 3, 'timezone': 'Asia/Taipei'}",買賣,北投區,房地(土地+建物),,臺北市石牌路二段315巷34弄26號二樓,2.97,,1131121,土地:1建物:1車位:,,二層,,華廈(10層含以下有電梯),住家用,,,11.93,1.0,1.0,1.0,有,有,,1180,98.91,否,,0.0,0,有,,,,,121.5232723,25.1230769,0,0,1
669,"{'date': '2024-12-18 10:34:29.439868', 'timezone_type': 3, 'timezone': 'Asia/Taipei'}",買賣,萬華區,土地,,臺北市漢中段三小段0674-0000地號,0.29,,1131120,土地:1建物:0車位:,,,,,,,,0.0,,,,無,無,,53,182.76,-,,0.0,0,無,,,,特殊交易標的類型：(包含)公共設施保留地(用地)。與政府有關之交易：協議價購。,121.5654177,25.03296939999999,2,3,6
670,"{'date': '2024-12-18 10:34:29.441287', 'timezone_type': 3, 'timezone': 'Asia/Taipei'}",買賣,中山區,房地(土地+建物)+車位,,臺北市明水路459號四樓,9.73,,1130908,土地:1建物:1車位:1,,四層,,大樓(11層含以上有電梯),住家用,,,55.6,3.0,2.0,3.0,有,有,,5400,97.12,是,坡道平面1,0.0,0,有,,,,建築物含有：陽台外推、其他增建。,121.5508097,25.07757839999999,2,2,2
671,"{'date': '2024-12-18 10:34:29.442798', 'timezone_type': 3, 'timezone': 'Asia/Taipei'}",買賣,松山區,土地,,臺北市延吉段三小段0890-0000地號,11.19,,1131107,土地:1建物:0車位:,,,,,,,,0.0,,,,無,無,,3132,279.89,-,,0.0,0,無,,,,,121.5654268,25.0329636,2,3,6
672,"{'date': '2024-12-18 10:34:29.444838', 'timezone_type': 3, 'timezone': 'Asia/Taipei'}",租賃,大安區,房屋,,臺北市和平東路二段36巷3號,0.0,,1131107,土地:建物:1車位:,,一層,10.0,華廈(10層含以下有電梯),商業用,,,38.81,4.0,2.0,2.0,有,有,無,8,1932.49,否,,0.0,0,,,,,租金：含稅、含下列其他衍生費用：其他-二代健保費。,121.5370247,25.02519209999998,0,2,12
673,"{'date': '2024-12-18 10:34:29.446409', 'timezone_type': 3, 'timezone': 'Asia/Taipei'}",買賣,北投區,房地(土地+建物),,臺北市中央北路三段40巷38號四樓,9.15,,1131017,土地:1建物:1車位:,,四層,,公寓(5樓含以下無電梯),住家用,,,34.4,3.0,2.0,1.0,有,無,,1400,40.7,否,,0.0,0,無,,,,,121.4848728,25.1396069,1,1,1
674,"{'date': '2024-12-18 10:34:29.447740', 'timezone_type': 3, 'timezone': 'Asia/Taipei'}",買賣,中山區,房地(土地+建物),,臺北市新生北路二段66號八樓之11,0.67,,1131012,土地:1建物:1車位:,,八層,,大樓(11層含以上有電梯),住商用,,,8.04,1.0,1.0,1.0,有,有,,540,67.16,否,,0.0,0,有,,,,建築物含有：陽台外推、其他增建。,121.5271877,25.05632919999998,0,9,12
675,"{'date': '2024-12-18 10:34:29.449074', 'timezone_type': 3, 'timezone': 'Asia/Taipei'}",租賃,大同區,房屋,,臺北市南京西路288號二樓之9,0.0,,1130704,土地:建物:車位:,,二層,19.0,住宅大樓(11層含以上有電梯),見其他登記事項,,,9.4,9.0,0.0,9.0,有,有,有,3,2978.72,否,,0.0,0,,,,,租金：含下列其他衍生費用：管理費、網路費。租賃標的：租賃建物部分範圍，且未計入共有部分面積。,121.513958,25.05392699999998,0,8,15
676,"{'date': '2024-12-18 10:34:29.450559', 'timezone_type': 3, 'timezone': 'Asia/Taipei'}",租賃,南港區,房屋,,臺北市昆陽街134巷1號二樓,0.0,,1131101,土地:建物:車位:,,四層,4.0,公寓(無電梯),住家用,,,4.84,3.0,0.0,3.0,有,無,有,1,2995.87,否,,0.0,0,,,,,其他：續租案件。,121.5940345,25.05013009999997,1,1,3
677,"{'date': '2024-12-18 10:34:29.451744', 'timezone_type': 3, 'timezone': 'Asia/Taipei'}",買賣,大安區,房地(土地+建物),,臺北市和平東路一段52號,4.99,,1131023,土地:1建物:1車位:,,"一層,騎樓,地下層",,公寓(5樓含以下無電梯),,,,23.41,,,,無,無,,2200,93.98,否,,0.0,0,無,,,,關係人間交易：親友、員工、共有人或其他特殊關係間之交易。,121.5239353,25.026796,2,7,8
678,"{'date': '2024-12-18 10:34:29.453112', 'timezone_type': 3, 'timezone': 'Asia/Taipei'}",買賣,內湖區,房地(土地+建物),,臺北市民權東路六段280巷88號四樓,8.21,,1131015,土地:1建物:1車位:,,四層,,大樓(11層含以上有電梯),住家用,,,35.75,3.0,2.0,2.0,有,有,,2860,80.0,否,,0.0,0,有,,,,,121.6086894,25.0695439,2,2,3
679,"{'date': '2024-12-18 10:34:29.454278', 'timezone_type': 3, 'timezone': 'Asia/Taipei'}",預售屋,北投區,房地(土地+建物)+車位,遠雄泱玥,臺北市北投區福真路,8.34,,1131009,土地:1建物:1車位:1,A01棟F04號,四層,24.0,住宅大樓(11層含以上有電梯),住家用,鋼骨鋼筋混凝土造,,54.63,3.0,2.0,2.0,有,,,5582,112.32,否,坡道平面1,7.87,330,,27.45,2.94,24.23,,121.5053002,25.09818089999997,0,0,0
680,"{'date': '2024-12-18 10:34:29.455712', 'timezone_type': 3, 'timezone': 'Asia/Taipei'}",預售屋,松山區,房地(土地+建物),京釀,臺北市松山區南京東路五段２９１巷２９弄２３號,3.36,,1131104,土地:3建物:1車位:0,0棟A3-4F號,四層,8.0,華廈(10層含以下有電梯),住家用,鋼筋混凝土造,,17.01,2.0,1.0,1.0,有,,,2155,126.69,否,,0.0,0,,9.18,1.21,6.61,,121.5668765,25.05295749999998,0,1,3
681,"{'date': '2024-12-18 10:34:29.457202', 'timezone_type': 3, 'timezone': 'Asia/Taipei'}",租賃,萬華區,房屋,,臺北市和平西路三段384號八樓之16,0.0,,1131104,土地:建物:1車位:,,八層,8.0,華廈(10層含以下有電梯),住家用,,,11.4,1.0,0.0,1.0,有,有,有,1,1271.93,否,,0.0,0,,,,,,121.4913711,25.03532590000001,0,1,1
682,"{'date': '2024-12-18 10:34:29.458563', 'timezone_type': 3, 'timezone': 'Asia/Taipei'}",租賃,中正區,房屋,,臺北市中華路二段309巷35號四樓,0.0,,1131107,土地:建物:1車位:,,四層,5.0,公寓(無電梯),,,,7.75,1.0,1.0,1.0,有,無,有,1,1612.9,否,,0.0,0,,,,,,121.5063059,25.02930760000001,0,1,6
683,"{'date': '2024-12-18 10:34:29.459986', 'timezone_type': 3, 'timezone': 'Asia/Taipei'}",租賃,士林區,房屋,,臺北市中山北路六段157巷11號四樓之5,0.0,,1131106,土地:建物:1車位:,,四層,15.0,辦公商業大樓,見其他登記事項,,,37.65,2.0,2.0,2.0,有,有,有,7,1726.43,否,,0.0,0,,,,,租金：含稅、含下列其他衍生費用：管理費、其他-二代健保補充保費。,121.5238841,25.10692389999999,1,2,3
684,"{'date': '2024-12-18 10:34:29.461395', 'timezone_type': 3, 'timezone': 'Asia/Taipei'}",預售屋,內湖區,房地(土地+建物),力麒·寰山,臺北市內湖區麗山里環山路二段23號旁,3.66,,1131021,土地:6建物:1車位:,0棟A4-9F號,九層,17.0,住宅大樓(11層含以上有電梯),住家用,鋼筋混凝土造,,27.07,2.0,2.0,1.0,有,,,3097,114.41,否,,0.0,0,,16.26,1.21,9.59,,121.5715037999999,25.08608229999997,0,2,2
685,"{'date': '2024-12-18 10:34:29.462843', 'timezone_type': 3, 'timezone': 'Asia/Taipei'}",買賣,中山區,房地(土地+建物),,臺北市中原街46之2號,2.03,,1130928,土地:2建物:1車位:,,一層,,華廈(10層含以下有電梯),見其他登記事項,,,7.43,2.0,1.0,1.0,有,有,,1480,199.19,否,,0.0,0,有,,,,建築物含有：夾層、其他增建。,121.5286833,25.05767390000001,0,7,12
686,"{'date': '2024-12-18 10:34:29.464466', 'timezone_type': 3, 'timezone': 'Asia/Taipei'}",買賣,士林區,房地(土地+建物),,臺北市天母東路105巷9弄8號三樓,6.3,,1131025,土地:1建物:1車位:,,三層,,大樓(11層含以上有電梯),見其他登記事項,,,38.03,3.0,2.0,2.0,有,有,,3188,83.83,否,,0.0,0,有,,,,,121.535932,25.119167,0,0,0
687,"{'date': '2024-12-18 10:34:29.465895', 'timezone_type': 3, 'timezone': 'Asia/Taipei'}",租賃,大同區,房屋,,臺北市太原路117號十二樓,0.0,,1131107,土地:建物:1車位:,,十二層,13.0,住宅大樓(11層含以上有電梯),住家用,,,46.48,2.0,2.0,1.0,有,有,有,4,860.59,否,,0.0,0,,,,,其他：續租案件。,121.5160718,25.0527341,2,8,15
688,"{'date': '2024-12-18 10:34:29.467483', 'timezone_type': 3, 'timezone': 'Asia/Taipei'}",租賃,大同區,房屋,,臺北市長安西路190號,0.0,,1131106,土地:建物:1車位:,,見其他登記事項,2.0,透天厝,住家用,,,36.41,,,,無,無,無,9,0.0,-,,0.0,0,,,,,,121.515684,25.051097,4,8,15
689,"{'date': '2024-12-18 10:34:29.468971', 'timezone_type': 3, 'timezone': 'Asia/Taipei'}",買賣,大安區,房地(土地+建物),,臺北市基隆路二段132巷6號三樓,4.28,,1131004,土地:1建物:1車位:,,三層,,華廈(10層含以下有電梯),住家用,,,12.71,1.0,1.0,1.0,有,無,,1210,95.2,否,,0.0,0,有,,,,建築物含有：陽台外推、其他增建。其他增建項目：花台,121.5564033,25.0289543,0,2,10
690,"{'date': '2024-12-18 10:34:29.470559', 'timezone_type': 3, 'timezone': 'Asia/Taipei'}",預售屋,萬華區,房地(土地+建物)+車位,龍邦豐馥,臺北市萬華區西園路二段,3.51,,1131105,土地:34建物:1車位:1,1棟B4-14F號,十四層,15.0,住宅大樓(11層含以上有電梯),見其他登記事項,見其他登記事項,,38.59,2.0,2.0,2.0,有,,,2550,89.65,否,坡道平面1,13.66,315,,14.84,1.72,22.03,,121.49519,25.02820049999998,0,1,1
691,"{'date': '2024-12-18 10:34:29.472052', 'timezone_type': 3, 'timezone': 'Asia/Taipei'}",租賃,信義區,房屋,,臺北市松山路204巷2號十三樓,0.0,,1131107,土地:建物:1車位:,,十三層,16.0,住宅大樓(11層含以上有電梯),商業用,,,36.32,3.0,2.0,2.0,有,有,無,5,1238.99,否,,0.0,0,,,,,租金：含下列其他衍生費用：管理費。,121.5776,25.0452038,0,3,4
692,"{'date': '2024-12-18 10:34:29.473699', 'timezone_type': 3, 'timezone': 'Asia/Taipei'}",買賣,信義區,房地(土地+建物),,臺北市信義路六段12巷38號四樓,3.43,,1131020,土地:1建物:1車位:,,四層,,公寓(5樓含以下無電梯),住家用,,,13.21,4.0,2.0,2.0,有,無,,904,68.43,否,,0.0,0,無,,,,關係人間交易：親友、員工、共有人或其他特殊關係間之交易。房屋持分權利範圍三分之一,121.5747997,25.03208240000003,1,2,4
693,"{'date': '2024-12-18 10:34:29.475208', 'timezone_type': 3, 'timezone': 'Asia/Taipei'}",買賣,松山區,房地(土地+建物)+車位,,臺北市八德路三段165號六樓之7,3.93,,1130823,土地:1建物:1車位:1,,六層,,大樓(11層含以上有電梯),見其他登記事項,,,55.25,2.0,2.0,2.0,有,有,,6300,136.29,否,坡道平面1,11.96,400,有,,,,,121.5553434,25.04816619999999,2,3,11
694,"{'date': '2024-12-18 10:34:29.477290', 'timezone_type': 3, 'timezone': 'Asia/Taipei'}",租賃,中山區,房屋,,臺北市新生北路二段15巷6號七樓,0.0,,1131106,土地:建物:1車位:,,七層,7.0,華廈(10層含以下有電梯),住家用,,,41.25,2.0,2.0,2.0,有,有,無,8,1877.75,否,,0.0,0,,,,,租金：含下列其他衍生費用：管理費、網路費。,121.5283264,25.05313670000002,2,8,18
695,"{'date': '2024-12-18 10:34:29.478860', 'timezone_type': 3, 'timezone': 'Asia/Taipei'}",買賣,大同區,房地(土地+建物)+車位,,臺北市重慶北路二段88號二樓之6,6.68,,1130928,土地:1建物:1車位:2,,二層,,大樓(11層含以上有電梯),住家用,,,101.54,4.0,1.0,2.0,有,有,,2000,19.7,是,坡道平面2,22.88,0,有,,,,關係人間交易：親友、員工、共有人或其他特殊關係間之交易。,121.5136294,25.05670710000003,0,9,11
696,"{'date': '2024-12-18 10:34:29.480449', 'timezone_type': 3, 'timezone': 'Asia/Taipei'}",租賃,大同區,房屋,,臺北市民生西路290號四樓,0.0,,1131105,土地:建物:1車位:,,四層,10.0,辦公商業大樓,商業用,,,86.56,3.0,1.0,2.0,有,有,無,12,1386.32,否,,0.0,0,,,,,租金：含稅。,121.5127762,25.05685769999998,0,9,11
697,"{'date': '2024-12-18 10:34:29.482191', 'timezone_type': 3, 'timezone': 'Asia/Taipei'}",預售屋,信義區,房地(土地+建物),青后,臺北市信義區基隆路一段,1.53,,1131106,土地:4建物:1車位:,0棟G-05F號,五層,23.0,住宅大樓(11層含以上有電梯),見其他登記事項,見其他登記事項,,21.43,2.0,2.0,1.0,有,,,3200,149.32,否,,0.0,0,,12.11,1.24,8.08,,121.5647643,25.04187739999999,1,3,6
698,"{'date': '2024-12-18 10:34:29.483604', 'timezone_type': 3, 'timezone': 'Asia/Taipei'}",預售屋,大安區,房地(土地+建物)+車位,連雲雲恆,臺北市大安區辛亥路一段,4.95,,1131020,土地:2建物:1車位:1,0棟D-7F號,七層,15.0,住宅大樓(11層含以上有電梯),住家用,鋼筋混凝土造,,51.5,,,,無,,,6674,143.52,否,其他1,6.88,270,,24.17,4.83,22.5,毛胚屋。雨遮登記不計價,121.5305892,25.02054570000003,1,2,8
699,"{'date': '2024-12-18 10:34:29.485022', 'timezone_type': 3, 'timezone': 'Asia/Taipei'}",買賣,士林區,土地,,臺北市永新段二小段0305-0000地號,1.74,,990721,土地:1建物:0車位:,,,,,,,,0.0,,,,無,無,,66,37.93,-,,0.0,0,無,,,,,121.5654268,25.0329636,2,3,6
700,"{'date': '2024-12-18 10:34:29.486494', 'timezone_type': 3, 'timezone': 'Asia/Taipei'}",買賣,內湖區,房地(土地+建物),,臺北市潭美街139號三樓之3,2.84,,1131116,土地:1建物:1車位:,,三層,,華廈(10層含以下有電梯),商業用,,,13.65,1.0,1.0,1.0,有,有,,1050,76.92,否,,0.0,0,有,,,,,121.5808290999999,25.0540523,1,2,3
701,"{'date': '2024-12-18 10:34:29.487982', 'timezone_type': 3, 'timezone': 'Asia/Taipei'}",買賣,松山區,房地(土地+建物),,臺北市光復北路190巷29號三樓,14.21,,1130918,土地:2建物:1車位:,,三層,,大樓(11層含以上有電梯),見其他登記事項,,,55.15,4.0,2.0,2.0,有,有,,5050,91.57,否,,0.0,0,有,,,,,121.5546027,25.05476650000002,2,3,7
702,"{'date': '2024-12-18 10:34:29.489353', 'timezone_type': 3, 'timezone': 'Asia/Taipei'}",買賣,松山區,房地(土地+建物),,臺北市南京東路四段52巷23號六樓,4.12,,1100305,土地:1建物:1車位:,,六層,,華廈(10層含以下有電梯),見其他登記事項,,,20.81,2.0,1.0,1.0,有,無,,2480,119.17,否,,0.0,0,有,,,,預售屋、或土地及建物分件登記案件。,121.5537529,25.05061799999997,2,4,12
703,"{'date': '2024-12-18 10:34:29.490844', 'timezone_type': 3, 'timezone': 'Asia/Taipei'}",租賃,文山區,房屋,,臺北市興德路6巷4號二樓,0.0,,1131106,土地:建物:1車位:,,二層,4.0,公寓(無電梯),住家用,,,24.12,3.0,2.0,1.0,有,無,無,2,995.02,否,,0.0,0,,,,,,121.555546,25.00072290000001,1,2,3
704,"{'date': '2024-12-18 10:34:29.492432', 'timezone_type': 3, 'timezone': 'Asia/Taipei'}",租賃,大安區,房屋,,臺北市敦化南路一段177巷46號六樓,0.0,,1131106,土地:建物:1車位:,,六層,8.0,華廈(10層含以下有電梯),住家用,,,23.76,1.0,1.0,1.0,有,有,有,5,2222.22,否,,0.0,0,,,,,,121.551375,25.04290760000002,0,6,16
705,"{'date': '2024-12-18 10:34:29.493872', 'timezone_type': 3, 'timezone': 'Asia/Taipei'}",租賃,文山區,房屋,,臺北市樟新街8巷5弄7之1號四樓,0.0,,1131105,土地:建物:1車位:,,四層,6.0,華廈(10層含以下有電梯),住家用,,,27.88,3.0,1.0,2.0,有,有,有,3,1183.64,否,,0.0,0,,,,,,121.5547941,24.97921249999997,0,0,3
706,"{'date': '2024-12-18 10:34:29.495249', 'timezone_type': 3, 'timezone': 'Asia/Taipei'}",買賣,文山區,房地(土地+建物),,臺北市景仁街79巷9號三樓,10.74,,1131102,土地:1建物:1車位:,,三層,,公寓(5樓含以下無電梯),住家用,,,26.7,3.0,2.0,1.0,有,無,,850,31.84,否,,0.0,0,無,,,,關係人間交易：親友、員工、共有人或其他特殊關係間之交易。,121.537777,24.99800399999999,0,2,2
707,"{'date': '2024-12-18 10:34:29.496537', 'timezone_type': 3, 'timezone': 'Asia/Taipei'}",買賣,內湖區,房地(土地+建物)+車位,,臺北市洲子街67號二樓,18.24,,1131106,土地:1建物:1車位:2,,二層,,華廈(10層含以下有電梯),工業用,,,122.41,,,,無,有,,6738,62.0,否,坡道平面2,20.19,400,有,,,,,121.5727133,25.0796068,0,2,3
708,"{'date': '2024-12-18 10:34:29.498003', 'timezone_type': 3, 'timezone': 'Asia/Taipei'}",租賃,中山區,房屋,,臺北市德惠街193巷23號四樓,0.0,,1131010,土地:建物:車位:,,四層,4.0,公寓(無電梯),住家用,,,7.53,4.0,0.0,4.0,有,無,有,1,1859.23,否,,0.0,0,,,,,租金：含下列其他衍生費用：水費、網路費。租賃標的：租賃建物部分範圍，且未計入共有部分面積。其他：續租案件。,121.5326572,25.06792110000002,0,2,6
709,"{'date': '2024-12-18 10:34:29.499628', 'timezone_type': 3, 'timezone': 'Asia/Taipei'}",租賃,松山區,房屋,,臺北市民生東路五段198號六樓,0.0,,1131107,土地:建物:1車位:,,六層,20.0,住宅大樓(11層含以上有電梯),商業用,,,36.31,2.0,2.0,2.0,有,有,無,6,1514.73,否,,0.0,0,,,,,租金：含下列其他衍生費用：管理費。,121.5644476999999,25.05861999999999,0,0,3
710,"{'date': '2024-12-18 10:34:29.501082', 'timezone_type': 3, 'timezone': 'Asia/Taipei'}",租賃,萬華區,房屋,,臺北市昆明街136巷15號四樓之1,0.0,,1131104,土地:建物:1車位:,,四層,5.0,公寓(無電梯),見其他登記事項,,,8.44,1.0,0.0,1.0,有,無,有,1,1362.56,否,,0.0,0,,,,,,121.5044194,25.04260180000002,2,4,8
711,"{'date': '2024-12-18 10:34:29.502540', 'timezone_type': 3, 'timezone': 'Asia/Taipei'}",買賣,士林區,房地(土地+建物),,臺北市通河東街二段10巷5弄19號二樓,8.83,,1130730,土地:1建物:1車位:,,二層,,公寓(5樓含以下無電梯),住家用,,,27.62,3.0,2.0,2.0,有,無,,1310,47.43,否,,0.0,0,無,,,,關係人間交易：親友、員工、共有人或其他特殊關係間之交易。,121.5149856,25.09212930000002,0,0,3
712,"{'date': '2024-12-18 10:34:29.503831', 'timezone_type': 3, 'timezone': 'Asia/Taipei'}",買賣,大安區,房地(土地+建物),,臺北市泰順街2巷38號三樓,12.21,,1131013,土地:2建物:1車位:,,三層,,公寓(5樓含以下無電梯),住家用,,,32.81,3.0,2.0,2.0,有,無,,2950,89.91,否,,0.0,0,無,,,,建築物含有：陽台外推、其他增建。,121.5297465,25.0256251,0,6,10
713,"{'date': '2024-12-18 10:34:29.505172', 'timezone_type': 3, 'timezone': 'Asia/Taipei'}",買賣,南港區,土地,,臺北市麗山段一小段0162-0000地號,318.23,,1131125,土地:3建物:0車位:,,,,,,,,0.0,,,,無,無,,20,0.06,-,,0.0,0,無,,,,特殊交易標的類型：(包含)公共設施保留地(用地)。,121.5654268,25.0329636,2,3,6
714,"{'date': '2024-12-18 10:34:29.506526', 'timezone_type': 3, 'timezone': 'Asia/Taipei'}",租賃,大同區,房屋,,臺北市延平北路一段22號八樓之9,0.0,,1131106,土地:0建物:1車位:,,八層,11.0,住宅大樓(11層含以上有電梯),商業用,,,18.19,1.0,0.0,1.0,有,有,有,2,1209.46,否,,0.0,0,,,,,,121.5118685,25.05058460000001,1,5,13
715,"{'date': '2024-12-18 10:34:29.507985', 'timezone_type': 3, 'timezone': 'Asia/Taipei'}",預售屋,北投區,房地(土地+建物)+車位,遠雄泱玥,臺北市北投區福真路,8.34,,1131006,土地:1建物:1車位:1,A01棟F14號,十四層,24.0,住宅大樓(11層含以上有電梯),住家用,鋼骨鋼筋混凝土造,,54.63,3.0,2.0,2.0,有,,,5866,118.39,否,坡道平面1,7.87,330,,27.45,2.94,24.23,,121.5053002,25.09818089999997,0,0,0
716,"{'date': '2024-12-18 10:34:29.509416', 'timezone_type': 3, 'timezone': 'Asia/Taipei'}",租賃,文山區,房屋,,臺北市興隆路三段269巷7號三樓,0.0,,1131101,土地:建物:1車位:,,三層,7.0,華廈(10層含以下有電梯),見其他登記事項,,,27.21,2.0,1.0,1.0,有,有,有,3,1212.79,否,,0.0,0,,,,,,121.5591342,24.9922906,0,1,3
717,"{'date': '2024-12-18 10:34:29.510785', 'timezone_type': 3, 'timezone': 'Asia/Taipei'}",租賃,松山區,房屋,,臺北市塔悠路87號五樓,0.0,,1131107,土地:建物:1車位:,,五層,12.0,住宅大樓(11層含以上有電梯),住家用,,,32.97,3.0,2.0,2.0,有,有,有,2,606.61,否,,0.0,0,,,,,,121.5704956,25.05208840000001,0,1,5
718,"{'date': '2024-12-18 10:34:29.511967', 'timezone_type': 3, 'timezone': 'Asia/Taipei'}",租賃,文山區,房屋,,臺北市景興路282巷9號六樓之5,0.0,,1131101,土地:建物:1車位:,,六層,13.0,住宅大樓(11層含以上有電梯),見其他登記事項,,,9.04,1.0,1.0,1.0,有,有,有,1,1438.05,否,,0.0,0,,,,,,121.5416515,24.989685,1,3,4
719,"{'date': '2024-12-18 10:34:29.513501', 'timezone_type': 3, 'timezone': 'Asia/Taipei'}",買賣,內湖區,土地,,臺北市大湖段二小段0041-0000地號,9.34,,1130912,土地:1建物:0車位:,,,,,,,,0.0,,,,無,無,,3118,333.83,-,,0.0,0,無,,,,特殊交易情況、條件：具重建或重劃、都更等效益。,120.8728615,24.3980966,0,0,0
720,"{'date': '2024-12-18 10:34:29.523979', 'timezone_type': 3, 'timezone': 'Asia/Taipei'}",租賃,中山區,房屋,,臺北市松江路223號二樓,0.0,,1131106,土地:建物:3車位:,,二層,18.0,辦公商業大樓,見其他登記事項,,,388.86,,,,無,有,無,114,2940.08,否,,0.0,0,,,,,"租金：含稅、含下列其他衍生費用：管理費。租賃標的：含有多個門牌且未個別計算租金-台北市中山區松江路223號2樓、2樓之1、2樓之2、租賃期間有約定不同租金-113/11/1~115/12/31租金1,143,278元/月，116/11/1~118/12/31租金1,163,694元/月。。",121.5333087,25.05873399999999,1,4,13
721,"{'date': '2024-12-18 10:34:29.525398', 'timezone_type': 3, 'timezone': 'Asia/Taipei'}",租賃,中山區,房屋,,臺北市農安街8號十四樓之5,0.0,,1131101,土地:建物:1車位:,,十四層,14.0,住宅大樓(11層含以上有電梯),住家用,,,15.21,1.0,0.0,1.0,有,有,有,5,3155.82,否,,0.0,0,,,,,,121.52343,25.064822,3,5,11
722,"{'date': '2024-12-18 10:34:29.526628', 'timezone_type': 3, 'timezone': 'Asia/Taipei'}",租賃,北投區,房屋,,臺北市明德路331巷32號三樓,0.0,,1131107,土地:建物:1車位:,,三層,5.0,公寓(無電梯),住家用,,,23.26,2.0,2.0,1.0,有,無,無,2,709.37,否,,0.0,0,,,,,,121.5183799,25.11627229999998,0,2,2
723,"{'date': '2024-12-18 10:34:29.528147', 'timezone_type': 3, 'timezone': 'Asia/Taipei'}",買賣,信義區,房地(土地+建物),,臺北市和平東路三段283號二樓,4.54,,1130806,土地:1建物:1車位:,,二層,,大樓(11層含以上有電梯),住家用,,,31.18,3.0,2.0,2.0,有,有,,2528,81.08,否,,0.0,0,有,,,,,121.5552059,25.02214920000001,0,1,4
724,"{'date': '2024-12-18 10:34:29.529700', 'timezone_type': 3, 'timezone': 'Asia/Taipei'}",預售屋,北投區,房地(土地+建物)+車位,遠雄泱玥,臺北市北投區福真路,8.35,,1131007,土地:1建物:1車位:1,A06棟F15號,十五層,24.0,住宅大樓(11層含以上有電梯),住家用,鋼骨鋼筋混凝土造,,54.68,3.0,2.0,2.0,有,,,5880,118.88,否,坡道平面1,7.87,315,,27.48,2.94,24.25,,121.5053002,25.09818089999997,0,0,0
725,"{'date': '2024-12-18 10:34:29.532052', 'timezone_type': 3, 'timezone': 'Asia/Taipei'}",預售屋,中正區,房地(土地+建物)+車位,南陽龍踞,臺北市中正區黎明里里南陽街,3.15,,1130919,土地:8建物:1車位:1,0棟Ｂ號,六層,12.0,住宅大樓(11層含以上有電梯),住家用,鋼筋混凝土造,,34.95,2.0,1.0,2.0,有,,,4767,142.0,否,塔式車位1,3.28,270,,17.63,2.04,15.29,關係人間交易：親友、員工、共有人或其他特殊關係間之交易。,121.5155891,25.04447419999999,3,7,14
726,"{'date': '2024-12-18 10:34:29.533649', 'timezone_type': 3, 'timezone': 'Asia/Taipei'}",租賃,大安區,房屋,,臺北市和平東路三段308巷2弄9號二樓,0.0,,1131105,土地:建物:1車位:,,二層,4.0,公寓(無電梯),住家用,,,13.68,2.0,1.0,1.0,有,無,無,2,1169.59,否,,0.0,0,,,,,,121.5561656,25.02055370000001,1,1,3
727,"{'date': '2024-12-18 10:34:29.535121', 'timezone_type': 3, 'timezone': 'Asia/Taipei'}",租賃,萬華區,房屋,,臺北市西藏路176號四樓,0.0,,1131102,土地:建物:車位:,,四層,5.0,公寓(無電梯),住家用,,,7.02,5.0,0.0,5.0,有,無,有,1,1894.59,否,,0.0,0,,,,,,121.5032925,25.0300369,0,2,4
728,"{'date': '2024-12-18 10:34:29.536539', 'timezone_type': 3, 'timezone': 'Asia/Taipei'}",預售屋,松山區,房地(土地+建物),京釀,臺北市松山區南京東路五段２９１巷２９弄２３號,2.13,,1131018,土地:3建物:1車位:0,0棟A1-1F號,一層,8.0,套房(1房(1廳)1衛),住家用,鋼筋混凝土造,,10.78,0.0,1.0,1.0,有,,,1400,129.87,否,,0.0,0,,5.58,1.01,4.19,,121.5668765,25.05295749999998,0,1,3
729,"{'date': '2024-12-18 10:34:29.537991', 'timezone_type': 3, 'timezone': 'Asia/Taipei'}",預售屋,內湖區,房地(土地+建物)+車位,力麒·寰山,臺北市內湖區麗山里環山路二段23號旁,5.36,,1131019,土地:6建物:1車位:1,0棟A3-9F號,九層,17.0,住宅大樓(11層含以上有電梯),住家用,鋼筋混凝土造,,50.81,3.0,2.0,2.0,有,,,4755,111.63,否,坡道平面1,11.17,330,,24.0,1.59,25.21,,121.5715037999999,25.08608229999997,0,2,2
730,"{'date': '2024-12-18 10:34:29.539302', 'timezone_type': 3, 'timezone': 'Asia/Taipei'}",買賣,信義區,房地(土地+建物),,臺北市永吉路120巷74號四樓,7.0,,1131011,土地:2建物:1車位:,,四層,,華廈(10層含以下有電梯),住家用,,,35.72,3.0,2.0,2.0,有,有,,3388,94.85,否,,0.0,0,有,,,,建築物含有：陽台外推。另有1室,121.570706,25.04458220000001,0,3,7
731,"{'date': '2024-12-18 10:34:29.540789', 'timezone_type': 3, 'timezone': 'Asia/Taipei'}",買賣,大同區,房地(土地+建物),,臺北市長安西路342號三樓,0.95,,1131027,土地:1建物:1車位:,,三層,,大樓(11層含以上有電梯),商業用,,,12.15,,,,無,無,,400,32.92,否,,0.0,0,有,,,,關係人間交易：親友、員工、共有人或其他特殊關係間之交易。,121.5102772,25.05193589999998,1,5,12
732,"{'date': '2024-12-18 10:34:29.543656', 'timezone_type': 3, 'timezone': 'Asia/Taipei'}",租賃,大安區,房屋,,臺北市忠孝東路四段197號十樓之11,106.7,,1131030,土地:1建物:1車位:,,十層,14.0,辦公商業大樓,商業用,,,42.23,,,,無,無,無,8,1823.35,否,,0.0,0,,,,,租金：含稅。,121.5514452,25.04168450000002,0,6,16
733,"{'date': '2024-12-18 10:34:29.545245', 'timezone_type': 3, 'timezone': 'Asia/Taipei'}",租賃,信義區,房屋,,臺北市林口街10巷35號三樓,0.0,,1131102,土地:建物:1車位:,,三層,4.0,公寓(無電梯),住家用,,,23.1,3.0,2.0,1.0,有,無,有,3,1125.54,否,,0.0,0,,,,,其他：續租案件。,121.5804994,25.03758370000001,0,1,4
734,"{'date': '2024-12-18 10:34:29.546566', 'timezone_type': 3, 'timezone': 'Asia/Taipei'}",預售屋,文山區,房地(土地+建物)+車位,元利四季莊園,臺北市文山區木柵路一段,3.99,,1131101,土地:2建物:1車位:1,B棟02F-B06號,二層,34.0,住宅大樓(11層含以上有電梯),住家用,見其他登記事項,,32.11,2.0,2.0,2.0,有,,,2914,105.81,否,坡道平面1,7.5,310,,14.7,1.34,16.07,,121.5498789,24.98742269999999,0,2,3
735,"{'date': '2024-12-18 10:34:29.547795', 'timezone_type': 3, 'timezone': 'Asia/Taipei'}",買賣,南港區,車位,,臺北市東明街28號等共用部分,0.66,,1131110,土地:1建物:1車位:1,,"一層,地下一層,地下二層,地下三層",,,見其他登記事項,,,12.26,,,,無,有,,150,0.0,-,坡道平面1,12.26,150,有,,,,僅車位交易。,121.5654268,25.0329636,2,3,6
736,"{'date': '2024-12-18 10:34:29.549295', 'timezone_type': 3, 'timezone': 'Asia/Taipei'}",租賃,大安區,房屋,,臺北市雲和街42號二樓,0.0,,1131101,土地:建物:車位:,,二層,4.0,公寓(無電梯),,,,3.72,4.0,2.0,2.0,有,無,有,1,2553.76,否,,0.0,0,,,,,租賃標的：租賃建物部分範圍，且未計入共有部分面積。其他：續租案件。,121.5288456,25.0234958,1,3,9
737,"{'date': '2024-12-18 10:34:29.550755', 'timezone_type': 3, 'timezone': 'Asia/Taipei'}",買賣,南港區,車位,,臺北市園區街6之7號等共有部分,0.57,,1131117,土地:1建物:1車位:1,,"地下一層,地下二層,地下三層,地下四層",,,停車空間,,,10.4,,,,無,有,,208,0.0,-,坡道平面1,10.4,208,有,,,,僅車位交易。,121.6135327,25.059364,3,6,8
738,"{'date': '2024-12-18 10:34:29.552131', 'timezone_type': 3, 'timezone': 'Asia/Taipei'}",租賃,大安區,房屋,,臺北市羅斯福路三段293號九樓之1,0.0,,1131105,土地:建物:1車位:,,九層,12.0,住宅大樓(11層含以上有電梯),住家用,,,12.76,1.0,1.0,1.0,有,有,有,2,1175.55,否,,0.0,0,,,,,,121.5324282,25.01689450000001,1,2,4
739,"{'date': '2024-12-18 10:34:29.553456', 'timezone_type': 3, 'timezone': 'Asia/Taipei'}",買賣,大安區,房地(土地+建物)+車位,,臺北市和平東路一段250號三樓,4.51,,1130124,土地:2建物:1車位:1,,三層,,大樓(11層含以上有電梯),住家用,,,51.24,,,,無,有,,7204,140.59,是,塔式車位1,3.62,0,有,,,,,121.5330105,25.02598299999999,0,4,12
740,"{'date': '2024-12-18 10:34:29.554776', 'timezone_type': 3, 'timezone': 'Asia/Taipei'}",租賃,北投區,房屋,,臺北市致遠一路二段46號五樓,0.0,,1131107,土地:建物:1車位:,,五層,5.0,公寓(無電梯),住家用,,,35.44,3.0,2.0,2.0,有,無,有,2,507.9,否,,0.0,0,,,,,其他：續租案件。,121.5141029,25.11177549999998,1,2,3
741,"{'date': '2024-12-18 10:34:29.556120', 'timezone_type': 3, 'timezone': 'Asia/Taipei'}",租賃,士林區,房屋,,臺北市通河東街一段105巷1弄4號四樓,0.0,,1131101,土地:建物:1車位:,,四層,4.0,公寓(無電梯),住家用,,,31.58,3.0,2.0,1.0,有,無,無,3,791.64,否,,0.0,0,,,,,,121.5165476,25.08542319999999,0,1,2
742,"{'date': '2024-12-18 10:34:29.557601', 'timezone_type': 3, 'timezone': 'Asia/Taipei'}",租賃,中正區,房屋+車位,,臺北市廈門街127號五樓,0.0,,1131106,土地:建物:1車位:1,,五層,11.0,住宅大樓(11層含以上有電梯),見其他登記事項,,,54.79,3.0,2.0,2.0,有,有,有,6,1003.83,是,坡道平面1,6.16,0,,,,,,121.5175109,25.02277000000002,0,2,6
743,"{'date': '2024-12-18 10:34:29.558887', 'timezone_type': 3, 'timezone': 'Asia/Taipei'}",買賣,大安區,房地(土地+建物)+車位,,臺北市復興南路一段165號八樓,2.44,,1090604,土地:2建物:1車位:1,,八層,,大樓(11層含以上有電梯),見其他登記事項,,,28.66,2.0,2.0,1.0,有,有,,4050,149.32,否,升降機械1,3.48,290,有,,,,預售屋、或土地及建物分件登記案件。,121.5438638,25.04127240000002,4,10,18
744,"{'date': '2024-12-18 10:34:29.560287', 'timezone_type': 3, 'timezone': 'Asia/Taipei'}",租賃,萬華區,房屋,,臺北市萬大路423巷103號二樓,0.0,,1131106,土地:建物:1車位:,,二層,5.0,公寓(無電梯),住家用,,,11.27,2.0,1.0,1.0,有,無,無,2,1508.43,否,,0.0,0,,,,,,121.5018963,25.02212470000002,0,0,0
745,"{'date': '2024-12-18 10:34:29.562404', 'timezone_type': 3, 'timezone': 'Asia/Taipei'}",買賣,信義區,房地(土地+建物),,臺北市忠孝東路五段455號九樓之1,2.05,,1130511,土地:3建物:1車位:,,九層,,大樓(11層含以上有電梯),見其他登記事項,,,12.17,0.0,1.0,1.0,有,有,,1765,145.03,否,,0.0,0,有,,,,建築物含有：夾層、其他增建。,121.5768206,25.041022,1,2,5
746,"{'date': '2024-12-18 10:34:29.564006', 'timezone_type': 3, 'timezone': 'Asia/Taipei'}",預售屋,中山區,房地(土地+建物),中山麗池,臺北市中山區新生北路二段68巷,0.97,,1131104,土地:40建物:1車位:,E棟E-21F號,二十一層,23.0,住宅大樓(11層含以上有電梯),住家用,鋼筋混凝土造,,17.08,1.0,2.0,1.0,有,,,2410,141.1,否,,0.0,0,,9.21,1.92,5.95,,121.5264154,25.05661760000002,0,11,12
747,"{'date': '2024-12-18 10:34:29.566813', 'timezone_type': 3, 'timezone': 'Asia/Taipei'}",租賃,中山區,房屋,,臺北市林森北路138巷38號四樓之1,0.0,,1131104,土地:建物:1車位:,,四層,6.0,華廈(10層含以下有電梯),見其他登記事項,,,9.37,1.0,0.0,1.0,有,有,有,2,1707.58,否,,0.0,0,,,,,,121.5240587,25.0516631,2,10,19
748,"{'date': '2024-12-18 10:34:29.568406', 'timezone_type': 3, 'timezone': 'Asia/Taipei'}",買賣,大同區,房地(土地+建物),,臺北市長安西路205號五樓之10,0.96,,1130822,土地:1建物:1車位:,,五層,,大樓(11層含以上有電梯),商業用,,,8.59,0.0,1.0,1.0,有,有,,645,75.09,否,,0.0,0,有,,,,建築物含有：陽台外推。,121.5127933999999,25.05198160000001,1,7,15
749,"{'date': '2024-12-18 10:34:29.569913', 'timezone_type': 3, 'timezone': 'Asia/Taipei'}",租賃,大同區,房屋,,臺北市寧夏路11號十四樓之4,0.0,,1131107,土地:建物:1車位:,,十四層,14.0,住宅大樓(11層含以上有電梯),住家用,,,13.1,1.0,0.0,1.0,有,有,有,1,1068.7,否,,0.0,0,,,,,,121.5150107,25.05463669999999,2,10,12
750,"{'date': '2024-12-18 10:34:29.571413', 'timezone_type': 3, 'timezone': 'Asia/Taipei'}",租賃,中山區,房屋,,臺北市農安街10之1號三樓之3,0.0,,1131106,土地:建物:1車位:,,三層,13.0,住宅大樓(11層含以上有電梯),住家用,,,14.37,1.0,0.0,1.0,有,有,有,2,1384.83,否,,0.0,0,,,,,,121.5236737,25.0648418,3,5,11
751,"{'date': '2024-12-18 10:34:29.572763', 'timezone_type': 3, 'timezone': 'Asia/Taipei'}",買賣,大同區,車位,,臺北市承德路二段75巷15號等共用部分,0.02,,1131108,土地:1建物:1車位:1,,"一層,陽臺,地下一層,地下二層",,,見其他登記事項,,,3.2,,,,無,無,,65,0.0,-,塔式車位1,3.2,65,有,,,,僅車位交易。機械塔式,121.5189633999999,25.0558435,5,7,16
752,"{'date': '2024-12-18 10:34:29.574064', 'timezone_type': 3, 'timezone': 'Asia/Taipei'}",買賣,中正區,房地(土地+建物),,臺北市衡陽路77號八樓之2,0.77,,1131111,土地:1建物:1車位:,,八層,,華廈(10層含以下有電梯),住家用,,,4.34,1.0,0.0,1.0,有,無,,250,57.6,否,,0.0,0,有,,,,關係人間交易：親友、員工、共有人或其他特殊關係間之交易。建築物含有：陽台外推。,121.511041,25.04234389999998,3,7,13
753,"{'date': '2024-12-18 10:34:29.575482', 'timezone_type': 3, 'timezone': 'Asia/Taipei'}",買賣,萬華區,土地,,臺北市漢中段三小段0674-0000地號,2.19,,1131009,土地:1建物:0車位:,,,,,,,,0.0,,,,無,無,,395,180.37,-,,0.0,0,無,,,,特殊交易標的類型：(包含)公共設施保留地(用地)。與政府有關之交易：協議價購。,121.5654177,25.03296939999999,2,3,6
754,"{'date': '2024-12-18 10:34:29.576882', 'timezone_type': 3, 'timezone': 'Asia/Taipei'}",租賃,萬華區,房屋,,臺北市長沙街二段11號八樓之15,0.0,,1131105,土地:建物:1車位:,,八層,11.0,住宅大樓(11層含以上有電梯),見使用執照,,,8.65,1.0,0.0,1.0,有,有,有,1,1156.07,否,,0.0,0,,,,,,121.506922,25.04077190000001,2,5,10
755,"{'date': '2024-12-18 10:34:29.578270', 'timezone_type': 3, 'timezone': 'Asia/Taipei'}",租賃,萬華區,房屋,,臺北市西園路二段261巷12弄8號,0.0,,1131105,土地:建物:1車位:,,一層,4.0,公寓(無電梯),住家用,,,27.05,1.0,0.0,1.0,有,無,無,2,739.37,否,,0.0,0,,,,,,121.4926155,25.0252628,0,0,1
756,"{'date': '2024-12-18 10:34:29.579619', 'timezone_type': 3, 'timezone': 'Asia/Taipei'}",預售屋,內湖區,房地(土地+建物)+車位,力麒·寰山,臺北市內湖區麗山里環山路二段23號旁,4.38,,1131031,土地:6建物:1車位:1,0棟A2-6F號,六層,17.0,住宅大樓(11層含以上有電梯),住家用,鋼筋混凝土造,,43.58,3.0,2.0,2.0,有,,,3838,109.47,否,坡道平面1,11.17,290,,19.82,1.11,22.65,,121.5715037999999,25.08608229999997,0,2,2
757,"{'date': '2024-12-18 10:34:29.580911', 'timezone_type': 3, 'timezone': 'Asia/Taipei'}",租賃,松山區,房屋,,臺北市健康路400號四樓,0.0,,1131107,土地:建物:1車位:,,四層,4.0,公寓(無電梯),住家用,,,22.3,2.0,2.0,1.0,有,無,有,2,762.33,否,,0.0,0,,,,,,121.5661372,25.0541422,0,1,4
758,"{'date': '2024-12-18 10:34:29.582204', 'timezone_type': 3, 'timezone': 'Asia/Taipei'}",租賃,北投區,房屋+車位,,臺北市行義路12之2號五樓,0.0,,1131101,土地:建物:1車位:1,,五層,11.0,住宅大樓(11層含以上有電梯),住家用,,,36.76,3.0,2.0,2.0,有,有,有,7,1768.23,是,坡道平面1,0.0,0,,,,,租金：含下列其他衍生費用：管理費、其他-二代健保費。,121.5265614,25.1246197,0,0,0
759,"{'date': '2024-12-18 10:34:29.583551', 'timezone_type': 3, 'timezone': 'Asia/Taipei'}",預售屋,松山區,房地(土地+建物),京釀,臺北市松山區南京東路五段２９１巷２９弄２３號,2.48,,1131029,土地:3建物:1車位:0,0棟A2-7F號,七層,8.0,華廈(10層含以下有電梯),住家用,鋼筋混凝土造,,12.54,1.0,1.0,1.0,有,,,1650,131.58,否,,0.0,0,,6.87,0.8,4.88,,121.5668765,25.05295749999998,0,1,3
760,"{'date': '2024-12-18 10:34:29.585077', 'timezone_type': 3, 'timezone': 'Asia/Taipei'}",預售屋,內湖區,房地(土地+建物)+車位,力麒·寰山,臺北市內湖區麗山里環山路二段23號旁,5.04,,1131022,土地:6建物:1車位:1,0棟A1-15F號,十五層,17.0,住宅大樓(11層含以上有電梯),住家用,鋼筋混凝土造,,48.47,3.0,2.0,2.0,有,,,4722,117.21,否,坡道平面1,11.17,350,,22.14,1.95,24.38,,121.5715037999999,25.08608229999997,0,2,2
761,"{'date': '2024-12-18 10:34:29.586567', 'timezone_type': 3, 'timezone': 'Asia/Taipei'}",租賃,士林區,房屋,,臺北市中山北路七段14巷19號五樓,0.0,,1131101,土地:建物:1車位:,,五層,7.0,華廈(10層含以下有電梯),住家用,,,44.42,3.0,2.0,2.0,有,有,有,6,1350.74,否,,0.0,0,,,,,租金：含下列其他衍生費用：管理費。其他：續租案件。,121.532361,25.11890219999999,0,0,0
762,"{'date': '2024-12-18 10:34:29.588043', 'timezone_type': 3, 'timezone': 'Asia/Taipei'}",買賣,中山區,房地(土地+建物),,臺北市雙城街23號十三樓之6,1.51,,1090518,土地:1建物:1車位:,,十三層,,大樓(11層含以上有電梯),見其他登記事項,,,15.95,1.0,1.0,1.0,有,有,,1326,83.13,否,,0.0,0,有,,,,"預售屋、或土地及建物分件登記案件。原買方於109年11月26日辦理換約給許○○，許○○於113年8月8日再辦理換約，交易金額為17,000,000元。",121.5243628,25.06595419999999,1,5,9
763,"{'date': '2024-12-18 10:34:29.589425', 'timezone_type': 3, 'timezone': 'Asia/Taipei'}",預售屋,松山區,房地(土地+建物),京釀,臺北市松山區南京東路五段２９１巷２９弄２３號,2.48,,1131022,土地:3建物:1車位:0,0棟A2-6F號,六層,8.0,華廈(10層含以下有電梯),住家用,鋼筋混凝土造,,12.54,1.0,1.0,1.0,有,,,1625,129.59,否,,0.0,0,,6.87,0.8,4.88,,121.5668765,25.05295749999998,0,1,3
764,"{'date': '2024-12-18 10:34:29.591530', 'timezone_type': 3, 'timezone': 'Asia/Taipei'}",租賃,北投區,房屋,,臺北市天母西路117巷59號三樓之1,0.0,,1131101,土地:0建物:1車位:,,三層,7.0,華廈(10層含以下有電梯),住家用,,,10.8,1.0,0.0,1.0,有,有,有,2,1527.78,否,,0.0,0,,,,,其他：續租案件。,121.5245892,25.12168860000001,0,0,1
765,"{'date': '2024-12-18 10:34:29.593045', 'timezone_type': 3, 'timezone': 'Asia/Taipei'}",預售屋,文山區,房地(土地+建物)+車位,蔚來之森,臺北市文山區福興路97號,1911.5,,1131016,土地:2建物:1車位:1,D棟3號,三層,5.0,華廈(10層含以下有電梯),住家用,鋼筋混凝土造,,25.09,2.0,2.0,1.0,有,,,1420,60.61,否,其他1,4.3,160,,13.44,1.36,10.28,,121.5491455,25.00620600000001,0,1,3
766,"{'date': '2024-12-18 10:34:29.599562', 'timezone_type': 3, 'timezone': 'Asia/Taipei'}",買賣,內湖區,房地(土地+建物),,臺北市民權東路六段435號,2.91,,1131020,土地:2建物:1車位:,,一層,,大樓(11層含以上有電梯),見其他登記事項,,,14.57,0.0,1.0,1.0,有,有,,1515,103.98,否,,0.0,0,有,,,,,121.6042153,25.0715456,0,2,3
767,"{'date': '2024-12-18 10:34:29.601104', 'timezone_type': 3, 'timezone': 'Asia/Taipei'}",預售屋,內湖區,房地(土地+建物),力麒·寰山,臺北市內湖區麗山里環山路二段23號旁,3.64,,1131014,土地:6建物:1車位:,0棟A5-13F號,十三層,17.0,住宅大樓(11層含以上有電梯),住家用,鋼筋混凝土造,,26.92,2.0,2.0,1.0,有,,,3098,115.08,否,,0.0,0,,14.82,2.56,9.54,,121.5715037999999,25.08608229999997,0,2,2
768,"{'date': '2024-12-18 10:34:29.606826', 'timezone_type': 3, 'timezone': 'Asia/Taipei'}",預售屋,萬華區,房地(土地+建物)+車位,龍邦豐馥,臺北市萬華區西園路二段,4.18,,1131026,土地:34建物:1車位:1,1棟B6-5F號,五層,15.0,住宅大樓(11層含以上有電梯),見其他登記事項,見其他登記事項,,43.56,2.0,2.0,2.0,有,,,2750,81.77,否,坡道平面1,13.66,305,,17.12,2.73,23.71,,121.49519,25.02820049999998,0,1,1
769,"{'date': '2024-12-18 10:34:29.608447', 'timezone_type': 3, 'timezone': 'Asia/Taipei'}",租賃,文山區,房屋,,臺北市興隆路三段221巷4弄14號,0.0,,1131101,土地:建物:1車位:,,一層,5.0,公寓(無電梯),住家用,,,29.94,3.0,2.0,1.0,有,有,有,3,1002.0,否,,0.0,0,,,,,,121.5601243999999,24.99369469999999,0,2,3
770,"{'date': '2024-12-18 10:34:29.609823', 'timezone_type': 3, 'timezone': 'Asia/Taipei'}",買賣,大安區,車位,,臺北市忠孝東路四段248巷27、29號房屋地下層,1.95,,1130722,土地:1建物:1車位:1,,地下一層,,,見其他登記事項,,,10.62,,,,無,有,,450,0.0,-,坡道平面1,10.62,450,有,,,,僅車位交易。,121.5543016,25.039682,1,2,14
771,"{'date': '2024-12-18 10:34:29.611338', 'timezone_type': 3, 'timezone': 'Asia/Taipei'}",買賣,大安區,房地(土地+建物),,臺北市大安路一段206巷2號二樓之1,9.98,,1131017,土地:3建物:1車位:,,二層,,公寓(5樓含以下無電梯),,,,33.01,3.0,2.0,2.0,有,無,,3960,119.96,否,,0.0,0,無,,,,建築物含有：其他增建。,121.5458203,25.03463669999998,4,10,15
772,"{'date': '2024-12-18 10:34:29.612772', 'timezone_type': 3, 'timezone': 'Asia/Taipei'}",租賃,信義區,房屋,,臺北市光復南路447之2號十二樓之4,0.0,,1131104,土地:建物:1車位:,,十二層,12.0,住宅大樓(11層含以上有電梯),住家用,,,9.27,1.0,0.0,1.0,有,有,有,2,1618.12,否,,0.0,0,,,,,其他：此為國家住宅及都市更新中心社會住宅包租代管計畫之物件。。,121.5580605,25.0352215,0,4,7
773,"{'date': '2024-12-18 10:34:29.614260', 'timezone_type': 3, 'timezone': 'Asia/Taipei'}",買賣,中山區,房地(土地+建物),,臺北市長安東路一段81號五樓,18.91,,1130902,土地:1建物:1車位:,,五層,,華廈(10層含以下有電梯),商業用,,,96.35,,,,無,有,,6500,67.46,否,,0.0,0,有,,,,,121.5283776,25.04844500000004,0,6,15
774,"{'date': '2024-12-18 10:34:29.615799', 'timezone_type': 3, 'timezone': 'Asia/Taipei'}",買賣,士林區,房地(土地+建物)+車位,,臺北市天母東路105巷9弄6號十樓,6.5,,1130422,土地:1建物:1車位:1,,十層,,大樓(11層含以上有電梯),見其他登記事項,,,42.96,3.0,2.0,2.0,有,有,,3960,95.92,否,其他1,3.97,220,有,,,,預售屋、或土地及建物分件登記案件。,121.5359491,25.1191641,0,0,0
775,"{'date': '2024-12-18 10:34:29.618658', 'timezone_type': 3, 'timezone': 'Asia/Taipei'}",買賣,萬華區,房地(土地+建物),,臺北市西園路二段372巷101弄37號三樓,3.84,,1130808,土地:1建物:1車位:,,三層,,公寓(5樓含以下無電梯),住家用,,,9.79,2.0,1.0,1.0,有,有,,310,31.66,否,,0.0,0,無,,,,關係人間交易：親友、員工、共有人或其他特殊關係間之交易。,121.4902918,25.02755129999998,0,0,1
776,"{'date': '2024-12-18 10:34:29.620378', 'timezone_type': 3, 'timezone': 'Asia/Taipei'}",預售屋,大安區,房地(土地+建物)+車位,吾雙,臺北市大安區信義路四段408號,6.6,,1131009,土地:19建物:1車位:2,A棟A5-30F號,三十層,31.0,住宅大樓(11層含以上有電梯),住家用,見其他登記事項,,91.0,4.0,2.0,2.0,有,,,15807,212.07,否,坡道平面2,21.65,1100,,41.22,6.1,43.67,雨遮計坪不計價,121.5570157,25.03288339999999,1,3,9
777,"{'date': '2024-12-18 10:34:29.621826', 'timezone_type': 3, 'timezone': 'Asia/Taipei'}",買賣,大同區,房地(土地+建物),,臺北市民權西路91號九樓之6,0.74,,1131008,土地:1建物:1車位:,,九層,,大樓(11層含以上有電梯),住家用,,,9.05,1.0,1.0,1.0,有,有,,950,104.97,否,,0.0,0,有,,,,,121.5188695,25.06307640000001,2,8,11
778,"{'date': '2024-12-18 10:34:29.623389', 'timezone_type': 3, 'timezone': 'Asia/Taipei'}",租賃,內湖區,房屋+車位,,臺北市南京東路六段497號十二樓,0.0,,1131105,土地:建物:1車位:1,,十二層,14.0,辦公商業大樓,見其他登記事項,,,53.54,,,,無,有,無,6,1124.52,是,坡道平面1,0.0,4000,,,,,租金：含稅。,121.5880152,25.06143500000001,0,0,1
779,"{'date': '2024-12-18 10:34:29.624760', 'timezone_type': 3, 'timezone': 'Asia/Taipei'}",買賣,內湖區,土地,,臺北市文德段三小段0062-0004地號,1658.5,,1131106,土地:6建物:0車位:,,,,,,,,0.0,,,,無,無,,11424,6.89,-,,0.0,0,無,,,,特殊交易標的類型：(包含)公共設施保留地(用地)。與政府有關之交易：協議價購。113年度臺北市政府以容積代金基金採購私有公共設施保留地之交易,121.58541825327217,25.0789081817289,1,1,2
780,"{'date': '2024-12-18 10:34:29.626406', 'timezone_type': 3, 'timezone': 'Asia/Taipei'}",買賣,文山區,房地(土地+建物)+車位,,臺北市育英街61號七樓之1,4.44,,1131108,土地:1建物:1車位:1,,"一層,陽臺,屋頂突出物,地下一層,地下二層",,華廈(10層含以下有電梯),住家用,,,31.99,1.0,2.0,1.0,有,有,,1875,88.17,否,坡道平面1,13.56,250,有,,,,建築物含有：陽臺外推。機房增建,121.5386472,24.99202990000001,1,1,6
781,"{'date': '2024-12-18 10:34:29.627707', 'timezone_type': 3, 'timezone': 'Asia/Taipei'}",買賣,大安區,房地(土地+建物)+車位,,臺北市復興南路一段127號三樓之2,4.03,,1130920,土地:1建物:1車位:1,,三層,,大樓(11層含以上有電梯),商業用,,,47.56,3.0,2.0,1.0,有,有,,4580,103.64,否,坡道平面1,7.23,400,有,,,,建築物含有：陽台外推、其他增建。,121.5440649,25.0431812,4,9,18
782,"{'date': '2024-12-18 10:34:29.629512', 'timezone_type': 3, 'timezone': 'Asia/Taipei'}",買賣,大安區,土地,,臺北市通化段六小段0344-0000地號,0.35,,1131106,土地:1建物:0車位:,,,,,,,,0.0,,,,無,無,,43,122.86,-,,0.0,0,無,,,,,121.5542672,25.0301412,1,2,9
783,"{'date': '2024-12-18 10:34:29.631112', 'timezone_type': 3, 'timezone': 'Asia/Taipei'}",預售屋,北投區,房地(土地+建物)+車位,遠雄泱玥,臺北市北投區福真路,6.58,,1131006,土地:1建物:1車位:1,A03棟F14號,十四層,24.0,住宅大樓(11層含以上有電梯),住家用,鋼骨鋼筋混凝土造,,44.81,3.0,2.0,2.0,有,,,5592,142.45,否,坡道平面1,7.87,330,,21.62,2.4,20.79,,121.5053002,25.09818089999997,0,0,0
784,"{'date': '2024-12-18 10:34:29.632807', 'timezone_type': 3, 'timezone': 'Asia/Taipei'}",買賣,內湖區,房地(土地+建物),,臺北市成功路二段312巷45號五樓,10.11,,1131004,土地:1建物:1車位:,,五層,,公寓(5樓含以下無電梯),住家用,,,31.26,3.0,2.0,1.0,有,無,,1900,60.78,否,,0.0,0,無,,,,建築物含有：陽台外推、頂樓加蓋、其他增建。,121.5884627,25.06732820000001,0,0,1
785,"{'date': '2024-12-18 10:34:29.634296', 'timezone_type': 3, 'timezone': 'Asia/Taipei'}",租賃,士林區,房屋,,臺北市天玉街38巷16弄10號五樓,0.0,,1131106,土地:建物:1車位:,,五層,5.0,公寓(無電梯),住家用,,,25.88,3.0,2.0,2.0,有,無,有,2,656.88,否,,0.0,0,,,,,,121.529769,25.12029579999999,0,0,0
786,"{'date': '2024-12-18 10:34:29.635866', 'timezone_type': 3, 'timezone': 'Asia/Taipei'}",買賣,中山區,建物,,臺北市龍江路120巷9號,0.0,,1130828,土地:0建物:1車位:1,,"一層,夾層",,大樓(11層含以上有電梯),商業用,,,32.72,0.0,0.0,1.0,有,有,,1262,38.57,-,坡道平面1,0.0,0,有,,,,,121.5400078,25.05367299999999,3,6,15
787,"{'date': '2024-12-18 10:34:29.637340', 'timezone_type': 3, 'timezone': 'Asia/Taipei'}",買賣,北投區,車位,,臺北市石牌路二段362號地下室,0.36,,1131114,土地:1建物:1車位:2,,地下層,,,見使用執照,,,24.02,,,,無,有,,360,0.0,-,坡道平面2,0.0,360,有,,,,僅車位交易。,121.5255664,25.12351410000001,0,0,0
788,"{'date': '2024-12-18 10:34:29.638996', 'timezone_type': 3, 'timezone': 'Asia/Taipei'}",租賃,中正區,房屋,,臺北市汀州路一段283號六樓之2,0.0,,1131107,土地:建物:1車位:,,六層,7.0,華廈(10層含以下有電梯),住家用,,,47.73,4.0,2.0,2.0,有,有,無,3,628.54,否,,0.0,0,,,,,,121.5137859,25.0263709,0,4,5
789,"{'date': '2024-12-18 10:34:29.640414', 'timezone_type': 3, 'timezone': 'Asia/Taipei'}",買賣,北投區,房地(土地+建物),,臺北市公館路63巷9弄4號二樓,11.4,,1130912,土地:1建物:1車位:,,二層,,公寓(5樓含以下無電梯),住家用,,,27.28,3.0,2.0,1.0,有,無,,940,34.46,否,,0.0,0,無,,,,關係人間交易：親友、員工、共有人或其他特殊關係間之交易。,121.5045524,25.1331297,1,2,2
790,"{'date': '2024-12-18 10:34:29.641661', 'timezone_type': 3, 'timezone': 'Asia/Taipei'}",買賣,士林區,房地(土地+建物)+車位,,臺北市中山北路六段441巷30號十一樓,8.08,,1130721,土地:1建物:1車位:2,,十一層,,大樓(11層含以上有電梯),見其他登記事項,,,64.08,,,,無,有,,6830,143.06,否,坡道平面2,21.23,700,有,,,,特殊交易情況、條件：毛胚屋。,121.5269592,25.11708959999998,0,0,2
791,"{'date': '2024-12-18 10:34:29.643226', 'timezone_type': 3, 'timezone': 'Asia/Taipei'}",買賣,萬華區,車位,,臺北市民和街98號等共有部分,0.02,,1131115,土地:1建物:1車位:2,,"一層,二層,三層,四層,五層,六層,七層,八層,九層,十層,十一層,十二層,十三層,十四層,十五層,屋頂突出物,地下一層,地下二層,地下三層",15.0,,見其他登記事項,鋼筋混凝土造,1121213.0,20.6,,,,無,有,,510,0.0,-,坡道平面2,20.59,510,有,,,,僅車位交易。,121.5654268,25.0329636,2,3,6
792,"{'date': '2024-12-18 10:34:29.644748', 'timezone_type': 3, 'timezone': 'Asia/Taipei'}",買賣,萬華區,車位,,臺北市民和街98號等共有部分,0.01,,1131125,土地:1建物:1車位:1,,"一層,二層,三層,四層,五層,六層,七層,八層,九層,十層,十一層,十二層,十三層,十四層,十五層,屋頂突出物,地下一層,地下二層,地下三層",15.0,,見其他登記事項,鋼筋混凝土造,1121213.0,10.3,,,,無,有,,190,0.0,-,坡道平面1,10.3,190,有,,,,關係人間交易：親友、員工、共有人或其他特殊關係間之交易。僅車位交易。,121.4975,25.02547429999999,0,0,1
793,"{'date': '2024-12-18 10:34:29.646252', 'timezone_type': 3, 'timezone': 'Asia/Taipei'}",租賃,大同區,房屋,,臺北市哈密街168號四樓,0.0,,1131101,土地:建物:1車位:,,四層,5.0,公寓(無電梯),住家用,,,15.36,2.0,1.0,1.0,有,無,有,2,1106.77,否,,0.0,0,,,,,其他：續租案件。,121.5128065,25.07280280000002,0,1,4
794,"{'date': '2024-12-18 10:34:29.647609', 'timezone_type': 3, 'timezone': 'Asia/Taipei'}",租賃,北投區,房屋,,臺北市立農街一段312號,5.58,,1131107,土地:1建物:1車位:,,一層,9.0,華廈(10層含以下有電梯),商業用,,,26.02,,,,無,無,無,4,1503.27,否,,0.0,0,,,,,,121.5064931,25.11939860000002,0,2,2
795,"{'date': '2024-12-18 10:34:29.648960', 'timezone_type': 3, 'timezone': 'Asia/Taipei'}",預售屋,大安區,房地(土地+建物)+車位,吾雙,臺北市大安區信義路四段408號,5.46,,1131105,土地:19建物:1車位:1,A棟A2-31F號,三十一層,31.0,住宅大樓(11層含以上有電梯),住家用,見其他登記事項,,69.26,3.0,2.0,2.0,有,,,13350,216.5,否,坡道平面1,10.83,700,,34.43,5.48,29.35,雨遮計坪不計價,121.5570157,25.03288339999999,1,3,9
796,"{'date': '2024-12-18 10:34:29.650621', 'timezone_type': 3, 'timezone': 'Asia/Taipei'}",買賣,中山區,房地(土地+建物),,臺北市建國北路三段81巷14號四樓,7.87,,1130815,土地:1建物:1車位:,,四層,,公寓(5樓含以下無電梯),住家用,,,30.11,3.0,2.0,1.0,有,無,,1912,63.5,否,,0.0,0,無,,,,,121.53782,25.065494,0,2,4
797,"{'date': '2024-12-18 10:34:29.653595', 'timezone_type': 3, 'timezone': 'Asia/Taipei'}",租賃,中山區,房屋+車位,,臺北市南京東路二段167號八樓之1,0.0,,1131030,土地:建物:2車位:1,,八層,11.0,辦公商業大樓,商業用,,,302.94,9.0,2.0,0.0,有,有,無,74,2480.17,否,坡道平面1,6.48,5880,,,,,"租金：含稅。租賃標的：含有多個門牌且未個別計算租金-台北市中山區南京東路二段167號8樓
台北市中山區南京東路二段167號8樓之1。",121.5362557,25.05226300000003,2,6,15
798,"{'date': '2024-12-18 10:34:29.656229', 'timezone_type': 3, 'timezone': 'Asia/Taipei'}",租賃,中正區,房屋+車位,,臺北市金山南路一段18號七樓,0.0,,1131104,土地:建物:1車位:1,,七層,12.0,住宅大樓(11層含以上有電梯),住家用,,,87.77,3.0,2.0,2.0,有,有,無,14,1538.11,是,塔式車位1,5.72,0,,,,,承租人：多人共同承租，共2人。租金：含下列其他衍生費用：其他-B1置物櫃。,121.52928,25.04209590000001,1,6,14
799,"{'date': '2024-12-18 10:34:29.657697', 'timezone_type': 3, 'timezone': 'Asia/Taipei'}",預售屋,中正區,房地(土地+建物)+車位,南陽龍踞,臺北市中正區黎明里里南陽街,3.65,,1130802,土地:8建物:1車位:1,0棟B號,九層,12.0,住宅大樓(11層含以上有電梯),住家用,鋼筋混凝土造,,39.92,3.0,2.0,2.0,有,,,5510,143.01,否,塔式車位1,3.28,270,,20.26,2.49,17.17,關係人間交易：親友、員工、共有人或其他特殊關係間之交易。,121.5155891,25.04447419999999,3,7,14
800,"{'date': '2024-12-18 10:34:29.660530', 'timezone_type': 3, 'timezone': 'Asia/Taipei'}",預售屋,北投區,房地(土地+建物)+車位,遠雄商舟,臺北市北投區洲美里福美路與福善路,27.29,,1131105,土地:1建物:1車位:5,A棟A3-13F號,十三層,18.0,辦公商業大樓,商業用,鋼筋混凝土造,,234.34,,,,無,,,14859,69.02,否,坡道平面5,36.01,1170,,107.32,7.77,119.25,,121.5066163,25.100495,0,0,0
801,"{'date': '2024-12-18 10:34:29.661983', 'timezone_type': 3, 'timezone': 'Asia/Taipei'}",買賣,萬華區,建物,,臺北市民和街111號,0.0,,1131106,土地:0建物:1車位:,,一層,,透天厝,,,,9.48,,,,無,無,,350,0.0,-,,0.0,0,無,,,,"建築物含有：頂樓加蓋。特殊交易情況、條件：含租約。特殊交易標的類型：地上權房屋。此案僅為地上權房屋之買賣，頂樓加蓋部分受颱風影響而倒塌。
另外有包含二份租約，由買受人承接之後租約權利義務關係。",121.4972588,25.02525280000001,0,0,1
802,"{'date': '2024-12-18 10:34:29.664026', 'timezone_type': 3, 'timezone': 'Asia/Taipei'}",買賣,北投區,房地(土地+建物),,臺北市杏林二路57號五樓,6.53,,1131110,土地:2建物:1車位:,,五層,,公寓(5樓含以下無電梯),住家用,,,22.93,3.0,1.0,1.0,有,無,,850,37.07,否,,0.0,0,無,,,,建築物含有：頂樓加蓋。,121.4970678,25.14224550000001,0,1,2
803,"{'date': '2024-12-18 10:34:29.666615', 'timezone_type': 3, 'timezone': 'Asia/Taipei'}",買賣,松山區,房地(土地+建物)+車位,,臺北市南京東路四段52巷21號六樓,5.2,,1100329,土地:1建物:1車位:1,,六層,,華廈(10層含以下有電梯),見其他登記事項,,,30.6,2.0,1.0,1.0,有,無,,3330,119.19,否,升降機械1,4.34,200,有,,,,預售屋、或土地及建物分件登記案件。110/09/27轉售權利人3360萬,121.553753,25.0506676,2,4,12
804,"{'date': '2024-12-18 10:34:29.667926', 'timezone_type': 3, 'timezone': 'Asia/Taipei'}",買賣,大安區,房地(土地+建物)+車位,,臺北市信義路二段198巷42號五樓之3,9.79,,1130927,土地:1建物:1車位:1,,五層,,華廈(10層含以下有電梯),住家用,,,40.27,2.0,2.0,1.0,有,有,,4568,113.43,是,坡道平面1,0.0,350,有,,,,建築物含有：陽台外推。,121.5314081,25.03021649999999,3,5,16
805,"{'date': '2024-12-18 10:34:29.669196', 'timezone_type': 3, 'timezone': 'Asia/Taipei'}",買賣,內湖區,房地(土地+建物),,臺北市環山路一段59巷12弄4號三樓,10.91,,1130826,土地:2建物:1車位:,,三層,,公寓(5樓含以下無電梯),住家用,,,27.03,3.0,2.0,2.0,有,無,,1930,71.4,否,,0.0,0,無,,,,建築物含有：陽台外推。,121.5681682,25.08578399999999,2,2,2
806,"{'date': '2024-12-18 10:34:29.670528', 'timezone_type': 3, 'timezone': 'Asia/Taipei'}",買賣,大同區,房地(土地+建物),,臺北市延平北路四段155之1號,3.29,,1131021,土地:3建物:1車位:,,一層,,公寓(5樓含以下無電梯),住家用,,,9.73,,,,無,無,,1050,107.91,否,,0.0,0,無,,,,,121.5113062,25.07272169999998,0,1,5
807,"{'date': '2024-12-18 10:34:29.671911', 'timezone_type': 3, 'timezone': 'Asia/Taipei'}",預售屋,內湖區,房地(土地+建物)+車位,力麒·寰山,臺北市內湖區麗山里環山路二段23號旁,4.38,,1131014,土地:6建物:1車位:1,0棟A2-7F號,七層,17.0,住宅大樓(11層含以上有電梯),住家用,鋼筋混凝土造,,43.58,3.0,2.0,2.0,有,,,3865,110.31,否,坡道平面1,11.17,290,,19.82,1.11,22.65,,121.5715037999999,25.08608229999997,0,2,2
808,"{'date': '2024-12-18 10:34:29.673418', 'timezone_type': 3, 'timezone': 'Asia/Taipei'}",買賣,南港區,房地(土地+建物)+車位,,臺北市向陽路258巷35號七樓,13.16,,1131130,土地:1建物:1車位:1,,七層,,華廈(10層含以下有電梯),住家用,,,60.56,3.0,2.0,2.0,有,有,,3500,57.79,是,坡道平面1,10.21,0,有,,,,關係人間交易：親友、員工、共有人或其他特殊關係間之交易。,121.5942312,25.0584443,0,1,2
809,"{'date': '2024-12-18 10:34:29.674828', 'timezone_type': 3, 'timezone': 'Asia/Taipei'}",預售屋,內湖區,房地(土地+建物)+車位,力麒·寰山,臺北市內湖區麗山里環山路二段23號旁,3.64,,1131014,土地:6建物:1車位:1,0棟A5-12F號,十二層,17.0,住宅大樓(11層含以上有電梯),住家用,鋼筋混凝土造,,38.09,2.0,2.0,1.0,有,,,3407,114.3,否,坡道平面1,11.17,330,,14.82,2.56,20.71,,121.5715037999999,25.08608229999997,0,2,2
810,"{'date': '2024-12-18 10:34:29.676252', 'timezone_type': 3, 'timezone': 'Asia/Taipei'}",租賃,信義區,房屋,,臺北市忠孝東路四段569號二樓之2,0.0,,1131101,土地:建物:1車位:,,二層,14.0,住宅大樓(11層含以上有電梯),見其他登記事項,,,48.1,2.0,1.0,2.0,有,有,有,18,3722.37,否,,0.0,0,,,,,租金：含下列其他衍生費用：水費、電費、瓦斯費、網路費。租賃標的：租賃建物部分範圍，且未計入共有部分面積、未租賃車位，建物登記含有車位面積。,121.5645085,25.04191280000001,1,3,6
811,"{'date': '2024-12-18 10:34:29.677633', 'timezone_type': 3, 'timezone': 'Asia/Taipei'}",買賣,萬華區,房地(土地+建物),,臺北市中華路一段144號三樓之68,0.18,,1131118,土地:3建物:1車位:,,"一層,二層,三層,四層,五層,六層,七層,八層,九層,十層,陽臺,平台,屋頂突出物,騎樓,地下一層,地下二層",,華廈(10層含以下有電梯),商業用,,,3.18,,,,無,有,,130,40.88,否,,0.0,0,有,,,,,121.5080755,25.043161,2,7,8
812,"{'date': '2024-12-18 10:34:29.678965', 'timezone_type': 3, 'timezone': 'Asia/Taipei'}",預售屋,內湖區,房地(土地+建物)+車位,力麒·寰山,臺北市內湖區麗山里環山路二段23號旁,3.66,,1131025,土地:6建物:1車位:1,0棟A4-7F號,七層,17.0,住宅大樓(11層含以上有電梯),住家用,鋼筋混凝土造,,38.24,2.0,2.0,1.0,有,,,3311,111.6,否,坡道平面1,11.17,290,,16.26,1.21,20.76,,121.5715037999999,25.08608229999997,0,2,2
813,"{'date': '2024-12-18 10:34:29.680536', 'timezone_type': 3, 'timezone': 'Asia/Taipei'}",預售屋,大安區,房地(土地+建物),吾雙,臺北市大安區信義路四段408號,3.19,,1131006,土地:19建物:1車位:,B棟B5-11F號,十一層,31.0,住宅大樓(11層含以上有電梯),見其他登記事項,見其他登記事項,,36.77,0.0,0.0,1.0,有,,,6508,176.99,否,,0.0,0,,21.77,1.07,13.93,雨遮計坪不計價,121.5570157,25.03288339999999,1,3,9
814,"{'date': '2024-12-18 10:34:29.681942', 'timezone_type': 3, 'timezone': 'Asia/Taipei'}",租賃,中山區,房屋,,臺北市中山北路二段59巷2號六樓之2,0.0,,1131101,土地:建物:1車位:,,六層,6.0,華廈(10層含以下有電梯),商業用,,,5.86,1.0,0.0,1.0,有,有,有,1,1791.81,否,,0.0,0,,,,,其他：續租案件。,121.5235092,25.05595660000001,3,8,15
815,"{'date': '2024-12-18 10:34:29.683306', 'timezone_type': 3, 'timezone': 'Asia/Taipei'}",租賃,松山區,房屋,,臺北市新東街20巷9號,0.0,,1131101,土地:建物:1車位:,,一層,4.0,公寓(無電梯),住家用,,,30.75,,,,無,無,無,4,1203.25,否,,0.0,0,,,,,其他：續租案件。,121.5665335,25.05850649999999,0,0,2
816,"{'date': '2024-12-18 10:34:29.684780', 'timezone_type': 3, 'timezone': 'Asia/Taipei'}",預售屋,北投區,房地(土地+建物)+車位,遠雄泱玥,臺北市北投區福真路,8.34,,1131023,土地:1建物:1車位:1,A01棟F20號,二十層,24.0,住宅大樓(11層含以上有電梯),住家用,鋼骨鋼筋混凝土造,,54.63,3.0,2.0,2.0,有,,,5939,120.27,否,坡道平面1,7.87,315,,27.45,2.94,24.23,,121.5053002,25.09818089999997,0,0,0
817,"{'date': '2024-12-18 10:34:29.686180', 'timezone_type': 3, 'timezone': 'Asia/Taipei'}",租賃,文山區,房屋,,臺北市萬安街71之7號,0.0,,1131101,土地:建物:1車位:,,一層,5.0,華廈(10層含以下有電梯),住家用,,,12.74,1.0,0.0,1.0,有,有,有,2,1177.39,否,,0.0,0,,,,,其他：續租案件。,121.5715826,24.9998412,1,2,3
818,"{'date': '2024-12-18 10:34:29.687631', 'timezone_type': 3, 'timezone': 'Asia/Taipei'}",買賣,文山區,房地(土地+建物)+車位,,臺北市景興路206號九樓,3.73,,1131008,土地:1建物:1車位:1,,九層,,大樓(11層含以上有電梯),住家用,,,30.74,4.0,2.0,2.0,有,有,,1500,48.8,是,升降平面1,0.0,0,有,,,,關係人間交易：親友、員工、共有人或其他特殊關係間之交易。,121.543583,24.99162799999997,1,3,4
819,"{'date': '2024-12-18 10:34:29.690399', 'timezone_type': 3, 'timezone': 'Asia/Taipei'}",預售屋,內湖區,房地(土地+建物)+車位,力麒·寰山,臺北市內湖區麗山里環山路二段23號旁,3.64,,1131022,土地:6建物:1車位:1,0棟A5-10F號,十層,17.0,住宅大樓(11層含以上有電梯),住家用,鋼筋混凝土造,,38.09,2.0,2.0,1.0,有,,,3334,112.7,否,坡道平面1,11.17,300,,14.82,2.56,20.71,,121.5715037999999,25.08608229999997,0,2,2
820,"{'date': '2024-12-18 10:34:29.692224', 'timezone_type': 3, 'timezone': 'Asia/Taipei'}",買賣,南港區,房地(土地+建物),,臺北市南港路三段50巷9號,20.38,,1130829,土地:1建物:1車位:,,一層,,華廈(10層含以下有電梯),工業用,,,111.42,0.0,1.0,4.0,有,有,,7355,66.01,否,,0.0,0,有,,,,,121.5912999,25.05551850000001,0,1,3
821,"{'date': '2024-12-18 10:34:29.694106', 'timezone_type': 3, 'timezone': 'Asia/Taipei'}",預售屋,內湖區,房地(土地+建物)+車位,力麒·寰山,臺北市內湖區麗山里環山路二段23號旁,3.66,,1131020,土地:6建物:1車位:1,0棟A4-10F號,十層,17.0,住宅大樓(11層含以上有電梯),住家用,鋼筋混凝土造,,38.24,2.0,2.0,1.0,有,,,3429,115.22,否,坡道平面1,11.17,310,,16.26,1.21,20.76,,121.5715037999999,25.08608229999997,0,2,2
822,"{'date': '2024-12-18 10:34:29.695783', 'timezone_type': 3, 'timezone': 'Asia/Taipei'}",租賃,大同區,房屋,,臺北市歸綏街97巷24號三樓之1,0.0,,1131107,土地:建物:1車位:,,三層,5.0,公寓(無電梯),住家用,,,12.01,1.0,1.0,1.0,有,無,有,2,1248.96,否,,0.0,0,,,,,,121.5157481,25.05951889999999,0,8,13
823,"{'date': '2024-12-18 10:34:29.698275', 'timezone_type': 3, 'timezone': 'Asia/Taipei'}",買賣,北投區,房地(土地+建物)+車位,,臺北市致遠一路二段118號十四樓,8.22,,1091104,土地:2建物:1車位:1,,十四層,,大樓(11層含以上有電梯),見其他登記事項,,,56.8,3.0,2.0,2.0,有,無,,4550,92.87,否,坡道平面1,11.36,330,有,,,,預售屋、或土地及建物分件登記案件。,121.5127174,25.11355320000002,1,2,2
824,"{'date': '2024-12-18 10:34:29.702078', 'timezone_type': 3, 'timezone': 'Asia/Taipei'}",租賃,中正區,房屋,,臺北市中華路一段91巷1號,0.0,,1131106,土地:建物:車位:,,四層,4.0,公寓(無電梯),,,,7.0,3.0,1.0,2.0,有,有,無,2,3028.57,否,,0.0,0,,,,,,121.5077198,25.03795689999999,3,5,10
825,"{'date': '2024-12-18 10:34:29.703418', 'timezone_type': 3, 'timezone': 'Asia/Taipei'}",租賃,中山區,房屋,,臺北市合江街13號,0.0,,1131026,土地:建物:1車位:,,見其他登記事項,4.0,店面(店鋪),,,,19.95,,,,無,無,無,5,2305.76,否,,0.0,0,,,,,租金：含稅。,121.539177,25.05508259999999,1,7,9
826,"{'date': '2024-12-18 10:34:29.704825', 'timezone_type': 3, 'timezone': 'Asia/Taipei'}",買賣,中正區,房地(土地+建物),,臺北市詔安街88號六樓之2,7.12,,1131012,土地:1建物:1車位:,,六層,,大樓(11層含以上有電梯),見其他登記事項,,,28.91,2.0,2.0,1.0,有,有,,2720,94.09,否,,0.0,0,有,,,,建築物含有：其他增建、陽臺外推。,121.5122438,25.02536110000002,0,2,6
827,"{'date': '2024-12-18 10:34:29.706911', 'timezone_type': 3, 'timezone': 'Asia/Taipei'}",租賃,中山區,房屋,,臺北市林森北路107巷30號四樓之8,0.0,,1131107,土地:建物:1車位:,,四層,8.0,華廈(10層含以下有電梯),住家用,,,7.76,1.0,1.0,1.0,有,有,有,1,1546.39,否,,0.0,0,,,,,,120.2077973,22.99107140000001,0,0,0
828,"{'date': '2024-12-18 10:34:29.708393', 'timezone_type': 3, 'timezone': 'Asia/Taipei'}",買賣,內湖區,房地(土地+建物)+車位,,臺北市瑞湖街178巷19號四樓,19.61,,1131001,土地:1建物:1車位:2,,"一層,二層,三層,四層,五層,地下一層,地下二層,地下三層",,華廈(10層含以下有電梯),見其他登記事項,,,101.59,0.0,1.0,0.0,有,有,,3500,40.42,否,坡道平面2,23.9,360,有,,,,,121.5754945,25.07103789999999,0,0,3
829,"{'date': '2024-12-18 10:34:29.709817', 'timezone_type': 3, 'timezone': 'Asia/Taipei'}",預售屋,萬華區,房地(土地+建物)+車位,龍邦豐馥,臺北市萬華區西園路二段,4.18,,1131027,土地:34建物:1車位:1,1棟B6-12F號,十二層,15.0,住宅大樓(11層含以上有電梯),見其他登記事項,見其他登記事項,,43.56,2.0,2.0,2.0,有,,,2925,87.29,否,坡道平面1,13.66,315,,17.12,2.73,23.71,,121.49519,25.02820049999998,0,1,1
830,"{'date': '2024-12-18 10:34:29.711223', 'timezone_type': 3, 'timezone': 'Asia/Taipei'}",租賃,南港區,房屋,,臺北市三重路41巷23號七樓,0.0,,1131105,土地:建物:1車位:,,七層,13.0,住宅大樓(11層含以上有電梯),見其他登記事項,,,27.81,2.0,2.0,1.0,有,有,無,5,1941.75,否,,0.0,0,,,,,租金：含下列其他衍生費用：管理費。,121.6131612,25.06024679999998,3,6,8
831,"{'date': '2024-12-18 10:34:29.712577', 'timezone_type': 3, 'timezone': 'Asia/Taipei'}",租賃,內湖區,房屋+車位,,臺北市瑞光路210號八樓,0.0,,1131101,土地:建物:1車位:1,,八層,12.0,廠辦,工業用,,,91.52,,,,無,有,無,10,1038.02,是,坡道平面1,0.0,2500,,,,,租金：含稅。,121.5762267,25.0752062,0,1,3
832,"{'date': '2024-12-18 10:34:29.714071', 'timezone_type': 3, 'timezone': 'Asia/Taipei'}",租賃,萬華區,房屋,,臺北市萬青街141號四樓,0.0,,1131101,土地:建物:1車位:,,四層,5.0,公寓(無電梯),住家用,,,9.43,1.0,0.0,1.0,有,無,無,1,954.4,否,,0.0,0,,,,,,121.5016594999999,25.023248,0,0,1
833,"{'date': '2024-12-18 10:34:29.715645', 'timezone_type': 3, 'timezone': 'Asia/Taipei'}",買賣,大安區,房地(土地+建物)+車位,,臺北市辛亥路二段161號,5.03,,1131010,土地:3建物:2車位:1,,一層,,大樓(11層含以上有電梯),商業用,,,58.36,0.0,1.0,2.0,有,有,,4980,111.6,否,坡道平面1,17.32,400,有,,,,建築物含有：其他增建。,121.5407332,25.0216743,0,1,8
834,"{'date': '2024-12-18 10:34:29.717200', 'timezone_type': 3, 'timezone': 'Asia/Taipei'}",租賃,中山區,房屋,,臺北市南京東路二段148號,0.0,,1131106,土地:建物:車位:,,四層,4.0,透天厝,,,,7.73,5.0,1.0,4.0,有,無,有,2,0.0,-,,0.0,0,,,,,,121.5341483,25.0518241,2,4,18
835,"{'date': '2024-12-18 10:34:29.718737', 'timezone_type': 3, 'timezone': 'Asia/Taipei'}",買賣,士林區,房地(土地+建物),,臺北市中正路399巷1弄8號二樓,5.48,,1130921,土地:1建物:1車位:,,二層,,公寓(5樓含以下無電梯),住家用,,,23.33,2.0,1.0,1.0,有,無,,1129,48.39,否,,0.0,0,無,,,,建築物含有：陽台外推、其他增建。,121.5217556,25.09362610000001,1,2,3
836,"{'date': '2024-12-18 10:34:29.720137', 'timezone_type': 3, 'timezone': 'Asia/Taipei'}",預售屋,大安區,房地(土地+建物)+車位,真?和光,臺北市大安區忠孝東路三段10巷,4.77,,1131007,土地:1建物:1車位:2,0棟5F-A2號,五層,12.0,住宅大樓(11層含以上有電梯),住家用,鋼筋混凝土造,,51.47,3.0,2.0,2.0,有,,,6358,169.73,否,升降平面2,17.9,660,,19.56,1.97,29.95,,121.5335529,25.04163869999999,3,8,18
837,"{'date': '2024-12-18 10:34:29.721595', 'timezone_type': 3, 'timezone': 'Asia/Taipei'}",租賃,中正區,房屋,,臺北市開封街一段106巷6號,0.0,,1131107,土地:建物:車位:,,二層,3.0,透天厝,,,,9.22,6.0,0.0,6.0,有,無,有,1,0.0,-,,0.0,0,,,,,,121.5100947,25.04556289999998,3,6,12
838,"{'date': '2024-12-18 10:34:29.723120', 'timezone_type': 3, 'timezone': 'Asia/Taipei'}",預售屋,北投區,房地(土地+建物),遠雄泱玥,臺北市北投區福真路,10.08,,1131104,土地:1建物:1車位:,A02棟F14號,十四層,24.0,住宅大樓(11層含以上有電梯),住家用,鋼骨鋼筋混凝土造,,56.54,4.0,2.0,2.0,有,,,7743,136.95,否,,0.0,0,,32.53,4.22,19.79,,121.5053002,25.09818089999997,0,0,0
839,"{'date': '2024-12-18 10:34:29.724604', 'timezone_type': 3, 'timezone': 'Asia/Taipei'}",買賣,南港區,房地(土地+建物),,臺北市中坡北路2號六樓,8.41,,1130911,土地:3建物:1車位:,,六層,,華廈(10層含以下有電梯),住家用,,,43.75,4.0,2.0,2.0,有,無,,3516,80.37,否,,0.0,0,有,,,,建築物含有：陽台外推。,121.581867,25.04447799999998,1,3,4
840,"{'date': '2024-12-18 10:34:29.725842', 'timezone_type': 3, 'timezone': 'Asia/Taipei'}",預售屋,松山區,房地(土地+建物),敦北VOGUE,臺北市松山區南京東路四段66號等,0.93,,1131101,土地:5建物:1車位:,0棟A6-14號,十四層,15.0,住宅大樓(11層含以上有電梯),住家用,鋼筋混凝土造,,11.37,1.0,1.0,1.0,有,,,1748,153.74,否,,0.0,0,,6.12,0.75,4.5,,121.5549923999999,25.05211409999998,2,2,8
841,"{'date': '2024-12-18 10:34:29.727136', 'timezone_type': 3, 'timezone': 'Asia/Taipei'}",租賃,文山區,房屋,,臺北市育英街59之2號二樓,0.0,,1131107,土地:建物:1車位:,,二層,4.0,公寓(無電梯),住家用,,,27.23,2.0,1.0,1.0,有,無,有,3,918.11,否,,0.0,0,,,,,,121.538558,24.99200520000001,1,1,6
842,"{'date': '2024-12-18 10:34:29.728638', 'timezone_type': 3, 'timezone': 'Asia/Taipei'}",買賣,文山區,房地(土地+建物),,臺北市興隆路三段207巷13弄10號二樓,16.88,,1131031,土地:2建物:1車位:,,二層,,公寓(5樓含以下無電梯),住家用,,,34.67,3.0,2.0,2.0,有,無,,1468,42.34,否,,0.0,0,無,,,,建築物含有：陽臺外推。,121.562056,24.99529599999999,0,2,3
843,"{'date': '2024-12-18 10:34:29.730028', 'timezone_type': 3, 'timezone': 'Asia/Taipei'}",買賣,中山區,房地(土地+建物)+車位,,臺北市雙城街23號九樓之3,2.73,,1090620,土地:1建物:1車位:1,,九層,,大樓(11層含以上有電梯),見其他登記事項,,,34.75,3.0,2.0,2.0,有,有,,2600,84.4,否,升降機械1,5.96,170,有,,,,預售屋、或土地及建物分件登記案件。,121.5243628,25.06595419999999,1,5,9
844,"{'date': '2024-12-18 10:34:29.731434', 'timezone_type': 3, 'timezone': 'Asia/Taipei'}",買賣,松山區,房地(土地+建物),,臺北市南京東路五段250巷3號三樓,12.96,,1131030,土地:1建物:1車位:,,"三層,陽臺",,華廈(10層含以下有電梯),住家用,,,52.45,4.0,2.0,2.0,有,有,,1530,29.17,否,,0.0,0,有,,,,關係人間交易：親友、員工、共有人或其他特殊關係間之交易。,121.5658039,25.05055239999998,0,1,6
845,"{'date': '2024-12-18 10:34:29.732773', 'timezone_type': 3, 'timezone': 'Asia/Taipei'}",租賃,大安區,房屋,,臺北市忠孝東路四段319號四樓之1,0.0,,1131105,土地:建物:1車位:,,四層,14.0,辦公商業大樓,見其他登記事項,,,50.3,,,,無,有,無,9,1809.6,否,,0.0,0,,,,,租金：含稅。租賃標的：租賃期間有約定不同租金-甲方同意給予乙方自點交日起至113年12月31日止為免租金搬遷進駐整理期。該期間之管理費、清潔費及水電費由乙方支付。。,121.5561163,25.04160639999999,1,2,10
846,"{'date': '2024-12-18 10:34:29.734136', 'timezone_type': 3, 'timezone': 'Asia/Taipei'}",租賃,中正區,房屋,,臺北市懷寧街17號七樓之3,0.0,,1131104,土地:建物:1車位:,,七層,9.0,華廈(10層含以下有電梯),商業用,,,12.7,1.0,1.0,1.0,有,有,有,2,1480.31,否,,0.0,0,,,,,,121.5143089,25.0456892,2,9,13
847,"{'date': '2024-12-18 10:34:29.735426', 'timezone_type': 3, 'timezone': 'Asia/Taipei'}",買賣,萬華區,土地,,臺北市漢中段三小段0674-0000地號,0.29,,1131120,土地:1建物:0車位:,,,,,,,,0.0,,,,無,無,,53,182.76,-,,0.0,0,無,,,,特殊交易標的類型：(包含)公共設施保留地(用地)。與政府有關之交易：協議價購。,121.5654177,25.03296939999999,2,3,6
848,"{'date': '2024-12-18 10:34:29.736878', 'timezone_type': 3, 'timezone': 'Asia/Taipei'}",買賣,內湖區,房地(土地+建物)+車位,,臺北市內湖路一段91巷57號五樓,4.38,,1130927,土地:1建物:1車位:1,,五層,,大樓(11層含以上有電梯),住家用,,,24.31,3.0,2.0,1.0,有,有,,1638,78.64,否,坡道機械1,5.77,180,有,,,,建築物含有：夾層。,121.5622878,25.08882810000002,0,2,2
849,"{'date': '2024-12-18 10:34:29.738328', 'timezone_type': 3, 'timezone': 'Asia/Taipei'}",預售屋,內湖區,房地(土地+建物)+車位,力麒·寰山,臺北市內湖區麗山里環山路二段23號旁,3.66,,1131021,土地:6建物:1車位:1,0棟A4-5F號,五層,17.0,住宅大樓(11層含以上有電梯),住家用,鋼筋混凝土造,,38.24,2.0,2.0,1.0,有,,,3231,109.75,否,坡道平面1,11.17,260,,16.26,1.21,20.76,,121.5715037999999,25.08608229999997,0,2,2
850,"{'date': '2024-12-18 10:34:29.739781', 'timezone_type': 3, 'timezone': 'Asia/Taipei'}",預售屋,中正區,房地(土地+建物)+車位,南陽龍踞,臺北市中正區黎明里里南陽街,3.48,,1130809,土地:8建物:1車位:1,0棟B號,十層,12.0,住宅大樓(11層含以上有電梯),住家用,鋼筋混凝土造,,38.28,3.0,2.0,2.0,有,,,5345,145.0,否,塔式車位1,3.28,270,,18.81,2.93,16.55,關係人間交易：親友、員工、共有人或其他特殊關係間之交易。,121.5155891,25.04447419999999,3,7,14
851,"{'date': '2024-12-18 10:34:29.741209', 'timezone_type': 3, 'timezone': 'Asia/Taipei'}",買賣,萬華區,房地(土地+建物),,臺北市中華路一段78號十樓之1,1.64,,1131114,土地:1建物:1車位:,,十層,,大樓(11層含以上有電梯),商業用,,,15.79,,,,無,有,,600,38.0,否,,0.0,0,有,,,,關係人間交易：親友、員工、共有人或其他特殊關係間之交易。,121.508804,25.04556400000003,3,6,10
852,"{'date': '2024-12-18 10:34:29.742671', 'timezone_type': 3, 'timezone': 'Asia/Taipei'}",租賃,中山區,房屋,,臺北市中山北路二段65巷10號十二樓之5,0.0,,1131107,土地:建物:1車位:,,十二層,12.0,住宅大樓(11層含以上有電梯),住家用,,,15.36,1.0,1.0,1.0,有,有,有,5,2929.69,否,,0.0,0,,,,,租金：含下列其他衍生費用：管理費、其他-租金內含所得稅、健保補充保費。,121.5240147,25.05696259999999,3,9,15
853,"{'date': '2024-12-18 10:34:29.744058', 'timezone_type': 3, 'timezone': 'Asia/Taipei'}",買賣,內湖區,土地,,臺北市康寧段三小段0654-0002地號,5.37,,1131024,土地:3建物:0車位:,,,,,,,,0.0,,,,無,無,,558,103.91,-,,0.0,0,無,,,,,121.5654268,25.0329636,2,3,6
854,"{'date': '2024-12-18 10:34:29.745445', 'timezone_type': 3, 'timezone': 'Asia/Taipei'}",租賃,大同區,房屋,,臺北市長安西路145巷35號二樓,0.0,,1131101,土地:建物:車位:,,二層,4.0,公寓(無電梯),住家用,,,7.42,4.0,0.0,4.0,有,無,有,2,2156.33,否,,0.0,0,,,,,,121.514864,25.05172700000001,2,8,15
855,"{'date': '2024-12-18 10:34:29.746919', 'timezone_type': 3, 'timezone': 'Asia/Taipei'}",預售屋,松山區,房地(土地+建物),京釀,臺北市松山區南京東路五段２９１巷２９弄２３號,3.36,,1131019,土地:3建物:1車位:0,0棟A3-3F號,三層,8.0,華廈(10層含以下有電梯),住家用,鋼筋混凝土造,,17.01,2.0,1.0,1.0,有,,,2120,124.63,否,,0.0,0,,9.18,1.21,6.61,,121.5668765,25.05295749999998,0,1,3
856,"{'date': '2024-12-18 10:34:29.748425', 'timezone_type': 3, 'timezone': 'Asia/Taipei'}",租賃,中正區,房屋,,臺北市汀州路二段121號十樓之3,0.0,,1131107,土地:建物:1車位:,,十層,10.0,華廈(10層含以下有電梯),住家用,,,13.89,1.0,0.0,1.0,有,有,有,2,1331.89,否,,0.0,0,,,,,,121.5192792,25.02528249999999,2,5,9
857,"{'date': '2024-12-18 10:34:29.749943', 'timezone_type': 3, 'timezone': 'Asia/Taipei'}",買賣,大安區,房地(土地+建物)+車位,,臺北市復興南路一段173號十三樓之5,1.3,,1090510,土地:2建物:1車位:1,,"一層,二層,三層,四層,五層,六層,七層,八層,九層,十層,十一層,十二層,十三層,陽臺,屋頂突出物,騎樓,地下一層,地下二層,地下三層",,大樓(11層含以上有電梯),見其他登記事項,,,16.88,,,,無,有,,2408,158.06,否,升降機械1,3.48,290,有,,,,預售屋、或土地及建物分件登記案件。,121.544262,25.04682800000002,0,8,14
858,"{'date': '2024-12-18 10:34:29.751443', 'timezone_type': 3, 'timezone': 'Asia/Taipei'}",租賃,中正區,房屋,,臺北市和平西路一段56號八樓之6,0.0,,1131104,土地:建物:1車位:,,八層,12.0,住宅大樓(11層含以上有電梯),住家用,,,23.43,2.0,1.0,1.0,有,有,無,3,1109.69,否,,0.0,0,,,,,,121.5195647,25.0263464,2,4,8
859,"{'date': '2024-12-18 10:34:29.752820', 'timezone_type': 3, 'timezone': 'Asia/Taipei'}",租賃,士林區,房屋,,臺北市社中街152巷30號五樓之3,0.0,,1131107,土地:建物:1車位:,,五層,7.0,華廈(10層含以下有電梯),住家用,,,12.12,1.0,0.0,1.0,有,有,有,1,1188.94,否,,0.0,0,,,,,,121.5106016,25.09024069999999,0,0,0
860,"{'date': '2024-12-18 10:34:29.754135', 'timezone_type': 3, 'timezone': 'Asia/Taipei'}",租賃,萬華區,房屋,,臺北市環河南路二段35巷15弄1號,0.0,,1131101,土地:建物:車位:,,一層,3.0,透天厝,住家用,,,17.13,2.0,1.0,1.0,有,無,無,2,0.0,-,,0.0,0,,,,,租賃標的：租賃建物部分範圍，且未計入共有部分面積。,121.4982075,25.0389603,1,1,4
861,"{'date': '2024-12-18 10:34:29.755584', 'timezone_type': 3, 'timezone': 'Asia/Taipei'}",租賃,信義區,房屋,,臺北市松仁路202巷2弄22號三樓,0.0,,1131106,土地:建物:1車位:,,三層,4.0,公寓(無電梯),住家用,,,31.15,3.0,2.0,2.0,有,無,有,3,963.08,否,,0.0,0,,,,,,121.5679175,25.02800570000001,0,2,4
862,"{'date': '2024-12-18 10:34:29.756978', 'timezone_type': 3, 'timezone': 'Asia/Taipei'}",租賃,士林區,房屋,,臺北市重慶北路四段49巷15弄56號四樓之8,0.0,,1131104,土地:建物:1車位:,,四層,5.0,公寓(無電梯),住家用,,,28.73,3.0,2.0,1.0,有,無,有,3,1044.2,否,,0.0,0,,,,,其他：續租案件。,121.511846,25.08199429999998,0,0,2
863,"{'date': '2024-12-18 10:34:29.758441', 'timezone_type': 3, 'timezone': 'Asia/Taipei'}",租賃,大同區,房屋,,臺北市大龍街19號,0.0,,1131102,土地:建物:車位:,,二層,4.0,公寓(無電梯),住家用,,,8.22,3.0,0.0,3.0,有,無,有,2,2068.13,否,,0.0,0,,,,,,121.5160665,25.0636424,3,5,10
864,"{'date': '2024-12-18 10:34:29.759949', 'timezone_type': 3, 'timezone': 'Asia/Taipei'}",買賣,南港區,房地(土地+建物),,臺北市忠孝東路六段144號九樓,9.22,,1130922,土地:2建物:1車位:,,九層,,華廈(10層含以下有電梯),住家用,,,38.56,3.0,2.0,2.0,有,有,,2760,71.58,否,,0.0,0,有,,,,建築物含有：其他增建。,121.5856177,25.0480586,1,3,4
865,"{'date': '2024-12-18 10:34:29.761520', 'timezone_type': 3, 'timezone': 'Asia/Taipei'}",預售屋,內湖區,房地(土地+建物)+車位,力麒·寰山,臺北市內湖區麗山里環山路二段23號旁,3.66,,1131019,土地:6建物:1車位:1,0棟A4-8F號,八層,17.0,住宅大樓(11層含以上有電梯),住家用,鋼筋混凝土造,,38.24,2.0,2.0,1.0,有,,,3333,112.41,否,坡道平面1,11.17,290,,16.26,1.21,20.76,,121.5715037999999,25.08608229999997,0,2,2
866,"{'date': '2024-12-18 10:34:29.763104', 'timezone_type': 3, 'timezone': 'Asia/Taipei'}",租賃,大同區,房屋,,臺北市大龍街19號,0.0,,1131102,土地:建物:車位:,,二層,4.0,公寓(無電梯),住家用,,,8.22,3.0,0.0,3.0,有,無,有,2,2068.13,否,,0.0,0,,,,,,121.5160665,25.0636424,3,5,10
867,"{'date': '2024-12-18 10:34:29.764505', 'timezone_type': 3, 'timezone': 'Asia/Taipei'}",買賣,大安區,房地(土地+建物)+車位,,臺北市復興南路一段368號八樓,22.43,,1131112,土地:1建物:1車位:2,,八層,,大樓(11層含以上有電梯),商業用,,,241.7,,,,無,有,,20574,85.12,是,坡道平面2,0.0,652,有,,,,,121.5432697999999,25.0348322,4,11,16
868,"{'date': '2024-12-18 10:34:29.765935', 'timezone_type': 3, 'timezone': 'Asia/Taipei'}",買賣,文山區,房地(土地+建物),,臺北市萬美街二段49號六樓之1,3.75,,1131111,土地:1建物:1車位:,,六層,,大樓(11層含以上有電梯),住家用,,,11.41,1.0,0.0,1.0,有,有,,680,59.6,否,,0.0,0,有,,,,建築物含有：其他增建。,121.5645898,25.00514440000002,0,3,3
869,"{'date': '2024-12-18 10:34:29.767387', 'timezone_type': 3, 'timezone': 'Asia/Taipei'}",租賃,士林區,房屋,,臺北市磺溪街45號二樓,0.0,,1131104,土地:建物:車位:,,二層,5.0,華廈(10層含以下有電梯),住家用,,,5.75,4.0,2.0,2.0,有,無,有,1,1286.96,否,,0.0,0,,,,,租賃標的：租賃建物部分範圍，且未計入共有部分面積。,121.5229067,25.10700119999999,1,2,3
870,"{'date': '2024-12-18 10:34:29.768761', 'timezone_type': 3, 'timezone': 'Asia/Taipei'}",租賃,文山區,房屋,,臺北市景興路153巷17號二樓之1,0.0,,1131106,土地:建物:1車位:,,二層,12.0,住宅大樓(11層含以上有電梯),住家用,,,8.45,1.0,1.0,1.0,有,有,有,2,2189.35,否,,0.0,0,,,,,,121.5458689,24.99398439999998,0,1,5
871,"{'date': '2024-12-18 10:34:29.770216', 'timezone_type': 3, 'timezone': 'Asia/Taipei'}",租賃,萬華區,房屋,,臺北市峨眉街139、141、143號;環河南路一段75號,0.0,,1131101,土地:建物:車位:,,二層,5.0,透天厝,,,,10.61,20.0,0.0,20.0,有,無,有,1,0.0,-,,0.0,0,,,,,,0.0,0.0,0,0,0
872,"{'date': '2024-12-18 10:34:29.771610', 'timezone_type': 3, 'timezone': 'Asia/Taipei'}",租賃,萬華區,房屋,,臺北市長泰街73巷18號三樓,0.0,,1131101,土地:建物:1車位:,,三層,4.0,公寓(無電梯),住家用,,,19.69,2.0,2.0,1.0,有,無,有,2,914.17,否,,0.0,0,,,,,,121.5002223,25.02188999999998,0,0,0
873,"{'date': '2024-12-18 10:34:29.773069', 'timezone_type': 3, 'timezone': 'Asia/Taipei'}",租賃,中山區,房屋,,臺北市中山北路一段53巷8號二樓之14,0.0,,1131101,土地:建物:1車位:,,二層,12.0,住宅大樓(11層含以上有電梯),住家用,,,10.69,,,,無,無,有,2,1824.13,否,,0.0,0,,,,,,121.5221629,25.0490779,0,8,15
874,"{'date': '2024-12-18 10:34:29.774479', 'timezone_type': 3, 'timezone': 'Asia/Taipei'}",租賃,大同區,房屋,,臺北市太原路80號五樓之3,0.0,,1131105,土地:建物:1車位:,,五層,14.0,住宅大樓(11層含以上有電梯),住家用,,,29.18,2.0,2.0,1.0,有,有,有,3,1182.32,否,,0.0,0,,,,,租金：含下列其他衍生費用：網路費。其他：續租案件。,121.5155452,25.05198120000001,2,8,15
875,"{'date': '2024-12-18 10:34:29.775915', 'timezone_type': 3, 'timezone': 'Asia/Taipei'}",租賃,中山區,房屋,,臺北市德惠街12號六樓之3,0.0,,1131105,土地:建物:1車位:,,六層,13.0,住宅大樓(11層含以上有電梯),見其他登記事項,,,27.26,2.0,1.0,1.0,有,有,有,6,2201.03,否,,0.0,0,,,,,,121.523885,25.06659020000001,0,4,9
876,"{'date': '2024-12-18 10:34:29.777451', 'timezone_type': 3, 'timezone': 'Asia/Taipei'}",預售屋,大安區,房地(土地+建物)+車位,吾雙,臺北市大安區信義路四段408號,3.99,,1131006,土地:19建物:1車位:1,B棟B6-10F號,十層,31.0,住宅大樓(11層含以上有電梯),見其他登記事項,見其他登記事項,,55.0,0.0,0.0,1.0,有,,,8186,174.01,否,坡道平面1,10.83,500,,26.04,1.41,27.55,雨遮計坪不計價,121.5570157,25.03288339999999,1,3,9
877,"{'date': '2024-12-18 10:34:29.778958', 'timezone_type': 3, 'timezone': 'Asia/Taipei'}",買賣,大同區,房地(土地+建物)+車位,,臺北市南京西路41號十三樓之3,2.01,,1130814,土地:1建物:1車位:1,,"一層,地下一層,地下二層,地下三層",,大樓(11層含以上有電梯),見其他登記事項,,,27.21,0.0,2.0,1.0,有,有,,2048,121.14,否,升降平面1,12.45,260,有,,,,建築物含有：夾層。,121.5198683,25.05292529999999,4,7,16
878,"{'date': '2024-12-18 10:34:29.780227', 'timezone_type': 3, 'timezone': 'Asia/Taipei'}",買賣,中山區,土地,,臺北市榮星段五小段0479-0000地號,16.88,,1131113,土地:1建物:0車位:,,,,,,,,0.0,,,,無,無,,500,29.62,-,,0.0,0,無,,,,特殊交易標的類型：(包含)公共設施保留地(用地)。,121.5391412,25.06346679999998,0,2,9
879,"{'date': '2024-12-18 10:34:29.781539', 'timezone_type': 3, 'timezone': 'Asia/Taipei'}",預售屋,萬華區,房地(土地+建物)+車位,龍邦豐馥,臺北市萬華區西園路二段,3.51,,1130929,土地:34建物:1車位:1,1棟B4-13F號,十三層,15.0,住宅大樓(11層含以上有電梯),見其他登記事項,見其他登記事項,,38.59,2.0,2.0,2.0,有,,,2552,89.13,否,坡道平面1,13.66,330,,14.84,1.72,22.03,,121.49519,25.02820049999998,0,1,1
880,"{'date': '2024-12-18 10:34:29.783024', 'timezone_type': 3, 'timezone': 'Asia/Taipei'}",預售屋,北投區,房地(土地+建物)+車位,遠雄泱玥,臺北市北投區福真路,13.2,,1131009,土地:1建物:1車位:2,A02棟F23號,二十三層,24.0,住宅大樓(11層含以上有電梯),住家用,鋼骨鋼筋混凝土造,,89.74,4.0,2.0,3.0,有,,,11173,141.86,否,坡道平面2,15.74,675,,42.67,5.43,41.64,,121.5053002,25.09818089999997,0,0,0
881,"{'date': '2024-12-18 10:34:29.784627', 'timezone_type': 3, 'timezone': 'Asia/Taipei'}",租賃,中山區,房屋,,臺北市農安街22之2號二樓,0.0,,1131105,土地:建物:車位:,,二層,4.0,公寓(無電梯),住家用,,,6.89,4.0,0.0,4.0,有,無,有,1,2104.5,否,,0.0,0,,,,,,121.5251,25.06484000000001,1,6,11
882,"{'date': '2024-12-18 10:34:29.785917', 'timezone_type': 3, 'timezone': 'Asia/Taipei'}",預售屋,北投區,房地(土地+建物)+車位,遠雄泱玥,臺北市北投區福真路,6.58,,1131018,土地:1建物:1車位:1,A03棟F19號,十九層,24.0,住宅大樓(11層含以上有電梯),住家用,鋼骨鋼筋混凝土造,,44.81,3.0,2.0,2.0,有,,,5555,141.85,否,坡道平面1,7.87,315,,21.62,2.4,20.79,,121.5053002,25.09818089999997,0,0,0
883,"{'date': '2024-12-18 10:34:29.787299', 'timezone_type': 3, 'timezone': 'Asia/Taipei'}",租賃,大同區,房屋,,臺北市南京西路57號六樓之5,0.0,,1131105,土地:建物:1車位:,,六層,19.0,住宅大樓(11層含以上有電梯),住家用,,,18.65,1.0,1.0,1.0,有,有,有,5,2466.49,否,,0.0,0,,,,,其他：續租案件。,121.5193985,25.05301530000001,4,7,16
884,"{'date': '2024-12-18 10:34:29.788588', 'timezone_type': 3, 'timezone': 'Asia/Taipei'}",買賣,內湖區,房地(土地+建物),,臺北市新明路498巷8弄2號,4.33,,1131122,土地:1建物:1車位:,,一層,,公寓(5樓含以下無電梯),商業用,,,11.41,2.0,1.0,1.0,有,無,,250,21.91,否,,0.0,0,無,,,,關係人間交易：親友、員工、共有人或其他特殊關係間之交易。,121.5777266,25.0537852,1,2,3
885,"{'date': '2024-12-18 10:34:29.790003', 'timezone_type': 3, 'timezone': 'Asia/Taipei'}",租賃,大安區,房屋,,臺北市四維路52巷17號三樓之1,0.0,,1131107,土地:建物:車位:,,三層,4.0,公寓(無電梯),,,,4.0,5.0,1.0,2.0,有,無,有,1,3700.0,否,,0.0,0,,,,,租金：含下列其他衍生費用：網路費。,121.5471809,25.03518539999997,2,9,14
886,"{'date': '2024-12-18 10:34:29.791482', 'timezone_type': 3, 'timezone': 'Asia/Taipei'}",預售屋,大安區,房地(土地+建物)+車位,吾雙,臺北市大安區信義路四段408號,3.57,,1131004,土地:19建物:1車位:1,B棟B6-22F號,二十二層,31.0,住宅大樓(11層含以上有電梯),住家用,見其他登記事項,,50.39,3.0,2.0,2.0,有,,,8480,199.19,否,坡道平面1,10.83,600,,22.88,3.05,24.47,雨遮計坪不計價,121.5570157,25.03288339999999,1,3,9
887,"{'date': '2024-12-18 10:34:29.792892', 'timezone_type': 3, 'timezone': 'Asia/Taipei'}",買賣,中山區,房地(土地+建物)+車位,,臺北市植福路286巷28號十五樓,20.23,,1130507,土地:1建物:1車位:3,,十五層,,大樓(11層含以上有電梯),住家用,,,179.68,5.0,2.0,5.0,有,有,,29200,190.65,否,坡道平面3,34.39,1500,有,,,,,121.5598334,25.0815748,0,2,4
888,"{'date': '2024-12-18 10:34:29.794431', 'timezone_type': 3, 'timezone': 'Asia/Taipei'}",買賣,中山區,房地(土地+建物),,臺北市民權東路二段135巷32號四樓,5.63,,1130516,土地:1建物:1車位:,,四層,,華廈(10層含以下有電梯),住家用,,,29.09,2.0,2.0,2.0,有,有,,2670,91.78,否,,0.0,0,有,,,,建築物含有：陽台外推。,121.5349124,25.06437480000001,1,3,5
889,"{'date': '2024-12-18 10:34:29.796058', 'timezone_type': 3, 'timezone': 'Asia/Taipei'}",買賣,松山區,房地(土地+建物),,臺北市新中街6巷9號三樓之2,5.63,,1130914,土地:5建物:1車位:,,三層,,華廈(10層含以下有電梯),住家用,,,29.32,2.0,2.0,1.0,有,有,,2655,90.55,否,,0.0,0,有,,,,建築物含有：其他增建。,121.5610478,25.05842039999998,0,1,3
890,"{'date': '2024-12-18 10:34:29.797528', 'timezone_type': 3, 'timezone': 'Asia/Taipei'}",租賃,中山區,房屋+車位,,臺北市北安路578巷8號八樓之1,0.0,,1131105,土地:建物:2車位:2,,八層,9.0,華廈(10層含以下有電梯),住家用,,,94.66,3.0,2.0,3.0,有,有,無,15,1584.62,是,坡道平面2,19.31,0,,,,,租金：含下列其他衍生費用：其他-稅。租賃標的：含有多個門牌且未個別計算租金-台北市中山區北安路578巷8號8樓之1。,121.5488454,25.08079010000002,2,2,2
891,"{'date': '2024-12-18 10:34:29.799062', 'timezone_type': 3, 'timezone': 'Asia/Taipei'}",買賣,中山區,房地(土地+建物),,臺北市農安街28之1號五樓之10,1.12,,1131111,土地:1建物:1車位:,,五層,,大樓(11層含以上有電梯),商業用,,,9.8,1.0,0.0,1.0,有,有,,680,69.39,否,,0.0,0,有,,,,,121.5264079,25.06479990000001,1,6,13
892,"{'date': '2024-12-18 10:34:29.800939', 'timezone_type': 3, 'timezone': 'Asia/Taipei'}",買賣,松山區,房地(土地+建物),,臺北市復興北路369號八樓之3,5.0,,1131102,土地:1建物:1車位:,,八層,,大樓(11層含以上有電梯),商業用,,,44.91,3.0,1.0,0.0,有,有,,3170,70.59,否,,0.0,0,有,,,,,121.5447404,25.06259689999998,1,2,7
893,"{'date': '2024-12-18 10:34:29.802655', 'timezone_type': 3, 'timezone': 'Asia/Taipei'}",預售屋,大安區,房地(土地+建物)+車位,吾雙,臺北市大安區信義路四段408號,5.46,,1131001,土地:19建物:1車位:1,A棟A3-26F號,二十六層,31.0,住宅大樓(11層含以上有電梯),住家用,見其他登記事項,,69.8,3.0,2.0,2.0,有,,,13043,211.01,否,坡道平面1,10.83,600,,34.43,6.02,29.35,,121.5570157,25.03288339999999,1,3,9
894,"{'date': '2024-12-18 10:34:29.804034', 'timezone_type': 3, 'timezone': 'Asia/Taipei'}",預售屋,大安區,房地(土地+建物),吾雙,臺北市大安區信義路四段408號,2.25,,1131102,土地:19建物:1車位:,B棟B2-31F號,三十一層,31.0,住宅大樓(11層含以上有電梯),住家用,見其他登記事項,,26.18,2.0,2.0,1.0,有,,,5780,220.78,否,,0.0,0,,15.09,2.07,9.02,雨遮計坪不計價,121.5570157,25.03288339999999,1,3,9
895,"{'date': '2024-12-18 10:34:29.805405', 'timezone_type': 3, 'timezone': 'Asia/Taipei'}",租賃,中正區,房屋,,臺北市汀州路一段140巷44號,0.0,,1131105,土地:建物:車位:,,一層,2.0,透天厝,,,,5.7,5.0,0.0,5.0,有,無,有,2,0.0,-,,0.0,0,,,,,租金：含下列其他衍生費用：水費、網路費、其他-垃圾處理費。,121.5073622,25.02968930000002,0,1,6
896,"{'date': '2024-12-18 10:34:29.806771', 'timezone_type': 3, 'timezone': 'Asia/Taipei'}",買賣,中正區,土地,,臺北市城中段二小段0351-0002地號,0.72,,1131030,土地:1建物:0車位:,,,,,,,,0.0,,,,無,無,,41,56.94,-,,0.0,0,無,,,,特殊交易標的類型：(包含)公共設施保留地(用地)。與政府有關之交易：協議價購。113年度臺北市政府以容積代金基金採購私有公共設施保留地,121.5230991,25.04720090000001,1,7,15
897,"{'date': '2024-12-18 10:34:29.808127', 'timezone_type': 3, 'timezone': 'Asia/Taipei'}",預售屋,內湖區,房地(土地+建物)+車位,力麒·寰山,臺北市內湖區麗山里環山路二段23號旁,4.87,,1131020,土地:6建物:1車位:1,0棟A6-15F號,十五層,17.0,住宅大樓(11層含以上有電梯),住家用,鋼筋混凝土造,,47.2,3.0,2.0,2.0,有,,,4529,115.99,否,坡道平面1,11.17,350,,21.29,1.98,23.93,,121.5715037999999,25.08608229999997,0,2,2
898,"{'date': '2024-12-18 10:34:29.809537', 'timezone_type': 3, 'timezone': 'Asia/Taipei'}",租賃,文山區,房屋,,臺北市久康街72巷8號二樓,0.0,,1131106,土地:建物:1車位:,,二層,4.0,公寓(無電梯),見其他登記事項,,,43.85,4.0,2.0,2.0,有,無,有,3,592.93,否,,0.0,0,,,,,,121.5667216,24.98975819999998,0,1,2
899,"{'date': '2024-12-18 10:34:29.811111', 'timezone_type': 3, 'timezone': 'Asia/Taipei'}",預售屋,北投區,房地(土地+建物)+車位,遠雄商舟,臺北市北投區洲美里福美路與福善路,28.13,,1131105,土地:1建物:1車位:5,A棟A2-12F號,十二層,18.0,辦公商業大樓,商業用,鋼筋混凝土造,,240.4,,,,無,,,15377,69.09,否,坡道平面5,36.01,1255,,111.39,7.22,121.79,,121.5066163,25.100495,0,0,0
900,"{'date': '2024-12-18 10:34:29.812934', 'timezone_type': 3, 'timezone': 'Asia/Taipei'}",買賣,士林區,房地(土地+建物),,臺北市明溪街35巷4號,27.13,,1130821,土地:2建物:1車位:,,一層,,公寓(5樓含以下無電梯),住家用,,,31.38,4.0,2.0,2.0,有,無,,1750,55.77,否,,0.0,0,無,,,,建築物含有：其他增建。增建一房及廚房,121.564701,25.10542630000002,0,0,0
901,"{'date': '2024-12-18 10:34:29.814627', 'timezone_type': 3, 'timezone': 'Asia/Taipei'}",買賣,大安區,房地(土地+建物),,臺北市延吉街62巷6弄1號二樓,9.59,,1130413,土地:1建物:1車位:,,二層,,華廈(10層含以下有電梯),住家用,,,45.3,4.0,2.0,2.0,有,有,,4088,90.24,否,,0.0,0,有,,,,建築物含有：其他增建、陽台外推。,121.5532426,25.04355090000001,0,4,14
902,"{'date': '2024-12-18 10:34:29.816166', 'timezone_type': 3, 'timezone': 'Asia/Taipei'}",租賃,信義區,房屋,,臺北市松山路261之2號四樓,0.0,,1131107,土地:建物:1車位:,,四層,4.0,公寓(無電梯),住家用,,,22.88,3.0,2.0,1.0,有,無,有,2,1005.24,否,,0.0,0,,,,,,121.5779919,25.04380079999999,1,3,5
903,"{'date': '2024-12-18 10:34:29.818263', 'timezone_type': 3, 'timezone': 'Asia/Taipei'}",租賃,中山區,房屋,,臺北市中山北路一段105巷12號六樓之2,0.0,,1131102,土地:建物:1車位:,,六層,10.0,華廈(10層含以下有電梯),見其他登記事項,,,16.61,1.0,1.0,1.0,有,有,有,5,2709.21,否,,0.0,0,,,,,其他：續租案件。,121.5237076,25.05057030000003,0,10,19
904,"{'date': '2024-12-18 10:34:29.819786', 'timezone_type': 3, 'timezone': 'Asia/Taipei'}",買賣,信義區,房地(土地+建物),,臺北市富陽街38號三樓,13.82,,1130830,土地:1建物:1車位:,,三層,,華廈(10層含以下有電梯),住家用,,,68.03,10.0,0.0,10.0,有,無,,3928,57.74,否,,0.0,0,有,,,,建築物含有：陽台外推、其他增建。,121.5562613,25.02272460000002,0,1,4
905,"{'date': '2024-12-18 10:34:29.821280', 'timezone_type': 3, 'timezone': 'Asia/Taipei'}",買賣,中正區,房地(土地+建物),,臺北市金山北路1號八樓之3,34.03,,1130524,土地:1建物:15車位:,,八層,,大樓(11層含以上有電梯),見其他登記事項,,,249.3,16.0,0.0,16.0,有,有,,19944,80.0,否,,0.0,0,有,,,,,121.5303838,25.04393550000002,3,6,18
906,"{'date': '2024-12-18 10:34:29.822623', 'timezone_type': 3, 'timezone': 'Asia/Taipei'}",買賣,中山區,房地(土地+建物),,臺北市龍江路429巷16號四樓,4.27,,1130808,土地:1建物:2車位:,,四層,,華廈(10層含以下有電梯),住家用,,,22.21,2.0,1.0,1.0,有,有,,2000,90.05,否,,0.0,0,有,,,,建築物含有：夾層、其他增建。,121.5418141,25.06671779999998,0,1,3
907,"{'date': '2024-12-18 10:34:29.823958', 'timezone_type': 3, 'timezone': 'Asia/Taipei'}",買賣,松山區,房地(土地+建物),,臺北市南京東路三段335巷5號六樓之4,1.79,,1131113,土地:1建物:1車位:,,六層,,華廈(10層含以下有電梯),住家用,,,9.29,1.0,0.0,1.0,有,有,,1020,109.8,否,,0.0,0,有,,,,建築物含有：陽台外推、其他增建。,121.5475026,25.05243689999999,3,5,13
908,"{'date': '2024-12-18 10:34:29.825296', 'timezone_type': 3, 'timezone': 'Asia/Taipei'}",買賣,中山區,房地(土地+建物),,臺北市天祥路80號三樓之12,1.11,,1130921,土地:1建物:1車位:,,三層,,大樓(11層含以上有電梯),住家用,,,12.15,2.0,2.0,1.0,有,有,,1350,111.11,否,,0.0,0,有,,,,建築物含有：陽台外推、夾層、其他增建。,121.5204318,25.06398909999999,2,8,11
909,"{'date': '2024-12-18 10:34:29.826844', 'timezone_type': 3, 'timezone': 'Asia/Taipei'}",租賃,內湖區,房屋,,臺北市內湖路二段179巷46弄41號五樓,0.0,,1131105,土地:0建物:1車位:,,五層,5.0,公寓(無電梯),住家用,,,31.91,3.0,2.0,1.0,有,有,無,2,623.63,否,,0.0,0,,,,,其他：續租案件。,121.585179,25.0829433,0,2,2
910,"{'date': '2024-12-18 10:34:29.828232', 'timezone_type': 3, 'timezone': 'Asia/Taipei'}",租賃,中正區,房屋,,臺北市汀州路三段213號,0.0,,1131029,土地:建物:1車位:,,一層,4.0,店面(店鋪),住家用,,,16.98,1.0,0.0,1.0,有,無,無,12,6772.67,否,,0.0,0,,,,,"租賃標的：含增建或未登記建物、租賃期間有約定不同租金-113年12月1日至114年11月30日租金115000元/月(未稅),114年12月1日至116年11月30日租金120000元/月(未稅)。",121.5337041,25.01418899999997,1,2,3
911,"{'date': '2024-12-18 10:34:29.829538', 'timezone_type': 3, 'timezone': 'Asia/Taipei'}",租賃,中山區,房屋,,臺北市長春路128之1號三樓,0.0,,1131106,土地:建物:車位:,,三層,4.0,公寓(無電梯),住家用,,,6.63,4.0,1.0,3.0,有,無,有,1,2036.2,否,,0.0,0,,,,,,121.5308377,25.05474659999997,2,4,19
912,"{'date': '2024-12-18 10:34:29.830838', 'timezone_type': 3, 'timezone': 'Asia/Taipei'}",租賃,萬華區,房屋,,臺北市長沙街二段71之1號,0.0,,1131101,土地:建物:車位:,,五層,5.0,透天厝,,,,5.04,24.0,2.0,15.0,有,無,有,1,0.0,-,,0.0,0,,,,,,121.5052217,25.04064249999998,2,4,8
913,"{'date': '2024-12-18 10:34:29.832149', 'timezone_type': 3, 'timezone': 'Asia/Taipei'}",買賣,信義區,房地(土地+建物),,臺北市富陽街91號五樓,5.99,,1130914,土地:1建物:1車位:,,五層,,華廈(10層含以下有電梯),住家用,,,32.8,3.0,2.0,2.0,有,無,,2000,60.98,否,,0.0,0,有,,,,關係人間交易：親友、員工、共有人或其他特殊關係間之交易。,121.5568436,25.02123679999998,1,1,4
914,"{'date': '2024-12-18 10:34:29.833521', 'timezone_type': 3, 'timezone': 'Asia/Taipei'}",買賣,內湖區,房地(土地+建物),,臺北市文湖街21巷118弄8號七樓,9.37,,1131001,土地:1建物:1車位:,,七層,,華廈(10層含以下有電梯),住家用,,,39.11,3.0,2.0,2.0,有,有,,2388,61.06,否,,0.0,0,有,,,,,121.5597147,25.09162889999999,0,0,2
915,"{'date': '2024-12-18 10:34:29.834961', 'timezone_type': 3, 'timezone': 'Asia/Taipei'}",預售屋,文山區,房地(土地+建物)+車位,將捷旅境.-真境,臺北市文山區木柵路二段１６８巷１號,4.02,,1131107,土地:26建物:1車位:1,A棟A2-4F號,四層,22.0,住宅大樓(11層含以上有電梯),見其他登記事項,鋼筋混凝土造,,36.1,2.0,2.0,1.0,有,,,2722,91.94,否,坡道平面1,9.92,315,,14.94,2.8,18.35,雨遮面積登記不計價,121.562478,24.988687,0,0,2
916,"{'date': '2024-12-18 10:34:29.836312', 'timezone_type': 3, 'timezone': 'Asia/Taipei'}",預售屋,中正區,房地(土地+建物)+車位,南陽龍踞,臺北市中正區黎明里里南陽街,3.15,,1130918,土地:8建物:1車位:1,0棟Ｂ號,五層,12.0,住宅大樓(11層含以上有電梯),住家用,鋼筋混凝土造,,34.95,2.0,1.0,2.0,有,,,4884,145.69,否,塔式車位1,3.28,270,,17.63,2.04,15.29,,121.5155891,25.04447419999999,3,7,14
917,"{'date': '2024-12-18 10:34:29.837658', 'timezone_type': 3, 'timezone': 'Asia/Taipei'}",買賣,內湖區,房地(土地+建物)+車位,,臺北市瑞光路408號三樓之5,28.87,,1131107,土地:1建物:1車位:5,,三層,,大樓(11層含以上有電梯),工業用,,,221.04,0.0,1.0,0.0,有,有,,12355,55.89,是,坡道平面5,0.0,1000,有,,,,,121.5704929,25.0780877,0,2,3
918,"{'date': '2024-12-18 10:34:29.839044', 'timezone_type': 3, 'timezone': 'Asia/Taipei'}",買賣,內湖區,房地(土地+建物),,臺北市成功路二段312巷1號,9.98,,1131017,土地:1建物:1車位:,,"一層,停車場",,公寓(5樓含以下無電梯),商業用,,,25.7,3.0,2.0,1.0,有,無,,1950,75.88,否,,0.0,0,無,,,,,121.5902837,25.067302,0,0,1
919,"{'date': '2024-12-18 10:34:29.840292', 'timezone_type': 3, 'timezone': 'Asia/Taipei'}",租賃,中山區,房屋,,臺北市松江路8號十二樓之19,0.0,,1131106,土地:建物:1車位:,,十二層,12.0,住宅大樓(11層含以上有電梯),住家用,,,11.33,1.0,0.0,1.0,有,有,有,2,1676.96,否,,0.0,0,,,,,其他：續租案件。,121.5327323,25.04649779999999,0,6,16
